file,label,source,image_url,landing_url,creator,license
cilantro/openverse_8c1be905-e507-41e3-a184-2d2d5d47eb48.jpg,cilantro,openverse:flickr,https://live.staticflickr.com/3143/2648343226_58f61f7ed3_b.jpg,https://www.flickr.com/photos/98545783@N00/2648343226,Qfamily,cc-by 2.0
cilantro/openverse_84a5ba7e-5e35-468a-bf9a-dee44484acc7.jpg,cilantro,openverse:flickr,https://live.staticflickr.com/5266/5620131626_3dd36109ac_b.jpg,https://www.flickr.com/photos/58545726@N02/5620131626,cookbookman17,cc-by 2.0
cilantro/openverse_36012e91-02e7-47c9-8275-d563454889be.jpg,cilantro,openverse:flickr,https://live.staticflickr.com/3642/3393624835_0a23f52ee5_b.jpg,https://www.flickr.com/photos/25128194@N02/3393624835,Vegan Feast Catering,cc-by 2.0
cilantro/openverse_bbbd7f5a-3f9c-47f2-8664-92417362617a.jpg,cilantro,openverse:flickr,https://live.staticflickr.com/2293/2122160518_e12e3043a5_b.jpg,https://www.flickr.com/photos/10559879@N00/2122160518,avlxyz,cc-by-sa 2.0
cilantro/openverse_b63d983e-5482-4499-b86c-e17823c56f43.jpg,cilantro,openverse:flickr,https://live.staticflickr.com/4016/5076901518_69539dff50_b.jpg,https://www.flickr.com/photos/72949902@N00/5076901518,TheCulinaryGeek,cc-by 2.0
cilantro/openverse_52a7db3e-4789-41d3-9934-c98de7975554.jpg,cilantro,openverse:flickr,https://live.staticflickr.com/4061/4697152537_78ecbd2d96_b.jpg,https://www.flickr.com/photos/29159285@N00/4697152537,karen.tkr,cc-by 2.0
cilantro/openverse_fcdb82b7-b692-48ef-8ccd-5b200cb58ddd.jpg,cilantro,openverse:flickr,https://live.staticflickr.com/5187/5574476038_5725e55786_b.jpg,https://www.flickr.com/photos/94661162@N00/5574476038,joannapoe,cc-by-sa 2.0
cilantro/openverse_316a269d-bac6-4ab5-80e2-f6be4e5c901e.jpg,cilantro,openverse:flickr,https://live.staticflickr.com/4098/4905066972_4a031d5029.jpg,https://www.flickr.com/photos/28958738@N06/4905066972,Public Domain Photos,cc-by 2.0
cilantro/openverse_d9c6530d-a2c3-488a-9cdf-50a808dfa3d0.jpg,cilantro,openverse:flickr,https://live.staticflickr.com/3771/10178166443_5a7852bf4c_b.jpg,https://www.flickr.com/photos/7927684@N03/10178166443,jeffreyw,cc-by 2.0
cilantro/openverse_919e10fe-de5f-4ff6-9af8-1f27540fdb86.jpg,cilantro,openverse:flickr,https://live.staticflickr.com/3275/2631618524_76b3eed5b9_b.jpg,https://www.flickr.com/photos/94513428@N00/2631618524,suavehouse113,cc-by-nd 2.0
cilantro/openverse_e580682b-d7a0-4b8c-9dd9-87e354bf7e7d.jpg,cilantro,openverse:flickr,https://live.staticflickr.com/3240/2952527713_53c7bce999_b.jpg,https://www.flickr.com/photos/36521987313@N01/2952527713,PetroleumJelliffe,cc-by-nd 2.0
cilantro/openverse_8cf77a20-4cf3-4bf7-81f7-c512bc828958.jpg,cilantro,openverse:flickr,https://live.staticflickr.com/7280/7594946976_be06887fd0_b.jpg,https://www.flickr.com/photos/82815184@N03/7594946976,You As A Machine,cc-by-sa 2.0
cilantro/openverse_9bf65255-82ee-402c-a96c-be825764a907.jpg,cilantro,openverse:flickr,https://live.staticflickr.com/85/222095000_22082ee5d4_b.jpg,https://www.flickr.com/photos/47038415@N00/222095000,Augapfel,cc-by 2.0
cilantro/openverse_98e12d6a-7947-47b1-b708-f682421f8fb3.jpg,cilantro,openverse:flickr,https://live.staticflickr.com/7275/7594423370_28d1e772b0_b.jpg,https://www.flickr.com/photos/82815184@N03/7594423370,You As A Machine,cc-by-sa 2.0
cilantro/openverse_19fe1e0e-4ebf-4c71-ac8d-cac580ca658a.jpg,cilantro,openverse:flickr,https://live.staticflickr.com/4149/4974713691_01abe94c37_b.jpg,https://www.flickr.com/photos/84335369@N00/4974713691,trenttsd,cc-by 2.0
cilantro/openverse_b8a53c06-96ed-4daa-9503-644636af34c6.jpg,cilantro,openverse:flickr,https://live.staticflickr.com/7462/15804684666_730d30ff92.jpg,https://www.flickr.com/photos/52696904@N03/15804684666,J@YGS,cc-by-sa 2.0
cilantro/openverse_c194ec6a-c536-49dc-b245-6d5324c469e7.jpg,cilantro,openverse:flickr,https://live.staticflickr.com/8173/8016422288_6d1a2bc1fe.jpg,https://www.flickr.com/photos/44124382101@N01/8016422288,atlnav,cc-by-nd 2.0
cilantro/openverse_430cd88b-debb-48d0-a2d4-9449686eaff7.jpg,cilantro,openverse:flickr,https://live.staticflickr.com/7060/6993731457_f9ffa9b78a_b.jpg,https://www.flickr.com/photos/47854142@N04/6993731457,TheHungryDudes,cc-by 2.0
cilantro/openverse_e31bb3be-7ce4-4416-9896-ceccda2b3675.jpg,cilantro,openverse:flickr,https://live.staticflickr.com/3108/2797659643_ea8d15e75b_b.jpg,https://www.flickr.com/photos/74551611@N00/2797659643,SanFranAnnie,cc-by-sa 2.0
cilantro/openverse_e43c0c4a-be1f-488e-938d-e0b1da864e15.jpg,cilantro,openverse:flickr,https://live.staticflickr.com/1465/24570484186_5cbf5ee194_b.jpg,https://www.flickr.com/photos/91873384@N04/24570484186,dalecruse,cc-by 2.0
cilantro/openverse_a2fe2cb4-d335-49f0-bd71-dbbc90c4c946.jpg,cilantro,openverse:flickr,https://live.staticflickr.com/4005/5076902674_42cc566f9c_b.jpg,https://www.flickr.com/photos/72949902@N00/5076902674,TheCulinaryGeek,cc-by 2.0
cilantro/openverse_af841042-5097-47b4-a288-0c05a223d6f7.jpg,cilantro,openverse:flickr,https://live.staticflickr.com/36/77304857_2dfc1f114a_b.jpg,https://www.flickr.com/photos/34608250@N00/77304857,Christian Frausto Bernal,cc-by-sa 2.0
cilantro/openverse_ea4ca5da-aa7a-4b0f-9446-08debc0baf15.jpg,cilantro,openverse:flickr,https://live.staticflickr.com/2296/2404689541_693ae78a6c.jpg,https://www.flickr.com/photos/22198928@N00/2404689541,thebittenword.com,cc-by 2.0
cilantro/openverse_b3163f4a-7148-4f9f-8cbd-78bbb3756390.jpg,cilantro,openverse:flickr,https://live.staticflickr.com/7216/7142679947_da5842a0a4_b.jpg,https://www.flickr.com/photos/7927684@N03/7142679947,jeffreyw,cc-by 2.0
cilantro/openverse_ca408812-5c53-4711-b182-61b132908bb1.jpg,cilantro,openverse:flickr,https://live.staticflickr.com/4059/4226082901_bbfae5d34c_b.jpg,https://www.flickr.com/photos/22662305@N04/4226082901,jlastras,cc-by 2.0
cilantro/openverse_6e975c53-d175-4992-9d82-a07e7f8b8803.jpg,cilantro,openverse:flickr,https://live.staticflickr.com/7249/7143561183_425966a05a_b.jpg,https://www.flickr.com/photos/7927684@N03/7143561183,jeffreyw,cc-by 2.0
cilantro/openverse_a74b67f6-6818-46b0-bd23-c64e169610de.jpg,cilantro,openverse:flickr,https://live.staticflickr.com/2217/2388782556_507f27eed1.jpg,https://www.flickr.com/photos/22198928@N00/2388782556,thebittenword.com,cc-by 2.0
cilantro/openverse_e220b7b9-462a-48e5-b148-e6aa841479d9.jpg,cilantro,openverse:flickr,https://live.staticflickr.com/2104/2387952975_866a53997b.jpg,https://www.flickr.com/photos/22198928@N00/2387952975,thebittenword.com,cc-by 2.0
cilantro/openverse_a9c66f78-b1bf-4bd3-9970-50c799cf5ff6.jpg,cilantro,openverse:flickr,https://live.staticflickr.com/3661/3505814899_b0edae08e0_b.jpg,https://www.flickr.com/photos/29820142@N08/3505814899,odonata98 (Kimberly Reinhart),cc-by-nd 2.0
cilantro/openverse_db45ba4c-5686-491a-8764-ef60ba4e9dc8.jpg,cilantro,openverse:flickr,https://live.staticflickr.com/5246/5362912898_5bd8a54891_b.jpg,https://www.flickr.com/photos/8047705@N02/5362912898,LifeSupercharger,cc-by 2.0
not_cilantro/openverse_5cbfb9ce-b5be-4885-8d91-b75bd3cd5418.jpg,not_cilantro,openverse:flickr,https://live.staticflickr.com/65535/54551288219_78654b919f_b.jpg,https://www.flickr.com/photos/202846129@N03/54551288219,nenadstojkovicart,cc-by 2.0
not_cilantro/openverse_aa2f15b9-f1af-4b5d-b0d2-a456fa0201e6.jpg,not_cilantro,openverse:flickr,https://live.staticflickr.com/4110/5005815660_b2308c3362_b.jpg,https://www.flickr.com/photos/7927684@N03/5005815660,jeffreyw,cc-by 2.0
not_cilantro/openverse_a1da1843-253b-484e-8d93-8cd88d34308e.jpg,not_cilantro,openverse:flickr,https://live.staticflickr.com/8526/8456937410_2f8a694714_b.jpg,https://www.flickr.com/photos/41284017@N08/8456937410,USDAgov,cc-by 2.0
not_cilantro/openverse_0612f56e-0306-4fb8-a7fe-79c2291eb52b.jpg,not_cilantro,openverse:flickr,https://live.staticflickr.com/3051/3004783596_a448f121cd_b.jpg,https://www.flickr.com/photos/94513428@N00/3004783596,suavehouse113,cc-by 2.0
not_cilantro/openverse_177a25e1-1375-4241-82b5-d13ca5976715.jpg,not_cilantro,openverse:flickr,https://live.staticflickr.com/4135/4904477507_bcb1946bdb.jpg,https://www.flickr.com/photos/28958738@N06/4904477507,Public Domain Photos,cc-by 2.0
not_cilantro/openverse_57b0518e-a358-49c2-9f80-6f8712af0ed8.jpg,not_cilantro,openverse:flickr,https://live.staticflickr.com/3147/2564842396_e44756bcfe_b.jpg,https://www.flickr.com/photos/26978304@N08/2564842396,thienzieyung,cc-by 2.0
not_cilantro/openverse_327f359d-d26d-4387-aa83-82e9735d95e4.jpg,not_cilantro,openverse:flickr,https://live.staticflickr.com/54/127897175_3844e39bb4_b.jpg,https://www.flickr.com/photos/70387215@N00/127897175,paurian,cc-by 2.0
not_cilantro/openverse_d19bde8d-2c44-45c7-85d1-a17615c1f59c.jpg,not_cilantro,openverse:flickr,https://live.staticflickr.com/2053/2218090957_993ed6d53e_b.jpg,https://www.flickr.com/photos/98545783@N00/2218090957,Qfamily,cc-by 2.0
not_cilantro/openverse_2e91d734-3daf-4df8-876f-645e276b430a.jpg,not_cilantro,openverse:flickr,https://live.staticflickr.com/7298/12001454755_cc2b6cb3aa_b.jpg,https://www.flickr.com/photos/25977089@N00/12001454755,goblinbox_(queen_of_ad_hoc_bento),cc-by 2.0
not_cilantro/openverse_6d86e146-1182-4faa-8f07-0cee8956e6ce.jpg,not_cilantro,openverse:flickr,https://live.staticflickr.com/8363/8373209008_7d61fccb72.jpg,https://www.flickr.com/photos/8862055@N02/8373209008,NoSoma,cc-by 2.0
not_cilantro/openverse_39c6746c-c30f-4364-bf97-c17977067bff.jpg,not_cilantro,openverse:flickr,https://live.staticflickr.com/4099/4822088795_7f4d2e1d26_b.jpg,https://www.flickr.com/photos/10559879@N00/4822088795,avlxyz,cc-by-sa 2.0
not_cilantro/openverse_14287ab2-d1d6-4eda-b78e-3084cd23da30.jpg,not_cilantro,openverse:flickr,https://live.staticflickr.com/4137/4883553592_db1c6a30bf_b.jpg,https://www.flickr.com/photos/48889861@N05/4883553592,Kirsten Loza,cc-by 2.0
not_cilantro/openverse_3b5fb41b-bd84-4576-9b26-f6eea2e32570.jpg,not_cilantro,openverse:flickr,https://live.staticflickr.com/6075/6111388165_9bc28a4da7_b.jpg,https://www.flickr.com/photos/27345927@N07/6111388165,russellstreet,cc-by-sa 2.0
not_cilantro/openverse_300ce592-c4e4-4e72-b400-5da0319a77cb.jpg,not_cilantro,openverse:flickr,https://live.staticflickr.com/8040/8004971493_a818f9291e.jpg,https://www.flickr.com/photos/12052457@N06/8004971493,E Vön Zita,cc-by 2.0
not_cilantro/openverse_5bd39643-fd53-4194-b613-06f541baf5b3.jpg,not_cilantro,openverse:flickr,https://live.staticflickr.com/4122/4931720814_fae53ecb83_b.jpg,https://www.flickr.com/photos/29120766@N07/4931720814,Silverman68,cc-by 2.0
not_cilantro/openverse_a73571ee-1698-434b-8980-8d100c421615.jpg,not_cilantro,openverse:flickr,https://live.staticflickr.com/4123/4931132639_06cd9dd358_b.jpg,https://www.flickr.com/photos/29120766@N07/4931132639,Silverman68,cc-by 2.0
not_cilantro/openverse_af2b6f33-d996-4f1b-971c-7b20d2c11e4c.jpg,not_cilantro,openverse:flickr,https://live.staticflickr.com/4191/34592108701_72a810a6c9_b.jpg,https://www.flickr.com/photos/50697352@N00/34592108701,F. D. Richards,cc-by-sa 2.0
not_cilantro/openverse_05dabc8a-3e43-47e4-82ad-f5823032291c.jpg,not_cilantro,openverse:flickr,https://live.staticflickr.com/4170/34682985486_ae16385dfa_b.jpg,https://www.flickr.com/photos/50697352@N00/34682985486,F. D. Richards,cc-by-sa 2.0
not_cilantro/openverse_c67ff91e-fe5e-4a46-a85a-7f49d85f15ce.jpg,not_cilantro,openverse:flickr,https://live.staticflickr.com/627/35170415664_9182d0018f_b.jpg,https://www.flickr.com/photos/96665270@N00/35170415664,SBT4NOW,cc-by-sa 2.0
not_cilantro/openverse_2f88c5a3-c6cf-4d07-9a44-94ea28d516f7.jpg,not_cilantro,openverse:flickr,https://live.staticflickr.com/4327/35199449813_1e0dab86b9_b.jpg,https://www.flickr.com/photos/96665270@N00/35199449813,SBT4NOW,cc-by-sa 2.0
not_cilantro/openverse_1210802f-ab38-4353-a999-3cf2d5f18278.jpg,not_cilantro,openverse:flickr,https://live.staticflickr.com/4103/4973343222_2862b4b529_b.jpg,https://www.flickr.com/photos/25977089@N00/4973343222,goblinbox_(queen_of_ad_hoc_bento),cc-by 2.0
not_cilantro/openverse_5279df4b-2b6a-4988-b2fc-afed2ecfb7ba.jpg,not_cilantro,openverse:flickr,https://live.staticflickr.com/5071/5893571375_0a62ea8865_b.jpg,https://www.flickr.com/photos/16533831@N03/5893571375,woodenmask,cc-by-sa 2.0
not_cilantro/openverse_63cd6344-72ae-452a-a6c5-7de79119fa6b.jpg,not_cilantro,openverse:flickr,https://live.staticflickr.com/2339/2612820250_df51f13130_b.jpg,https://www.flickr.com/photos/24017765@N04/2612820250,brenbot,cc-by 2.0
not_cilantro/openverse_aefcdc5f-9397-4cbb-b6be-b26e4ab72e11.jpg,not_cilantro,openverse:flickr,https://live.staticflickr.com/2370/3536961685_a038f92f8e_b.jpg,https://www.flickr.com/photos/11112304@N00/3536961685,wonderyort,cc-by-sa 2.0
not_cilantro/openverse_ee482132-1d6d-4050-8402-9caf14093d26.jpg,not_cilantro,openverse:flickr,https://live.staticflickr.com/3252/2611987297_f209e50a4b_b.jpg,https://www.flickr.com/photos/24017765@N04/2611987297,brenbot,cc-by 2.0
not_cilantro/openverse_e7c76fbe-c119-4068-8ea2-fba3f1a54ed3.jpg,not_cilantro,openverse:flickr,https://live.staticflickr.com/3029/2788828518_ec62ea109b_b.jpg,https://www.flickr.com/photos/95926172@N00/2788828518,gaku.,cc-by 2.0
not_cilantro/openverse_828d64bf-6e68-482f-a5ac-e30e6eaa0e65.jpg,not_cilantro,openverse:flickr,https://live.staticflickr.com/3720/12732832215_03576c90ce.jpg,https://www.flickr.com/photos/44124306710@N01/12732832215,dahon,cc-by-nd 2.0
not_cilantro/openverse_a443f2ac-35bb-4a0a-8ad6-a1fe9bda33c9.jpg,not_cilantro,openverse:flickr,https://live.staticflickr.com/2590/3682155309_fb1a251c33_b.jpg,https://www.flickr.com/photos/80093862@N00/3682155309,Gudlyf,cc-by 2.0
not_cilantro/openverse_9bdf51b0-ad28-4198-bb5e-50ad7eb6a6a5.jpg,not_cilantro,openverse:flickr,https://live.staticflickr.com/8715/17112220796_d4d6b2fcf4_b.jpg,https://www.flickr.com/photos/67872859@N00/17112220796,IainCameron,cc-by 2.0
not_cilantro/openverse_f50a3fc9-34d5-4bf7-bdc8-19316257b324.jpg,not_cilantro,openverse:flickr,https://live.staticflickr.com/7673/16951971559_2f42b62e96_b.jpg,https://www.flickr.com/photos/67872859@N00/16951971559,IainCameron,cc-by 2.0
not_cilantro/openverse_a9de1a61-00c1-4ac5-96a7-777e6b029ff9.jpg,not_cilantro,openverse:flickr,https://live.staticflickr.com/1434/562522966_a977f56122_b.jpg,https://www.flickr.com/photos/19517696@N00/562522966,shawnzrossi,cc-by 2.0
not_cilantro/openverse_ad9e8f5d-c6fc-4b3c-b409-42c6cdb3e06d.jpg,not_cilantro,openverse:flickr,https://live.staticflickr.com/2538/3954136661_4bbe6e3991_b.jpg,https://www.flickr.com/photos/12670507@N02/3954136661,gamene,cc-by 2.0
not_cilantro/openverse_fdaee004-1e32-4849-86b0-cc16a8485025.jpg,not_cilantro,openverse:flickr,https://live.staticflickr.com/7027/6738184447_e6edec5739_b.jpg,https://www.flickr.com/photos/31599292@N00/6738184447,JamesCohen,cc-by 2.0
not_cilantro/openverse_9b3d1d9d-b604-4620-ba25-ae02d6f24ca3.jpg,not_cilantro,openverse:flickr,https://live.staticflickr.com/2334/1544063213_a96d5be5e8_b.jpg,https://www.flickr.com/photos/23401669@N00/1544063213,Son of Groucho,cc-by 2.0
not_cilantro/openverse_ad37f65b-6d6c-4dfc-9c87-f8e039f8b9f8.jpg,not_cilantro,openverse:flickr,https://live.staticflickr.com/6107/6280116531_7fbd95c46c_b.jpg,https://www.flickr.com/photos/25977089@N00/6280116531,goblinbox_(queen_of_ad_hoc_bento),cc-by 2.0
not_cilantro/openverse_65a5fd91-ed26-48df-a957-30e3b143b131.jpg,not_cilantro,openverse:flickr,https://live.staticflickr.com/4130/5210343817_52e6e98dd9_b.jpg,https://www.flickr.com/photos/94513428@N00/5210343817,suavehouse113,cc-by 2.0
not_cilantro/openverse_7953f0f3-75f3-4528-9e59-ebe6f386b8a3.jpg,not_cilantro,openverse:flickr,https://live.staticflickr.com/7624/28394825414_f3a150a54e_b.jpg,https://www.flickr.com/photos/41284017@N08/28394825414,USDAgov,cc-pdm 1.0
not_cilantro/openverse_384a696f-a302-4542-a4ee-2578d45eff03.jpg,not_cilantro,openverse:flickr,https://live.staticflickr.com/5293/5459188914_9802876cc1_b.jpg,https://www.flickr.com/photos/57042181@N05/5459188914,jplahm,cc-by-nd 2.0
not_cilantro/openverse_7c5a3fb1-1ebf-466e-b2ca-652d900f7f07.jpg,not_cilantro,openverse:flickr,https://live.staticflickr.com/2586/3713286510_4bab65846e_b.jpg,https://www.flickr.com/photos/25128194@N02/3713286510,Vegan Feast Catering,cc-by 2.0
not_cilantro/openverse_01e2a284-9bc8-4a64-ac11-04eb9b729a42.jpg,not_cilantro,openverse:flickr,https://live.staticflickr.com/3066/3041677946_b88fa29d3d.jpg,https://www.flickr.com/photos/89626269@N00/3041677946,redazadi,cc-by 2.0
not_cilantro/openverse_f8110035-13b6-4037-b6a0-fb9a7680fa23.jpg,not_cilantro,openverse:flickr,https://live.staticflickr.com/7540/27034861725_e9065476a8_b.jpg,https://www.flickr.com/photos/8489692@N03/27034861725,katerha,cc-by 2.0
not_cilantro/openverse_23f60287-e898-4bfc-a15d-b7acfeb21562.jpg,not_cilantro,openverse:flickr,https://live.staticflickr.com/2572/3702787869_39e163e04d_b.jpg,https://www.flickr.com/photos/25128194@N02/3702787869,Vegan Feast Catering,cc-by 2.0
not_cilantro/openverse_0a19d952-2a79-45af-be7d-1d1678b49d5b.jpg,not_cilantro,openverse:flickr,https://live.staticflickr.com/21/34176870_baad35b513_b.jpg,https://www.flickr.com/photos/97844767@N00/34176870,WordRidden,cc-by 2.0
not_cilantro/openverse_ffb22675-c9ad-4c0f-9bc7-bead173d9a49.jpg,not_cilantro,openverse:flickr,https://live.staticflickr.com/120/262138739_3ebdbe869a_b.jpg,https://www.flickr.com/photos/95413346@N00/262138739,Elvert Barnes,cc-by 2.0
not_cilantro/openverse_8279717f-f7d6-4ca2-b844-539a062fd1ac.jpg,not_cilantro,openverse:flickr,https://live.staticflickr.com/4154/5032709947_c236b5e1f2_b.jpg,https://www.flickr.com/photos/14812197@N00/5032709947,vxla,cc-by 2.0
not_cilantro/openverse_afdca437-cc10-48ed-81f1-b8bd2d598aed.jpg,not_cilantro,openverse:flickr,https://live.staticflickr.com/2091/2330195065_a41267f0d4_b.jpg,https://www.flickr.com/photos/94513428@N00/2330195065,suavehouse113,cc-by 2.0
not_cilantro/openverse_c3bf33e3-f3f2-4837-8f5b-d1f17f2c4311.jpg,not_cilantro,openverse:flickr,https://live.staticflickr.com/111/262138737_4cfa5a5972_b.jpg,https://www.flickr.com/photos/95413346@N00/262138737,Elvert Barnes,cc-by 2.0
not_cilantro/openverse_eda6f967-d879-4b85-a126-50671ba055dc.jpg,not_cilantro,openverse:flickr,https://live.staticflickr.com/8153/28397755623_151a8c5656_b.jpg,https://www.flickr.com/photos/41284017@N08/28397755623,USDAgov,cc-pdm 1.0
cilantro/openverse_c3dc69ca-fd72-438a-aacb-394f98fccae5.jpg,cilantro,openverse:flickr,https://live.staticflickr.com/5182/5569814204_e31bd1aac1.jpg,https://www.flickr.com/photos/63947148@N00/5569814204,Jeremy Jenum,cc-by 2.0
cilantro/openverse_03c70d03-99af-40cd-bced-febab5f3fb3c.jpg,cilantro,openverse:flickr,https://live.staticflickr.com/4094/5415130226_cd42bb191a_b.jpg,https://www.flickr.com/photos/41510540@N03/5415130226,Chase Lewis,cc-by-nd 2.0
cilantro/openverse_5be32cab-ce11-495f-b255-166b1b3f91d4.jpg,cilantro,openverse:flickr,https://live.staticflickr.com/2716/5731643740_eca389f53a_b.jpg,https://www.flickr.com/photos/23769126@N07/5731643740,Fiammetta Bruni,cc-by 2.0
cilantro/openverse_3b05fd07-3aa6-4b69-9f51-24f9a4729255.jpg,cilantro,openverse:flickr,https://live.staticflickr.com/65535/49461127193_85c902d9d7_b.jpg,https://www.flickr.com/photos/63324741@N04/49461127193,spurekar,cc-by 2.0
cilantro/openverse_91da06dc-49de-400c-9bce-f27ecfe9d669.jpg,cilantro,openverse:flickr,https://live.staticflickr.com/7098/7214070318_40e4fd73b7_b.jpg,https://www.flickr.com/photos/58367355@N00/7214070318,jules:stonesoup,cc-by 2.0
cilantro/openverse_e19b3e2e-8efc-41b1-b54e-545d804d3db4.jpg,cilantro,openverse:flickr,https://live.staticflickr.com/2667/3713119278_fa98f2c37d_b.jpg,https://www.flickr.com/photos/94513428@N00/3713119278,suavehouse113,cc-by 2.0
cilantro/openverse_06a546c6-734b-4e12-b0fc-b7e6f568415d.jpg,cilantro,openverse:flickr,https://live.staticflickr.com/2553/3733301641_8d4dbff534_b.jpg,https://www.flickr.com/photos/18474854@N00/3733301641,JoePhoto,cc-by 2.0
cilantro/openverse_d4bd51f1-0823-4e26-b109-ee503285de71.jpg,cilantro,openverse:flickr,https://live.staticflickr.com/5053/5414518611_3923a332b8_b.jpg,https://www.flickr.com/photos/41510540@N03/5414518611,Chase Lewis,cc-by-nd 2.0
cilantro/openverse_11e6b62d-b6e5-4cbb-82cd-b1a19a729277.jpg,cilantro,openverse:flickr,https://live.staticflickr.com/2322/1913621349_e7c22d4141_b.jpg,https://www.flickr.com/photos/94513428@N00/1913621349,suavehouse113,cc-by-nd 2.0
cilantro/openverse_1a1e0847-b0c9-44cf-80f3-1eea380fc466.jpg,cilantro,openverse:flickr,https://live.staticflickr.com/5016/5415129826_354c8de0a5_b.jpg,https://www.flickr.com/photos/41510540@N03/5415129826,Chase Lewis,cc-by-nd 2.0
cilantro/openverse_a7f37fa5-5ec9-4eb3-b6a3-129e807b91e7.jpg,cilantro,openverse:flickr,https://live.staticflickr.com/5256/5415129974_6a3a4e114e_b.jpg,https://www.flickr.com/photos/41510540@N03/5415129974,Chase Lewis,cc-by-nd 2.0
cilantro/openverse_682c9316-34a3-4017-81d8-53bc6f4ef8b4.jpg,cilantro,openverse:flickr,https://live.staticflickr.com/1825/43310757752_0a364f7ecb_b.jpg,https://www.flickr.com/photos/58690077@N08/43310757752,BryonLippincott,cc-by-nd 2.0
cilantro/openverse_c2354a9a-9507-4c14-980e-b3518cabddae.jpg,cilantro,openverse:flickr,https://live.staticflickr.com/3237/2856031477_c8c8e833c0_b.jpg,https://www.flickr.com/photos/74105777@N00/2856031477,adactio,cc-by 2.0
cilantro/openverse_288a54bc-78ba-452e-a0ab-8721ce03b2c7.jpg,cilantro,openverse:flickr,https://live.staticflickr.com/7005/6635482571_a34a593081.jpg,https://www.flickr.com/photos/34823437@N04/6635482571,amberdegrace,cc-by 2.0
cilantro/openverse_c76ed87f-9339-4b44-81a8-f7b54eea347f.jpg,cilantro,openverse:flickr,https://live.staticflickr.com/638/23099195984_0a4821d255_b.jpg,https://www.flickr.com/photos/89060048@N03/23099195984,City Foodsters,cc-by 2.0
cilantro/openverse_07aa6cb3-192f-4924-843b-57ccc43efac8.jpg,cilantro,openverse:flickr,https://live.staticflickr.com/65535/50638805463_0329da07a3_b.jpg,https://www.flickr.com/photos/63324741@N04/50638805463,spurekar,cc-by 2.0
cilantro/openverse_9e51336d-2e96-4ce6-b4d5-5ebab4d10177.jpg,cilantro,openverse:flickr,https://live.staticflickr.com/7119/7467403254_085e499e33_b.jpg,https://www.flickr.com/photos/8021028@N06/7467403254,twistedstringknits,cc-by 2.0
cilantro/openverse_e0e9e677-90ad-4204-8e8a-319631e29e3a.jpg,cilantro,openverse:flickr,https://live.staticflickr.com/135/318164130_171248fd09_b.jpg,https://www.flickr.com/photos/87478675@N00/318164130,Just Jefa,cc-by-nd 2.0
cilantro/openverse_7d2f1688-729f-4be3-a7ed-c33a30240643.jpg,cilantro,openverse:flickr,https://live.staticflickr.com/2738/4021373511_97929169c4.jpg,https://www.flickr.com/photos/27983255@N00/4021373511,yto,cc-by 2.0
cilantro/openverse_dd54fb3b-87e2-4c5b-bb19-d03456a7225a.jpg,cilantro,openverse:flickr,https://live.staticflickr.com/8696/16805240047_55e1fb335e_b.jpg,https://www.flickr.com/photos/37922399@N05/16805240047,vastateparksstaff,cc-by 2.0
cilantro/openverse_d094c9c8-7e1c-48fa-8b78-c20506e2488a.jpg,cilantro,openverse:flickr,https://live.staticflickr.com/2908/14426152891_26c8030b0f_b.jpg,https://www.flickr.com/photos/44124401501@N01/14426152891,sylvar,cc-by 2.0
cilantro/openverse_1ce7acb7-a465-4f64-95b8-35e2ff6234e5.jpg,cilantro,openverse:flickr,https://live.staticflickr.com/3260/2586463219_5d156ea7aa_b.jpg,https://www.flickr.com/photos/25337367@N00/2586463219,yuko_ppp2501,cc-by 2.0
cilantro/openverse_3d0bc5a9-d087-43c4-9eec-f15ef4e95387.jpg,cilantro,openverse:flickr,https://live.staticflickr.com/5774/30825438985_e75850365d_b.jpg,https://www.flickr.com/photos/93586105@N07/30825438985,Marinate Me Baby,cc-by-sa 2.0
cilantro/openverse_7a579709-52e4-445f-a890-a141e8242542.jpg,cilantro,openverse:flickr,https://live.staticflickr.com/650/23099196694_20e3e147f7_b.jpg,https://www.flickr.com/photos/89060048@N03/23099196694,City Foodsters,cc-by 2.0
cilantro/openverse_e5c8e07f-8e89-4c8c-a6f4-b15d38b8b28e.jpg,cilantro,openverse:flickr,https://live.staticflickr.com/7386/13934343949_013f5b52d0.jpg,https://www.flickr.com/photos/47173486@N00/13934343949,is_kyoto_jp,cc-by 2.0
cilantro/openverse_9a250b72-9240-4733-ab2c-e1355a8eb448.jpg,cilantro,openverse:flickr,https://live.staticflickr.com/5670/23701232366_4791833b91_b.jpg,https://www.flickr.com/photos/89060048@N03/23701232366,City Foodsters,cc-by 2.0
cilantro/openverse_9572778f-5ace-4e6f-aab5-5eec0e130a79.jpg,cilantro,openverse:flickr,https://live.staticflickr.com/5779/23359362519_3d5de9d7b1_b.jpg,https://www.flickr.com/photos/89060048@N03/23359362519,City Foodsters,cc-by 2.0
cilantro/openverse_84dd430f-3a4d-48c7-98b7-c46f3181d0e0.jpg,cilantro,openverse:flickr,https://live.staticflickr.com/5806/23431622550_e848eacf03_b.jpg,https://www.flickr.com/photos/89060048@N03/23431622550,City Foodsters,cc-by 2.0
cilantro/openverse_4dcea26e-89b1-4572-a47f-7d708a23b9ee.jpg,cilantro,openverse:flickr,https://live.staticflickr.com/7040/14084400342_a8e9307668.jpg,https://www.flickr.com/photos/47173486@N00/14084400342,is_kyoto_jp,cc-by 2.0
cilantro/openverse_873c256d-1182-4f9b-90c0-1fc283cb3b00.jpg,cilantro,openverse:wordpress,https://pd.w.org/2026/06/4706a1db3092bc8a8.37115620-1152x2048.jpeg,https://wordpress.org/photos/photo/4706a1db30/,shreyadhakal,cc-cc0 1.0
cilantro/openverse_ffb9efed-7b38-480f-bfb4-08273140f2c6.jpg,cilantro,openverse:wordpress,https://pd.w.org/2025/06/491683efbeed46577.10861548-1152x2048.jpg,https://wordpress.org/photos/photo/491683efbe/,Suraj Sutar,cc-cc0 1.0
cilantro/openverse_43ee9464-ee2c-4e72-8d19-770f0d8d1060.jpg,cilantro,openverse:wordpress,https://pd.w.org/2026/04/19569d9cd850f31b8.08768365-2048x1152.jpeg,https://wordpress.org/photos/photo/19569d9cd8/,Faisal Ahammad,cc-cc0 1.0
cilantro/openverse_21e4c3ee-d423-422a-9ea7-8eb73757b570.jpg,cilantro,openverse:wordpress,https://pd.w.org/2025/01/32767860a71838135.18399660-2048x1536.jpg,https://wordpress.org/photos/photo/32767860a7/,Pritam Sonone,cc-cc0 1.0
cilantro/openverse_a6ac32e6-2ddb-47f5-bfb6-35a3e45a0fdb.jpg,cilantro,openverse:wordpress,https://pd.w.org/2025/08/3068afd623d81f87.12890330-2048x1536.jpg,https://wordpress.org/photos/photo/3068afd623/,Faisal Ahammad,cc-cc0 1.0
cilantro/openverse_2fa1c219-f510-431b-accb-a42b827ee652.jpg,cilantro,openverse:wordpress,https://pd.w.org/2025/02/59167bf26c9e45095.67481102-2048x1604.jpeg,https://wordpress.org/photos/photo/59167bf26c/,Surendra Shrestha,cc-cc0 1.0
cilantro/openverse_59ffd76a-90dc-470e-aa00-32e0497c007c.jpg,cilantro,openverse:wordpress,https://pd.w.org/2026/06/7576a26f35db38476.63268146-1536x2048.jpeg,https://wordpress.org/photos/photo/7576a26f35/,Manjil Aryal,cc-cc0 1.0
cilantro/openverse_1bb94a93-74ff-43e0-9f93-36b86de811d1.jpg,cilantro,openverse:wordpress,https://pd.w.org/2026/05/81969f61a4c08b724.71188184-1809x2048.jpeg,https://wordpress.org/photos/photo/81969f61a4/,Uttkrista Chhetri,cc-cc0 1.0
cilantro/openverse_27b49b14-4d89-4ebe-ac0c-2df41033bba1.jpg,cilantro,openverse:wordpress,https://pd.w.org/2025/03/57467d7ba0a3dd7e4.30056765-2048x1536.jpg,https://wordpress.org/photos/photo/57467d7ba0/,Ketan,cc-cc0 1.0
cilantro/openverse_08c914c7-2438-4e37-a244-9b23af744b74.jpg,cilantro,openverse:wordpress,https://pd.w.org/2026/07/2876a532eca4208b5.19077338-1536x2048.jpg,https://wordpress.org/photos/photo/2876a532ec/,anitstha,cc-cc0 1.0
cilantro/openverse_7c89cb59-7bc9-426e-bc7c-8e2fd52e67d6.jpg,cilantro,openverse:wordpress,https://pd.w.org/2026/03/22769bd63278d84a2.80781014-1536x2048.jpeg,https://wordpress.org/photos/photo/22769bd632/,Manjil Aryal,cc-cc0 1.0
cilantro/openverse_5825f16f-e5e4-4aa9-a0f4-5d60c22eaa5f.jpg,cilantro,openverse:wordpress,https://pd.w.org/2025/06/107683efc26550278.55114259-2048x1152.jpg,https://wordpress.org/photos/photo/107683efc2/,Suraj Sutar,cc-cc0 1.0
cilantro/openverse_eff1b474-d9e6-4301-8d62-8323eb528675.jpg,cilantro,openverse:wordpress,https://pd.w.org/2025/01/2196790dd4e127ff5.89827988-1536x2048.jpeg,https://wordpress.org/photos/photo/2196790dd4/,Yam B Chhetri,cc-cc0 1.0
cilantro/openverse_d58a5601-122c-4a2b-9618-53b2ba49b617.jpg,cilantro,openverse:wordpress,https://pd.w.org/2026/03/4969a682c8554fa1.51186907-1536x2048.jpeg,https://wordpress.org/photos/photo/4969a682c8/,Manjil Aryal,cc-cc0 1.0
cilantro/openverse_3eddbc0f-7c54-473b-b08a-640e267810e5.jpg,cilantro,openverse:wordpress,https://pd.w.org/2026/02/713698bee566fcf97.02793495-1152x2048.jpeg,https://wordpress.org/photos/photo/713698bee5/,Manjil Aryal,cc-cc0 1.0
cilantro/openverse_2c038aa5-df05-46e4-9126-4e468c4fd5bf.jpg,cilantro,openverse:wordpress,https://pd.w.org/2025/02/38467bc308c921fc4.13570195-1152x2048.jpeg,https://wordpress.org/photos/photo/38467bc308/,Shubham Patil,cc-cc0 1.0
cilantro/openverse_9985cfe0-7dd6-4ba8-9872-d80a9b4f8cc9.jpg,cilantro,openverse:wordpress,https://pd.w.org/2025/08/39968931a9b92d5f0.01517835-2048x1484.jpg,https://wordpress.org/photos/photo/39968931a9/,Rubel Miah,cc-cc0 1.0
cilantro/openverse_e27f8521-87c6-4c6a-b639-16aefcf3e98f.jpg,cilantro,openverse:flickr,https://live.staticflickr.com/3063/2988951516_7c4e9aa032.jpg,https://www.flickr.com/photos/47266767@N00/2988951516,savemejebus,cc-by-sa 2.0
cilantro/openverse_e91d9f51-0da5-49b7-baa7-d70e28eb7ffc.jpg,cilantro,openverse:flickr,https://live.staticflickr.com/1511/26511799125_df9d0a4f7f_b.jpg,https://www.flickr.com/photos/99658898@N00/26511799125,osiristhe,cc-by-nd 2.0
cilantro/openverse_7f296bdd-afd4-470a-b163-98051350fdcf.jpg,cilantro,openverse:flickr,https://live.staticflickr.com/3481/3463472778_c41af146f7_b.jpg,https://www.flickr.com/photos/37490118@N04/3463472778,polaritize,cc-by 2.0
cilantro/openverse_aa31628e-fa15-4bb8-82bb-e07721e53626.jpg,cilantro,openverse:flickr,https://live.staticflickr.com/2634/4110720693_5598cd75c8_b.jpg,https://www.flickr.com/photos/25128194@N02/4110720693,Vegan Feast Catering,cc-by 2.0
cilantro/openverse_d21faddd-9754-4ebe-8464-3f7268b81142.jpg,cilantro,openverse:flickr,https://live.staticflickr.com/3327/3237830858_25eed4eaee_b.jpg,https://www.flickr.com/photos/19762676@N00/3237830858,austinevan,cc-by 2.0
cilantro/openverse_d3df6aec-da3b-4446-8f5f-b6e60a375160.jpg,cilantro,openverse:flickr,https://live.staticflickr.com/1193/679047561_51e83acca1_b.jpg,https://www.flickr.com/photos/10559879@N00/679047561,avlxyz,cc-by-sa 2.0
cilantro/openverse_a6cc26b5-f0b1-4186-a8c6-b5abe10e052c.jpg,cilantro,openverse:flickr,https://live.staticflickr.com/2485/4129540261_7810a2140b_b.jpg,https://www.flickr.com/photos/25128194@N02/4129540261,Vegan Feast Catering,cc-by 2.0
cilantro/openverse_ddf2c149-0736-413d-b764-e05985b4f435.jpg,cilantro,openverse:flickr,https://live.staticflickr.com/3511/3237845838_281caf2024_b.jpg,https://www.flickr.com/photos/19762676@N00/3237845838,austinevan,cc-by 2.0
cilantro/openverse_bc2e7c69-0ed7-4f98-9714-78c19451eea4.jpg,cilantro,openverse:flickr,https://live.staticflickr.com/124/319265882_e5091943cd_b.jpg,https://www.flickr.com/photos/35034346243@N01/319265882,stu_spivack,cc-by-sa 2.0
cilantro/openverse_ddee6b90-457d-486b-a742-b84cf1975c76.jpg,cilantro,openverse:flickr,https://live.staticflickr.com/3454/5752422901_dfe1aa04b2.jpg,https://www.flickr.com/photos/49503168860@N01/5752422901,bark,cc-by 2.0
cilantro/openverse_d8b6f624-7a80-49e6-a75e-29cf7209ee0a.jpg,cilantro,openverse:flickr,https://live.staticflickr.com/4044/4605750948_7937052487_b.jpg,https://www.flickr.com/photos/25128194@N02/4605750948,Vegan Feast Catering,cc-by 2.0
cilantro/openverse_309004e7-4573-4ba7-a3fc-08d7198c010e.jpg,cilantro,openverse:flickr,https://live.staticflickr.com/5185/5641300044_fb0570101e_b.jpg,https://www.flickr.com/photos/38389073@N04/5641300044,Jamiesrabbits,cc-by 2.0
cilantro/openverse_45ba8aa9-3b21-42f6-91e7-10ff750e7cb9.jpg,cilantro,openverse:flickr,https://live.staticflickr.com/4064/4357666329_498bc820b1_b.jpg,https://www.flickr.com/photos/25128194@N02/4357666329,Vegan Feast Catering,cc-by 2.0
cilantro/openverse_e28de8e2-496c-4bb7-8c73-d16cf3312b6f.jpg,cilantro,openverse:flickr,https://live.staticflickr.com/3277/2726808966_4a0994e28b_b.jpg,https://www.flickr.com/photos/16502269@N08/2726808966,Stephen Kruso,cc-by-sa 2.0
cilantro/openverse_0bb15543-e405-4fad-85bb-d2461afdb1a4.jpg,cilantro,openverse:flickr,https://live.staticflickr.com/7107/7594417864_2b708b674c_b.jpg,https://www.flickr.com/photos/82815184@N03/7594417864,You As A Machine,cc-by-sa 2.0
cilantro/openverse_f33df650-6335-44c1-8d67-62ca86af48e0.jpg,cilantro,openverse:flickr,https://live.staticflickr.com/85/270693617_eaad7f1594_b.jpg,https://www.flickr.com/photos/34067077@N00/270693617,Martin Cathrae,cc-by-sa 2.0
cilantro/openverse_613b581e-c3e4-41e0-a994-c6a307b22fe8.jpg,cilantro,openverse:flickr,https://live.staticflickr.com/4151/4960440334_be8a173fcb.jpg,https://www.flickr.com/photos/25128194@N02/4960440334,Vegan Feast Catering,cc-by 2.0
cilantro/openverse_20b7b441-9955-46f8-850b-efe17f107610.jpg,cilantro,openverse:flickr,https://live.staticflickr.com/3842/14673696048_45e457d0cf.jpg,https://www.flickr.com/photos/40215657@N03/14673696048,GoodNCrazy,cc-by 2.0
cilantro/openverse_df304d2b-5e0d-4996-8bb7-2b488d46f0ac.jpg,cilantro,openverse:flickr,https://live.staticflickr.com/2779/4397639261_f24ae99a85_b.jpg,https://www.flickr.com/photos/47429460@N00/4397639261,ted_major,cc-by-sa 2.0
cilantro/openverse_7d933ed9-6a1f-4f0e-bc47-78cb0cbb6627.jpg,cilantro,openverse:flickr,https://live.staticflickr.com/2690/4126524575_6deb5e1135_b.jpg,https://www.flickr.com/photos/25128194@N02/4126524575,Vegan Feast Catering,cc-by 2.0
cilantro/openverse_aea55bde-4ba3-4cf1-b4bc-f433bc2cd384.jpg,cilantro,openverse:flickr,https://live.staticflickr.com/78/199186239_0722a4bccf_b.jpg,https://www.flickr.com/photos/95413346@N00/199186239,Elvert Barnes,cc-by 2.0
cilantro/openverse_9e08286a-8d97-49ac-9c16-c1ca76a91a0d.jpg,cilantro,openverse:flickr,https://live.staticflickr.com/67/199186238_aa9849ace8_b.jpg,https://www.flickr.com/photos/95413346@N00/199186238,Elvert Barnes,cc-by 2.0
cilantro/openverse_704eb5f8-167d-4050-8fef-bc9bed1a8c5d.jpg,cilantro,openverse:flickr,https://live.staticflickr.com/4065/4320915059_7e1a55a104_b.jpg,https://www.flickr.com/photos/21124414@N00/4320915059,ezola,cc-by-sa 2.0
cilantro/openverse_f69c8387-20a6-464e-afe1-cd5ba1a628d8.jpg,cilantro,openverse:flickr,https://live.staticflickr.com/2821/13328350914_2a7a7f02a7.jpg,https://www.flickr.com/photos/83128028@N00/13328350914,Blowing Puffer Fish,cc-by 2.0
cilantro/openverse_e79ea8f1-c15f-449f-a507-448d89597fee.jpg,cilantro,openverse:flickr,https://live.staticflickr.com/65535/48620572862_247239275c_b.jpg,https://www.flickr.com/photos/75921150@N00/48620572862,AVID Vines,cc-by 2.0
cilantro/openverse_553652ac-1c23-4483-a9c6-e072f5b11c9d.jpg,cilantro,openverse:flickr,https://live.staticflickr.com/2657/3708090568_854cd0c24d_b.jpg,https://www.flickr.com/photos/11172002@N05/3708090568,aMichiganMom,cc-by 2.0
cilantro/openverse_f65ac4fe-aaab-473f-a75e-9b767e13b847.jpg,cilantro,openverse:flickr,https://live.staticflickr.com/2857/33297692645_1100094313_b.jpg,https://www.flickr.com/photos/68147320@N02/33297692645,T.Tseng,cc-by 2.0
cilantro/openverse_c5c7a190-28ce-492a-8599-e383752db5b6.jpg,cilantro,openverse:flickr,https://live.staticflickr.com/3932/15242863227_d47b6ff7bc.jpg,https://www.flickr.com/photos/66251013@N08/15242863227,jorenerene,cc-by-nd 2.0
cilantro/openverse_5c13b395-44aa-4e32-bff0-46167e8ced4c.jpg,cilantro,openverse:flickr,https://live.staticflickr.com/2150/2487522574_221db43f62.jpg,https://www.flickr.com/photos/20081019@N00/2487522574,Waywuwei,cc-by-nd 2.0
cilantro/openverse_5dabfa70-183f-4b59-b681-84fea2deadfd.jpg,cilantro,openverse:flickr,https://live.staticflickr.com/5348/8874601200_7c2b602c66.jpg,https://www.flickr.com/photos/41256296@N07/8874601200,Lauren_Hannah,cc-by 2.0
cilantro/openverse_a101b64b-6fd3-4db3-86a4-9ad5d44f061c.jpg,cilantro,openverse:flickr,https://live.staticflickr.com/266/19416458224_3ab454da19.jpg,https://www.flickr.com/photos/77315663@N00/19416458224,Farther Along,cc-by 2.0
cilantro/openverse_71c16c72-7c49-4232-a8c1-d737b2fc6810.jpg,cilantro,openverse:flickr,https://live.staticflickr.com/2714/4211704865_58240cd8ca_b.jpg,https://www.flickr.com/photos/24013072@N05/4211704865,YoAmes,cc-by-sa 2.0
cilantro/openverse_b1245e39-1a65-4f94-b07f-ef7779577da4.jpg,cilantro,openverse:flickr,https://live.staticflickr.com/4101/4798907910_044ab51c89_b.jpg,https://www.flickr.com/photos/29727781@N08/4798907910,politizer,cc-by-sa 2.0
cilantro/openverse_1d75649f-a913-4c67-9101-f513ae1d8010.jpg,cilantro,openverse:flickr,https://live.staticflickr.com/7411/27548402394_853e82c5cc_b.jpg,https://www.flickr.com/photos/22798667@N00/27548402394,telepathicparanoia,cc-by-nd 2.0
cilantro/openverse_0f4a9d5c-395c-406e-a0da-ff5e0fcb0b05.jpg,cilantro,openverse:flickr,https://live.staticflickr.com/164/365524600_1e635a988b_b.jpg,https://www.flickr.com/photos/49503111483@N01/365524600,okreitz,cc-by-nd 2.0
cilantro/openverse_66569775-65e4-44d5-963c-f8ea18d0a687.jpg,cilantro,openverse:wordpress,https://pd.w.org/2026/08/5316a6fef1d3a7e63.48737516-1536x2048.jpeg,https://wordpress.org/photos/photo/5316a6fef1/,fiolss,cc-cc0 1.0
cilantro/openverse_5827e8b7-e3e2-44ed-b7b8-0a0ada0c05aa.jpg,cilantro,openverse:wordpress,https://pd.w.org/2026/05/6896a0c1ab3549750.20356498-1536x2048.jpeg,https://wordpress.org/photos/photo/6896a0c1ab/,Tilak Bahadur Karki,cc-cc0 1.0
cilantro/openverse_bf5d865f-ae34-4dc8-acba-5324cf0b25ae.jpg,cilantro,openverse:flickr,https://live.staticflickr.com/4045/4226083265_dce5801b96_b.jpg,https://www.flickr.com/photos/22662305@N04/4226083265,jlastras,cc-by 2.0
cilantro/openverse_385dc46d-e186-4939-9d0e-52685edaf70b.jpg,cilantro,openverse:flickr,https://live.staticflickr.com/3211/2387952909_d3f85fdb43.jpg,https://www.flickr.com/photos/22198928@N00/2387952909,thebittenword.com,cc-by 2.0
cilantro/openverse_4bbdb5e1-91dc-47de-b3ea-ab3e102da5ce.jpg,cilantro,openverse:flickr,https://live.staticflickr.com/2792/4226852412_261e33e369_b.jpg,https://www.flickr.com/photos/22662305@N04/4226852412,jlastras,cc-by 2.0
cilantro/openverse_86a47729-4b78-459d-b64a-b193118af6b6.jpg,cilantro,openverse:flickr,https://live.staticflickr.com/8168/7276426808_2d9815cc3e.jpg,https://www.flickr.com/photos/63947148@N00/7276426808,Jeremy Jenum,cc-by 2.0
cilantro/openverse_cd8246ce-d7db-44b4-90b8-1db9c39baaee.jpg,cilantro,openverse:flickr,https://live.staticflickr.com/3/4240241_e88c431ef6_b.jpg,https://www.flickr.com/photos/35034346243@N01/4240241,stu_spivack,cc-by-sa 2.0
cilantro/openverse_f7c9191b-da70-4e48-830d-26340868cf0b.jpg,cilantro,openverse:flickr,https://live.staticflickr.com/3258/2405518656_81e06477fd.jpg,https://www.flickr.com/photos/22198928@N00/2405518656,thebittenword.com,cc-by 2.0
cilantro/openverse_180401b3-1eda-45d4-a92d-a692f810090b.jpg,cilantro,openverse:flickr,https://live.staticflickr.com/4018/4549825178_b04eb7a3af_b.jpg,https://www.flickr.com/photos/49105234@N05/4549825178,@RunRockPrincess,cc-by-nd 2.0
cilantro/openverse_1a170f7d-6170-44ee-a780-47ed32d080fd.jpg,cilantro,openverse:flickr,https://live.staticflickr.com/3277/2404689569_ce4a0db9b1.jpg,https://www.flickr.com/photos/22198928@N00/2404689569,thebittenword.com,cc-by 2.0
cilantro/openverse_d463f0df-ae4f-4dbb-9bc3-d48195c969ad.jpg,cilantro,openverse:flickr,https://live.staticflickr.com/8022/6988406846_b1eb0ab60e_b.jpg,https://www.flickr.com/photos/69701588@N05/6988406846,Marntzu cook,cc-by 2.0
cilantro/openverse_e38bf8c4-9567-43d1-afde-48313ec5c2de.jpg,cilantro,openverse:flickr,https://live.staticflickr.com/8165/7134490661_b18204c979_b.jpg,https://www.flickr.com/photos/69701588@N05/7134490661,Marntzu cook,cc-by 2.0
cilantro/openverse_8652369c-0ef2-4a68-8c3b-b622cce43e15.jpg,cilantro,openverse:flickr,https://live.staticflickr.com/2124/2387971135_d3597631b5.jpg,https://www.flickr.com/photos/22198928@N00/2387971135,thebittenword.com,cc-by 2.0
cilantro/openverse_ec808556-7d9b-49a7-928d-4732881af688.jpg,cilantro,openverse:flickr,https://live.staticflickr.com/5576/31435843310_62b3418d2b_b.jpg,https://www.flickr.com/photos/30760976@N04/31435843310,anokarina,cc-by-sa 2.0
cilantro/openverse_6d286abd-8c00-4ccc-992e-91a907de821a.jpg,cilantro,openverse:flickr,https://live.staticflickr.com/2387/2387971075_3bc173d0c3.jpg,https://www.flickr.com/photos/22198928@N00/2387971075,thebittenword.com,cc-by 2.0
cilantro/openverse_7baba7da-5a00-46d8-bb83-25606ef208c9.jpg,cilantro,openverse:flickr,https://live.staticflickr.com/2530/4226084091_e8bb49a1e6_b.jpg,https://www.flickr.com/photos/22662305@N04/4226084091,jlastras,cc-by 2.0
cilantro/openverse_eff5e2ea-572f-4dde-abac-0f0363ac9517.jpg,cilantro,openverse:flickr,https://live.staticflickr.com/2651/4040739002_0af55d756d_b.jpg,https://www.flickr.com/photos/22662305@N04/4040739002,jlastras,cc-by 2.0
cilantro/openverse_211a5057-cdeb-4041-a543-ec7b33293337.jpg,cilantro,openverse:flickr,https://live.staticflickr.com/8285/7821771986_69f08d74e4_b.jpg,https://www.flickr.com/photos/54201263@N00/7821771986,Tavallai,cc-by-nd 2.0
cilantro/openverse_6214f1e2-aa22-4735-9ee4-b3dee3fb196d.jpg,cilantro,openverse:flickr,https://live.staticflickr.com/7053/6988409260_1cce0f32c6_b.jpg,https://www.flickr.com/photos/69701588@N05/6988409260,Marntzu cook,cc-by 2.0
cilantro/openverse_203355f0-46c8-47e7-9980-800535200817.jpg,cilantro,openverse:flickr,https://live.staticflickr.com/64/160415055_bb3b7b7faf_b.jpg,https://www.flickr.com/photos/27935720@N00/160415055,hober,cc-by-sa 2.0
cilantro/openverse_22d84698-9227-4059-90f9-33571085457b.jpg,cilantro,openverse:flickr,https://live.staticflickr.com/3658/3371252025_970d2f2873_b.jpg,https://www.flickr.com/photos/25128194@N02/3371252025,Vegan Feast Catering,cc-by 2.0
cilantro/openverse_0f1f43a9-f287-4724-8469-ccfbf07f47c6.jpg,cilantro,openverse:flickr,https://live.staticflickr.com/4055/4622087835_e2b28fd128_b.jpg,https://www.flickr.com/photos/71636646@N00/4622087835,jmayer1129,cc-by 2.0
cilantro/openverse_de937255-f6f0-4898-b176-e10a4bb81d99.jpg,cilantro,openverse:flickr,https://live.staticflickr.com/2163/2387971203_1a76ceca73.jpg,https://www.flickr.com/photos/22198928@N00/2387971203,thebittenword.com,cc-by 2.0
cilantro/openverse_0269766c-c4d4-4df7-b17b-48212ff5e2ed.jpg,cilantro,openverse:flickr,https://live.staticflickr.com/6124/5989403207_dd2c949b50_b.jpg,https://www.flickr.com/photos/79781814@N00/5989403207,davitydave,cc-by 2.0
cilantro/openverse_c4ae9a67-e694-4199-ae92-9b378139ee09.jpg,cilantro,openverse:flickr,https://live.staticflickr.com/2207/5766348667_9c38750d78_b.jpg,https://www.flickr.com/photos/63669472@N00/5766348667,eekim,cc-by 2.0
cilantro/openverse_6d6873b9-c597-4bb8-8575-a829c09900a0.jpg,cilantro,openverse:flickr,https://live.staticflickr.com/4120/4895105142_c23b723402_b.jpg,https://www.flickr.com/photos/25128194@N02/4895105142,Vegan Feast Catering,cc-by 2.0
cilantro/openverse_765124b7-0718-45be-928c-1a7bfcf4e33b.jpg,cilantro,openverse:flickr,https://live.staticflickr.com/3/4240225_9c75841bb7_b.jpg,https://www.flickr.com/photos/35034346243@N01/4240225,stu_spivack,cc-by-sa 2.0
cilantro/openverse_7030d80e-6a8f-41be-a2fd-d2d24966a1aa.jpg,cilantro,openverse:flickr,https://live.staticflickr.com/8603/16581559107_decb1a5e96_b.jpg,https://www.flickr.com/photos/68147320@N02/16581559107,T.Tseng,cc-by 2.0
cilantro/openverse_fa0c31d2-44c1-464a-b90c-bc43148b432d.jpg,cilantro,openverse:flickr,https://live.staticflickr.com/3915/14756593607_8c6ddfd147_b.jpg,https://www.flickr.com/photos/68147320@N02/14756593607,T.Tseng,cc-by 2.0
cilantro/openverse_cf004fa8-6bf9-4bd0-bc79-e837d149cb70.jpg,cilantro,openverse:flickr,https://live.staticflickr.com/3167/2834220477_e77d61c354_b.jpg,https://www.flickr.com/photos/62967061@N00/2834220477,Merelymel13,cc-by-sa 2.0
cilantro/openverse_cfa04338-424c-4372-8e07-2d23da778ac0.jpg,cilantro,openverse:flickr,https://live.staticflickr.com/5479/11331189585_751ab384a2.jpg,https://www.flickr.com/photos/77315663@N00/11331189585,Farther Along,cc-by 2.0
cilantro/openverse_91b5282e-e4b6-40eb-9271-a690df53c86b.jpg,cilantro,openverse:flickr,https://live.staticflickr.com/7412/12616085595_962626f5a0_b.jpg,https://www.flickr.com/photos/97132917@N00/12616085595,jthetzel,cc-by 2.0
cilantro/openverse_c87550d3-c241-4f8d-8abc-1cac63756182.jpg,cilantro,openverse:flickr,https://live.staticflickr.com/5192/5905471724_73a24d381c_b.jpg,https://www.flickr.com/photos/14812197@N00/5905471724,vxla,cc-by 2.0
cilantro/openverse_279c2200-0827-4d4b-984d-72110dee2501.jpg,cilantro,openverse:flickr,https://live.staticflickr.com/8701/16168908373_a9459294a8_b.jpg,https://www.flickr.com/photos/68147320@N02/16168908373,T.Tseng,cc-by 2.0
cilantro/openverse_5470a3dd-3ef3-4f94-b652-6bb2f29ea491.jpg,cilantro,openverse:flickr,https://live.staticflickr.com/4003/4619927381_67b6936f74_b.jpg,https://www.flickr.com/photos/31960803@N07/4619927381,joshuaheller,cc-by 2.0
cilantro/openverse_60be0a38-a3bf-4284-8644-c5084aef0f76.jpg,cilantro,openverse:flickr,https://live.staticflickr.com/8854/29602214421_298902ab29_b.jpg,https://www.flickr.com/photos/95142644@N00/29602214421,Ruth and Dave,cc-by 2.0
cilantro/openverse_fd3703b3-52d9-45e2-9a0d-3a00517e8088.jpg,cilantro,openverse:flickr,https://live.staticflickr.com/3873/15388778025_c7397e05cc_b.jpg,https://www.flickr.com/photos/68147320@N02/15388778025,T.Tseng,cc-by 2.0
cilantro/openverse_6c17272c-b8f0-47d5-b744-160d09bb18e0.jpg,cilantro,openverse:flickr,https://live.staticflickr.com/2317/2131701263_e7a59370e1_b.jpg,https://www.flickr.com/photos/10716304@N07/2131701263,krystha06,cc-by 2.0
cilantro/openverse_b6a63857-7e64-48d9-b556-b50003531c70.jpg,cilantro,openverse:flickr,https://live.staticflickr.com/3233/2702580410_2b062f90e0.jpg,https://www.flickr.com/photos/61926883@N00/2702580410,DBduo Photography,cc-by-sa 2.0
cilantro/openverse_34ffe252-f4e5-4b9f-9d37-2b4166318f0f.jpg,cilantro,openverse:flickr,https://live.staticflickr.com/4016/4449580774_e5dcc22fd7_b.jpg,https://www.flickr.com/photos/94661162@N00/4449580774,joannapoe,cc-by-sa 2.0
cilantro/openverse_31ce51db-8cc3-4222-898d-0fffd2320a83.jpg,cilantro,openverse:flickr,https://live.staticflickr.com/318/32591544511_1cdd0200aa_b.jpg,https://www.flickr.com/photos/84047449@N00/32591544511,jrsnchzhrs,cc-by-nd 2.0
cilantro/openverse_96dc4365-783a-49e0-a888-2b9c17a4fed5.jpg,cilantro,openverse:flickr,https://live.staticflickr.com/4096/5048648326_209f2045d4_m.jpg,https://www.flickr.com/photos/54197467@N05/5048648326,thegardenbuzz,cc-by-nd 2.0
cilantro/openverse_b1af14b5-8c2b-494d-90cb-3e129dba0306.jpg,cilantro,openverse:flickr,https://live.staticflickr.com/65535/51560338330_f8923521e8_b.jpg,https://www.flickr.com/photos/7633518@N08/51560338330,sarahstierch,cc-by 2.0
cilantro/openverse_4666acb2-bc79-4f28-b5e8-c80da4f36652.jpg,cilantro,openverse:flickr,https://live.staticflickr.com/4035/4630264420_69f0cc1be0_b.jpg,https://www.flickr.com/photos/45421817@N00/4630264420,jonbro,cc-by 2.0
cilantro/openverse_d03461a5-0191-4de2-9166-93f39293f515.jpg,cilantro,openverse:flickr,https://live.staticflickr.com/65535/51559413906_385b93b838_b.jpg,https://www.flickr.com/photos/7633518@N08/51559413906,sarahstierch,cc-by 2.0
cilantro/openverse_c98ce754-5ebb-4a2d-a29f-85f82372f91e.jpg,cilantro,openverse:flickr,https://live.staticflickr.com/65/160417333_48854043d5_b.jpg,https://www.flickr.com/photos/27935720@N00/160417333,hober,cc-by-sa 2.0
cilantro/openverse_9149e72d-757a-493d-b8de-c26821ad8f58.jpg,cilantro,openverse:flickr,https://live.staticflickr.com/8718/16943181096_65ae33fd7c.jpg,https://www.flickr.com/photos/67839741@N06/16943181096,L.A. Foodie,cc-by 2.0
cilantro/openverse_af43e3c9-964f-42ab-90fc-fe99e6e5813d.jpg,cilantro,openverse:flickr,https://live.staticflickr.com/7522/15743562509_b2e35db2b1_b.jpg,https://www.flickr.com/photos/68147320@N02/15743562509,T.Tseng,cc-by 2.0
cilantro/openverse_63b5a434-6a84-4dc0-8d85-2b2e03e98b47.jpg,cilantro,openverse:flickr,https://live.staticflickr.com/5594/14915017036_8a369f3773_b.jpg,https://www.flickr.com/photos/86665756@N00/14915017036,Studio Sarah Lou,cc-by 2.0
cilantro/openverse_0d0c4ede-d24c-4558-9d6d-dc992b5d6350.jpg,cilantro,openverse:flickr,https://live.staticflickr.com/7474/15307339964_7f63cfd656_b.jpg,https://www.flickr.com/photos/68147320@N02/15307339964,T.Tseng,cc-by 2.0
cilantro/openverse_3cdf470a-adfc-4567-be2e-08a5421dcd8c.jpg,cilantro,openverse:flickr,https://live.staticflickr.com/5471/30090061344_0f82a291f0_b.jpg,https://www.flickr.com/photos/10957255@N08/30090061344,Chris Yarzab,cc-by 2.0
cilantro/openverse_5123d3e9-0f69-4ef1-97f6-5435e49b6d12.jpg,cilantro,openverse:flickr,https://live.staticflickr.com/3835/14872751107_63bcf9fb1f_b.jpg,https://www.flickr.com/photos/68147320@N02/14872751107,T.Tseng,cc-by 2.0
cilantro/openverse_abf1722f-6ffe-447d-bed8-51da67fe2436.jpg,cilantro,openverse:flickr,https://live.staticflickr.com/1441/24036240613_f67588dd9d_b.jpg,https://www.flickr.com/photos/68147320@N02/24036240613,T.Tseng,cc-by 2.0
cilantro/openverse_ad034523-21f0-4b76-94b8-e2c6d3a2b57b.jpg,cilantro,openverse:flickr,https://live.staticflickr.com/7288/27181629202_be2d28a587_b.jpg,https://www.flickr.com/photos/63311602@N08/27181629202,loustejskal.com,cc-by 2.0
cilantro/openverse_f919df68-aad5-4eb4-9395-ca5feb243fa7.jpg,cilantro,openverse:flickr,https://live.staticflickr.com/3854/14872712598_d5ca9a4e39_b.jpg,https://www.flickr.com/photos/68147320@N02/14872712598,T.Tseng,cc-by 2.0
cilantro/openverse_9e5f021b-9ee9-4798-b113-99d93c246c48.jpg,cilantro,openverse:flickr,https://live.staticflickr.com/6089/6148687055_8b6fca5f23_b.jpg,https://www.flickr.com/photos/13499683@N00/6148687055,jfiess,cc-by 2.0
cilantro/openverse_37b24910-88b7-4458-8f30-96a8f3f9095a.jpg,cilantro,openverse:flickr,https://live.staticflickr.com/5524/12142519434_5e095d9acf_b.jpg,https://www.flickr.com/photos/68147320@N02/12142519434,T.Tseng,cc-by 2.0
cilantro/openverse_f9c8cf7c-5b20-4d83-9327-edf4a7579f5f.jpg,cilantro,openverse:flickr,https://live.staticflickr.com/2911/14048413700_9521d534db_b.jpg,https://www.flickr.com/photos/68147320@N02/14048413700,T.Tseng,cc-by 2.0
cilantro/openverse_53c61cff-548a-4e35-b636-e6808076006f.jpg,cilantro,openverse:flickr,https://live.staticflickr.com/5577/14840568952_7fd70e9f57_b.jpg,https://www.flickr.com/photos/68147320@N02/14840568952,T.Tseng,cc-by 2.0
cilantro/openverse_4658ff28-59b6-4658-b113-0e17a8042fd0.jpg,cilantro,openverse:flickr,https://live.staticflickr.com/5516/12142103755_e05726905e_b.jpg,https://www.flickr.com/photos/68147320@N02/12142103755,T.Tseng,cc-by 2.0
cilantro/openverse_3fa8800f-d3fc-4ba3-bfe0-4b98534ba4f6.jpg,cilantro,openverse:flickr,https://live.staticflickr.com/5604/15296966889_c3cb3782c7_b.jpg,https://www.flickr.com/photos/68147320@N02/15296966889,T.Tseng,cc-by 2.0
cilantro/openverse_3fcabce9-7801-4d20-87e8-26f6deaceff6.jpg,cilantro,openverse:flickr,https://live.staticflickr.com/1716/25470875690_33f0e40ac3_b.jpg,https://www.flickr.com/photos/68147320@N02/25470875690,T.Tseng,cc-by 2.0
cilantro/openverse_ff7bbba2-e56f-4338-81c3-dc50f011f17b.jpg,cilantro,openverse:flickr,https://live.staticflickr.com/4002/4543055862_402caf1067_b.jpg,https://www.flickr.com/photos/16662833@N00/4543055862,gbergin,cc-by-sa 2.0
cilantro/openverse_de2d57de-1958-41a2-9b85-875c4bf593d4.jpg,cilantro,openverse:flickr,https://live.staticflickr.com/4915/44151582580_c92b3660e4_b.jpg,https://www.flickr.com/photos/68147320@N02/44151582580,T.Tseng,cc-by 2.0
cilantro/openverse_1deff9d0-f5f2-4bf5-8f6b-10bdd603f7e1.jpg,cilantro,openverse:flickr,https://live.staticflickr.com/810/40416745044_bf8a65723a_b.jpg,https://www.flickr.com/photos/68147320@N02/40416745044,T.Tseng,cc-by 2.0
cilantro/openverse_5802d1ff-03d2-4ee0-a5a9-15c234aa1361.jpg,cilantro,openverse:flickr,https://live.staticflickr.com/1818/43843905261_66413619a7_b.jpg,https://www.flickr.com/photos/68147320@N02/43843905261,T.Tseng,cc-by 2.0
cilantro/openverse_63677d81-b42a-424c-994e-e4972c07b069.jpg,cilantro,openverse:flickr,https://live.staticflickr.com/3204/2947175371_ceffc0c9d0_b.jpg,https://www.flickr.com/photos/29779925@N04/2947175371,dragonfiregrill,cc-by-nd 2.0
cilantro/openverse_473e35db-a936-4d0e-ac67-ccdfdcc7e513.jpg,cilantro,openverse:flickr,https://live.staticflickr.com/2749/4176072824_dbec02e263_b.jpg,https://www.flickr.com/photos/10559879@N00/4176072824,avlxyz,cc-by-sa 2.0
cilantro/openverse_5307600c-fbcf-444f-93e2-3b1dedf1c1cf.jpg,cilantro,openverse:flickr,https://live.staticflickr.com/3463/3393624845_93c992f454_b.jpg,https://www.flickr.com/photos/25128194@N02/3393624845,Vegan Feast Catering,cc-by 2.0
cilantro/openverse_98f73142-89bf-421f-a794-ae738e3ed43c.jpg,cilantro,openverse:flickr,https://live.staticflickr.com/2646/4176072748_15fd9c60c8_b.jpg,https://www.flickr.com/photos/10559879@N00/4176072748,avlxyz,cc-by-sa 2.0
cilantro/openverse_f115bb21-1215-4f13-98cf-b0ee01a19d63.jpg,cilantro,openverse:flickr,https://live.staticflickr.com/253/454298607_2a78713e38_b.jpg,https://www.flickr.com/photos/66695118@N00/454298607,Luke Wisley,cc-by 2.0
cilantro/openverse_eaca8585-2239-4f73-b005-4a346ae407e1.jpg,cilantro,openverse:flickr,https://live.staticflickr.com/6003/5972334552_b3fe76e69a_b.jpg,https://www.flickr.com/photos/47264866@N00/5972334552,OakleyOriginals,cc-by 2.0
cilantro/openverse_4d50b206-bb6d-4b9f-b74a-719bb7184fb5.jpg,cilantro,openverse:flickr,https://live.staticflickr.com/8128/8710971314_5684dd1812_b.jpg,https://www.flickr.com/photos/7927684@N03/8710971314,jeffreyw,cc-by 2.0
cilantro/openverse_de52d6eb-f526-4ba5-b863-f47f268719e8.jpg,cilantro,openverse:flickr,https://live.staticflickr.com/4036/4693898766_0bd60d4371.jpg,https://www.flickr.com/photos/41014897@N08/4693898766,mauitimeweekly,cc-by 2.0
cilantro/openverse_394f4d6c-5109-4724-9f46-96ce76e0b9ca.jpg,cilantro,openverse:flickr,https://live.staticflickr.com/7253/7452245870_1f2874fe78_b.jpg,https://www.flickr.com/photos/47264866@N00/7452245870,OakleyOriginals,cc-by 2.0
cilantro/openverse_5aabf56a-9b1f-458e-940d-01cfe550d80e.jpg,cilantro,openverse:flickr,https://live.staticflickr.com/8715/16947318656_4c6cbc3091_b.jpg,https://www.flickr.com/photos/63947148@N00/16947318656,Jeremy Jenum,cc-by 2.0
cilantro/openverse_3da98d6e-8a36-4207-955f-11815c95756e.jpg,cilantro,openverse:flickr,https://live.staticflickr.com/3524/3803302936_4a4933d144_b.jpg,https://www.flickr.com/photos/25128194@N02/3803302936,Vegan Feast Catering,cc-by 2.0
cilantro/openverse_d4c22ccc-d927-49c4-bc9c-98dccfe646b6.jpg,cilantro,openverse:flickr,https://live.staticflickr.com/2683/4340698004_cab459bbcb_b.jpg,https://www.flickr.com/photos/10559879@N00/4340698004,avlxyz,cc-by-sa 2.0
cilantro/openverse_791aa083-4357-4a3d-8a57-22dd43d7644a.jpg,cilantro,openverse:flickr,https://live.staticflickr.com/7096/7365342692_389e373c94_b.jpg,https://www.flickr.com/photos/47264866@N00/7365342692,OakleyOriginals,cc-by 2.0
cilantro/openverse_c53efe4b-c340-41fd-b22d-9599d8c51b47.jpg,cilantro,openverse:flickr,https://live.staticflickr.com/7367/9778599393_0d36a9464c_b.jpg,https://www.flickr.com/photos/7927684@N03/9778599393,jeffreyw,cc-by 2.0
cilantro/openverse_eb60e3ab-01cd-4c30-bc8f-b6fe2ce39212.jpg,cilantro,openverse:flickr,https://live.staticflickr.com/4024/4353094890_2d641a092b_b.jpg,https://www.flickr.com/photos/25128194@N02/4353094890,Vegan Feast Catering,cc-by 2.0
cilantro/openverse_b95b5702-d18c-4a36-8c9e-ba4dd79d8788.jpg,cilantro,openverse:flickr,https://live.staticflickr.com/5001/5641299080_04991b6675_b.jpg,https://www.flickr.com/photos/38389073@N04/5641299080,Jamiesrabbits,cc-by 2.0
cilantro/openverse_a1015cbf-4baf-4941-ae5a-2d78e9014ea7.jpg,cilantro,openverse:flickr,https://live.staticflickr.com/4070/4567435499_e0dc0a07d4_b.jpg,https://www.flickr.com/photos/34048699@N07/4567435499,Saucy Salad,cc-by 2.0
cilantro/openverse_96d52744-8f5e-48fe-9a9f-54428e4b7f90.jpg,cilantro,openverse:flickr,https://live.staticflickr.com/3772/12735277103_81fc5a4d09_b.jpg,https://www.flickr.com/photos/27129991@N03/12735277103,annieseats,cc-by-nd 2.0
cilantro/openverse_c98514a9-f779-47aa-95d4-8373c11b90ca.jpg,cilantro,openverse:flickr,https://live.staticflickr.com/2624/3712292522_1b60a32154_b.jpg,https://www.flickr.com/photos/40384217@N06/3712292522,jordanmit09,cc-by 2.0
cilantro/openverse_2231abcc-582a-4fe2-94db-332bd4dd5825.jpg,cilantro,openverse:flickr,https://live.staticflickr.com/4127/5025133154_63d544e1ba_b.jpg,https://www.flickr.com/photos/25128194@N02/5025133154,Vegan Feast Catering,cc-by 2.0
cilantro/openverse_d8825b02-2a67-4e1e-aee9-24d915c9417c.jpg,cilantro,openverse:flickr,https://live.staticflickr.com/2621/3708427388_69a2e0fff5_b.jpg,https://www.flickr.com/photos/80093862@N00/3708427388,Gudlyf,cc-by 2.0
cilantro/openverse_c6d73a92-cdb5-404c-88aa-71a4c031918b.jpg,cilantro,openverse:flickr,https://live.staticflickr.com/3445/4556359517_90ede07914_b.jpg,https://www.flickr.com/photos/22251370@N02/4556359517,marc kjerland,cc-by-sa 2.0
cilantro/openverse_798bc630-7c7f-468a-9331-5cbdc50aee64.jpg,cilantro,openverse:flickr,https://live.staticflickr.com/3522/4605750966_e34fbd6f83_b.jpg,https://www.flickr.com/photos/25128194@N02/4605750966,Vegan Feast Catering,cc-by 2.0
cilantro/openverse_0845e0a0-3f49-4af6-ac60-ced22adc31e0.jpg,cilantro,openverse:flickr,https://live.staticflickr.com/3280/2875636522_cc652473bf_b.jpg,https://www.flickr.com/photos/22662305@N04/2875636522,jlastras,cc-by 2.0
cilantro/openverse_f167bc25-a6e0-4810-90e5-18a742a4622a.jpg,cilantro,openverse:flickr,https://live.staticflickr.com/2690/4203695335_72dbd0f888_b.jpg,https://www.flickr.com/photos/60167034@N00/4203695335,arvindgrover,cc-by-sa 2.0
cilantro/openverse_3860c163-d8c1-4418-89cf-f91fe8757d5a.jpg,cilantro,openverse:flickr,https://live.staticflickr.com/6214/6375100523_8688999318.jpg,https://www.flickr.com/photos/30760976@N04/6375100523,anokarina,cc-by-sa 2.0
cilantro/openverse_a576dfe8-f837-48af-8068-f5230485a5b6.jpg,cilantro,openverse:flickr,https://live.staticflickr.com/3376/3644897308_42bfbe87d0.jpg,https://www.flickr.com/photos/78693739@N00/3644897308,ercwttmn,cc-by-nd 2.0
cilantro/openverse_8562a5c4-4930-4803-ba32-9a1d03f48599.jpg,cilantro,openverse:flickr,https://live.staticflickr.com/8532/8527908912_2de21f7fa0_b.jpg,https://www.flickr.com/photos/54201263@N00/8527908912,Tavallai,cc-by-nd 2.0
cilantro/openverse_76d39a4e-0cc0-421f-95fb-ade1d383ec0f.jpg,cilantro,openverse:flickr,https://live.staticflickr.com/621/21938600802_e529dfb6ae_b.jpg,https://www.flickr.com/photos/7927684@N03/21938600802,jeffreyw,cc-by 2.0
cilantro/openverse_437cbeb7-eaed-4fbf-bd38-51b07c9c55ff.jpg,cilantro,openverse:flickr,https://live.staticflickr.com/147/424609220_11d66f2f06_b.jpg,https://www.flickr.com/photos/95413346@N00/424609220,Elvert Barnes,cc-by 2.0
cilantro/openverse_d675e71c-95b1-4f2c-a2d2-de8bea2dac14.jpg,cilantro,openverse:flickr,https://live.staticflickr.com/71/424607939_86aa72d224_b.jpg,https://www.flickr.com/photos/95413346@N00/424607939,Elvert Barnes,cc-by 2.0
cilantro/openverse_dcaf815d-bf7c-4b2f-93d6-fc9ff7628cd6.jpg,cilantro,openverse:flickr,https://live.staticflickr.com/3271/2834219735_b69d1f1f79_b.jpg,https://www.flickr.com/photos/62967061@N00/2834219735,Merelymel13,cc-by-sa 2.0
cilantro/openverse_a6e753f7-615b-472f-8e28-493b8d91c685.jpg,cilantro,openverse:flickr,https://live.staticflickr.com/178/424607951_ca03fd7640_b.jpg,https://www.flickr.com/photos/95413346@N00/424607951,Elvert Barnes,cc-by 2.0
cilantro/openverse_a6ed9e6d-c334-409b-9e8a-6cf5e86065cb.jpg,cilantro,openverse:flickr,https://live.staticflickr.com/173/424607945_ee20f0f384_b.jpg,https://www.flickr.com/photos/95413346@N00/424607945,Elvert Barnes,cc-by 2.0
cilantro/openverse_21fed14b-0ce1-4f01-a3d0-21a556c570d4.jpg,cilantro,openverse:flickr,https://live.staticflickr.com/8019/7312073532_089f8a9bab.jpg,https://www.flickr.com/photos/32461968@N00/7312073532,MichelleFelt,cc-by-nd 2.0
cilantro/openverse_8f171b14-3e13-4e88-b64c-63487b4fc020.jpg,cilantro,openverse:flickr,https://live.staticflickr.com/3421/3393624847_280f2f9777_b.jpg,https://www.flickr.com/photos/25128194@N02/3393624847,Vegan Feast Catering,cc-by 2.0
cilantro/openverse_e5d4b9d4-68c6-4950-a0e8-8fee42abab3c.jpg,cilantro,openverse:flickr,https://live.staticflickr.com/5728/22267255141_ea8e6e7d3b.jpg,https://www.flickr.com/photos/82179181@N04/22267255141,YellowGreenFarmersMarket,cc-by 2.0
cilantro/openverse_fd1e3cbf-116d-4901-83f2-21dbbeac7971.jpg,cilantro,openverse:flickr,https://live.staticflickr.com/161/424607941_e17e6f155a_b.jpg,https://www.flickr.com/photos/95413346@N00/424607941,Elvert Barnes,cc-by 2.0
cilantro/openverse_2394fdf9-e4d1-4e70-9fc3-104128112c87.jpg,cilantro,openverse:flickr,https://live.staticflickr.com/148/424607937_8bee342915_b.jpg,https://www.flickr.com/photos/95413346@N00/424607937,Elvert Barnes,cc-by 2.0
cilantro/openverse_0f2dc336-e103-45ae-a81e-c416b59cfd83.jpg,cilantro,openverse:flickr,https://live.staticflickr.com/3615/3644090693_fe746286ab.jpg,https://www.flickr.com/photos/78693739@N00/3644090693,ercwttmn,cc-by-nd 2.0
cilantro/openverse_50d4257f-29f9-4463-8df3-183e0c1dbeed.jpg,cilantro,openverse:flickr,https://live.staticflickr.com/2503/3711479459_9bbd936dc2_b.jpg,https://www.flickr.com/photos/40384217@N06/3711479459,jordanmit09,cc-by 2.0
cilantro/openverse_11c092c9-1029-4a8a-b134-b1e9dedd076b.jpg,cilantro,openverse:flickr,https://live.staticflickr.com/5212/5419981222_98239ff911_b.jpg,https://www.flickr.com/photos/58990192@N03/5419981222,time_anchor,cc-by 2.0
cilantro/openverse_5ccd1dfa-4a2d-40b5-b1b6-17eaf882f75f.jpg,cilantro,openverse:flickr,https://live.staticflickr.com/28/59403225_19c78533d4_b.jpg,https://www.flickr.com/photos/95413346@N00/59403225,Elvert Barnes,cc-by 2.0
cilantro/openverse_7a4935e0-d16e-46f7-9779-8e8cd92c4eea.jpg,cilantro,openverse:flickr,https://live.staticflickr.com/30/59403226_9beedb3b06_b.jpg,https://www.flickr.com/photos/95413346@N00/59403226,Elvert Barnes,cc-by 2.0
cilantro/openverse_940881d8-0a71-4004-9600-58206a4e846d.jpg,cilantro,openverse:flickr,https://live.staticflickr.com/4054/4352348209_e9b701f3e6_b.jpg,https://www.flickr.com/photos/25128194@N02/4352348209,Vegan Feast Catering,cc-by 2.0
cilantro/openverse_8dc11dfd-9e0c-4ea6-95d9-c0116aba79ff.jpg,cilantro,openverse:flickr,https://live.staticflickr.com/2825/11032444745_18b7e8d369.jpg,https://www.flickr.com/photos/22028494@N03/11032444745,TheSeafarer,cc-by 2.0
cilantro/openverse_748ca1cf-de1d-4bbd-a449-eda725a139c7.jpg,cilantro,openverse:flickr,https://live.staticflickr.com/158/424607958_6414bf041e_b.jpg,https://www.flickr.com/photos/95413346@N00/424607958,Elvert Barnes,cc-by 2.0
cilantro/openverse_1612089d-d704-4a7d-ab2e-223442d2ad6d.jpg,cilantro,openverse:flickr,https://live.staticflickr.com/7225/7312074548_c270761de1_b.jpg,https://www.flickr.com/photos/32461968@N00/7312074548,MichelleFelt,cc-by-nd 2.0
cilantro/openverse_9d19ee35-8abc-40f2-aaa3-550658e13ae5.jpg,cilantro,openverse:flickr,https://live.staticflickr.com/3219/2834219069_3ba791db50_b.jpg,https://www.flickr.com/photos/62967061@N00/2834219069,Merelymel13,cc-by-sa 2.0
cilantro/openverse_04e138ac-9cdd-466c-a7c1-16c5214f9367.jpg,cilantro,openverse:flickr,https://live.staticflickr.com/4145/5028121053_7768300077_b.jpg,https://www.flickr.com/photos/25128194@N02/5028121053,Vegan Feast Catering,cc-by 2.0
cilantro/openverse_958e6cd1-b9b3-4f9c-ac5a-c26b1008ea60.jpg,cilantro,openverse:flickr,https://live.staticflickr.com/4106/5028121071_b1b4c9e521_b.jpg,https://www.flickr.com/photos/25128194@N02/5028121071,Vegan Feast Catering,cc-by 2.0
cilantro/openverse_8135f0ee-50f5-41e5-81b8-c3f9b325f7ae.jpg,cilantro,openverse:flickr,https://live.staticflickr.com/2490/3708091176_e9a4a7d826_b.jpg,https://www.flickr.com/photos/11172002@N05/3708091176,aMichiganMom,cc-by 2.0
cilantro/openverse_80db58fd-a73d-4c46-a72a-d8d476119e9a.jpg,cilantro,openverse:flickr,https://live.staticflickr.com/5098/5419983064_8a30b95a4d_b.jpg,https://www.flickr.com/photos/58990192@N03/5419983064,time_anchor,cc-by 2.0
cilantro/openverse_2f223239-c3e6-47a8-9799-92a6d475247c.jpg,cilantro,openverse:flickr,https://live.staticflickr.com/5259/5419982142_eb667b442a_b.jpg,https://www.flickr.com/photos/58990192@N03/5419982142,time_anchor,cc-by 2.0
cilantro/openverse_d35b038e-fc2a-451d-b730-0ebdd9d8a7ef.jpg,cilantro,openverse:flickr,https://live.staticflickr.com/1964/43941996195_487fc52989_b.jpg,https://www.flickr.com/photos/48889115061@N01/43941996195,"Howdy, I'm H. Michael Karshis",cc-by 2.0
cilantro/openverse_3840e1c4-6688-4b3d-9f0a-908fb8f79be6.jpg,cilantro,openverse:flickr,https://live.staticflickr.com/4102/4783224548_def08b98a0_b.jpg,https://www.flickr.com/photos/25128194@N02/4783224548,Vegan Feast Catering,cc-by 2.0
cilantro/openverse_6305ebca-fd18-4a7c-bf39-12fed1758176.jpg,cilantro,openverse:flickr,https://live.staticflickr.com/4141/4783227012_0e3381f6c0_b.jpg,https://www.flickr.com/photos/25128194@N02/4783227012,Vegan Feast Catering,cc-by 2.0
cilantro/openverse_7700deb2-d7f4-47b9-84fe-fb22a0ba6103.jpg,cilantro,openverse:flickr,https://live.staticflickr.com/2343/5720262009_f2731a917f_b.jpg,https://www.flickr.com/photos/40164909@N00/5720262009,sbassi,cc-by 2.0
cilantro/openverse_509cee7b-3f30-4425-a6e0-45e2f6905d8e.jpg,cilantro,openverse:flickr,https://live.staticflickr.com/3499/3708091304_8cc8dfa4c1_b.jpg,https://www.flickr.com/photos/11172002@N05/3708091304,aMichiganMom,cc-by 2.0
cilantro/openverse_af4e3431-523b-4a6b-8dc1-a21950784e3c.jpg,cilantro,openverse:flickr,https://live.staticflickr.com/3610/3644090663_5c1b98130d.jpg,https://www.flickr.com/photos/78693739@N00/3644090663,ercwttmn,cc-by-nd 2.0
cilantro/openverse_0b3fb2e2-914e-4536-8f16-4aca04b81d0d.jpg,cilantro,openverse:flickr,https://live.staticflickr.com/4048/4421557507_8acebf1842_b.jpg,https://www.flickr.com/photos/10559879@N00/4421557507,avlxyz,cc-by-sa 2.0
cilantro/openverse_fe60bdf6-22b6-4f6e-87a9-48e7ed6725de.jpg,cilantro,openverse:flickr,https://live.staticflickr.com/4029/4422322856_41420ee3a0_b.jpg,https://www.flickr.com/photos/10559879@N00/4422322856,avlxyz,cc-by-sa 2.0
cilantro/openverse_1310d145-f205-4bf4-9457-eeaa26d99c01.jpg,cilantro,openverse:flickr,https://live.staticflickr.com/4028/4421558147_0d435c1d08_b.jpg,https://www.flickr.com/photos/10559879@N00/4421558147,avlxyz,cc-by-sa 2.0
cilantro/openverse_f3c42b5e-63a9-42de-97a7-4defbde0d265.jpg,cilantro,openverse:flickr,https://live.staticflickr.com/4024/4591227453_fdbfabacca_b.jpg,https://www.flickr.com/photos/10559879@N00/4591227453,avlxyz,cc-by-sa 2.0
cilantro/openverse_fff55622-e669-4688-be3a-d743a9967daf.jpg,cilantro,openverse:flickr,https://live.staticflickr.com/4033/4591848686_38b3bb8455_b.jpg,https://www.flickr.com/photos/10559879@N00/4591848686,avlxyz,cc-by-sa 2.0
cilantro/openverse_fa5f14d4-1367-43bf-92dd-90cdaddd45cb.jpg,cilantro,openverse:flickr,https://live.staticflickr.com/4028/4659127511_a935a912ff_b.jpg,https://www.flickr.com/photos/10559879@N00/4659127511,avlxyz,cc-by-sa 2.0
cilantro/openverse_d102e75f-0f40-4000-b3fa-feac19020c04.jpg,cilantro,openverse:wordpress,https://pd.w.org/2026/07/3276a65b676034164.29351289-1536x2048.jpeg,https://wordpress.org/photos/photo/3276a65b67/,Bigul Malayi,cc-cc0 1.0
cilantro/openverse_0a4ec5a8-6956-45b7-8090-2876f4a205e0.jpg,cilantro,openverse:flickr,https://live.staticflickr.com/65535/51735526161_0110422075_b.jpg,https://www.flickr.com/photos/34128007@N04/51735526161,Thank You (23 Millions+) views,cc-by 2.0
cilantro/openverse_c614654f-7660-40c4-b1dd-756e4f6647d6.jpg,cilantro,openverse:flickr,https://live.staticflickr.com/7110/7565051898_dd2d516b5e_b.jpg,https://www.flickr.com/photos/49215102@N00/7565051898,goodiesfirst,cc-by 2.0
cilantro/openverse_61d5aadf-d55d-4ac1-9369-340970f7c79d.jpg,cilantro,openverse:flickr,https://live.staticflickr.com/3787/19639812476_cab9b020d7_b.jpg,https://www.flickr.com/photos/85979850@N00/19639812476,ewen and donabel,cc-by 2.0
cilantro/openverse_f3783e9c-59e2-4c78-ab0e-d617e05a6885.jpg,cilantro,openverse:flickr,https://live.staticflickr.com/5059/5400133775_1a7ff20363.jpg,https://www.flickr.com/photos/58915463@N05/5400133775,JUL7777,cc-by-sa 2.0
cilantro/openverse_71be794a-0d3a-480d-9dd2-c80c475fdff1.jpg,cilantro,openverse:flickr,https://live.staticflickr.com/5141/5596440801_63db107a1b_b.jpg,https://www.flickr.com/photos/47854142@N04/5596440801,TheHungryDudes,cc-by 2.0
cilantro/openverse_e176b574-66d7-493e-bbe1-f1736e576c97.jpg,cilantro,openverse:flickr,https://live.staticflickr.com/7832/46464681964_7daa04a612_b.jpg,https://www.flickr.com/photos/68147320@N02/46464681964,T.Tseng,cc-by 2.0
cilantro/openverse_f0b5c27a-c912-4be3-a469-110e33bfadb4.jpg,cilantro,openverse:flickr,https://live.staticflickr.com/1283/4605945967_518b60545d.jpg,https://www.flickr.com/photos/35899785@N00/4605945967,ShashiBellamkonda,cc-by 2.0
cilantro/openverse_58cefd56-450e-4ce1-b65a-2e88df4c7ac4.jpg,cilantro,openverse:flickr,https://live.staticflickr.com/7805/32246335457_43069cf0d4_b.jpg,https://www.flickr.com/photos/68147320@N02/32246335457,T.Tseng,cc-by 2.0
cilantro/openverse_e44445e0-4e3a-4b3f-88fd-e9d1716c1a8a.jpg,cilantro,openverse:flickr,https://live.staticflickr.com/2449/3828354335_e9ae1ac1c0_b.jpg,https://www.flickr.com/photos/25128194@N02/3828354335,Vegan Feast Catering,cc-by 2.0
cilantro/openverse_342f6abf-8124-446d-8694-674d6e7e1645.jpg,cilantro,openverse:flickr,https://live.staticflickr.com/3743/11390457753_51312b76cc_b.jpg,https://www.flickr.com/photos/93586105@N07/11390457753,Marinate Me Baby,cc-by-sa 2.0
cilantro/openverse_bb271592-e0fd-47d0-ab87-6ae730e4b59f.jpg,cilantro,openverse:flickr,https://live.staticflickr.com/1951/30567531577_53101cc5f2_b.jpg,https://www.flickr.com/photos/155807330@N05/30567531577,ella.o,cc-by 2.0
cilantro/openverse_4f9ae0bc-28bc-4614-91e6-e5dcbec73fdd.jpg,cilantro,openverse:flickr,https://live.staticflickr.com/2609/3756371459_17c3b3a379_b.jpg,https://www.flickr.com/photos/25128194@N02/3756371459,Vegan Feast Catering,cc-by 2.0
cilantro/openverse_a3830ec4-f33a-4d2a-90f5-8fcccd76ac0f.jpg,cilantro,openverse:flickr,https://live.staticflickr.com/4094/4875795274_f708dc8c6a.jpg,https://www.flickr.com/photos/8174757@N02/4875795274,emmadiscovery,cc-by 2.0
cilantro/openverse_64325629-cac0-4d4a-aff4-fd36070f0ee1.jpg,cilantro,openverse:flickr,https://live.staticflickr.com/8288/7694554698_cd78742233_b.jpg,https://www.flickr.com/photos/12198857@N00/7694554698,_BuBBy_,cc-by 2.0
cilantro/openverse_d53c5197-a97c-47e4-9a8d-60c8912c1340.jpg,cilantro,openverse:flickr,https://live.staticflickr.com/4014/4660534456_47a7c092ca_b.jpg,https://www.flickr.com/photos/12670507@N02/4660534456,gamene,cc-by 2.0
cilantro/openverse_80f3174b-bf92-41f4-9dba-ab9cb4c91405.jpg,cilantro,openverse:flickr,https://live.staticflickr.com/2250/2214743444_6cc5a888de_b.jpg,https://www.flickr.com/photos/98545783@N00/2214743444,Qfamily,cc-by 2.0
cilantro/openverse_61299a5f-a7d4-4491-8c7f-92f0053ecaf2.jpg,cilantro,openverse:flickr,https://live.staticflickr.com/3042/2617919931_9f0240c033_b.jpg,https://www.flickr.com/photos/25016563@N00/2617919931,miikkahoo,cc-by-sa 2.0
cilantro/openverse_1bc2f8d3-e268-4d13-b3fd-ee774f6d3689.jpg,cilantro,openverse:flickr,https://live.staticflickr.com/2733/4416185107_5c1a497e7a_b.jpg,https://www.flickr.com/photos/10559879@N00/4416185107,avlxyz,cc-by-sa 2.0
cilantro/openverse_df7deb59-18e7-456c-b272-c6fd007a5a97.jpg,cilantro,openverse:flickr,https://live.staticflickr.com/5173/5452047929_3b94e3670a.jpg,https://www.flickr.com/photos/8404611@N06/5452047929,Walt Stoneburner,cc-by 2.0
cilantro/openverse_068d4cf7-c0b3-4117-9103-c2ee024e2e3a.jpg,cilantro,openverse:flickr,https://live.staticflickr.com/1050/4596479998_7a349f3c0e_b.jpg,https://www.flickr.com/photos/31960803@N07/4596479998,joshuaheller,cc-by 2.0
cilantro/openverse_a1e7367b-84d4-4964-87d4-13335765e83f.jpg,cilantro,openverse:flickr,https://live.staticflickr.com/2074/2365979883_b9ac98336e.jpg,https://www.flickr.com/photos/54104297@N00/2365979883,pure.sugar,cc-by-nd 2.0
cilantro/openverse_96058af8-dbc1-4978-b030-be3efb282cd3.jpg,cilantro,openverse:flickr,https://live.staticflickr.com/3599/3345999398_2141c4ebda_b.jpg,https://www.flickr.com/photos/60167034@N00/3345999398,arvindgrover,cc-by-sa 2.0
cilantro/openverse_cc14b784-e775-47f6-b2cd-346aaad6b09c.jpg,cilantro,openverse:flickr,https://live.staticflickr.com/4071/4389391815_fefb76e78c_b.jpg,https://www.flickr.com/photos/10710442@N08/4389391815,Steve Snodgrass,cc-by 2.0
cilantro/openverse_acaafbdb-4515-4acd-94cc-9292fb219f4c.jpg,cilantro,openverse:flickr,https://live.staticflickr.com/1/94800_ce983f5aa6_m.jpg,https://www.flickr.com/photos/37996589754@N01/94800,fo.ol,cc-by-sa 2.0
cilantro/openverse_b6d80499-8c15-4465-a094-a268f81c7e6c.jpg,cilantro,openverse:flickr,https://live.staticflickr.com/7205/6783274502_746007d231_b.jpg,https://www.flickr.com/photos/50284194@N00/6783274502,Rooey202,cc-by 2.0
cilantro/openverse_6a86eb2a-b9a2-4250-9497-4eea8f301993.jpg,cilantro,openverse:flickr,https://live.staticflickr.com/7143/6648325539_816b1e35f9_b.jpg,https://www.flickr.com/photos/34048699@N07/6648325539,Saucy Salad,cc-by 2.0
cilantro/openverse_f5582c73-e8e1-4d47-8a02-61a37ec5ffbc.jpg,cilantro,openverse:flickr,https://live.staticflickr.com/3001/3107353125_125f61ef06.jpg,https://www.flickr.com/photos/49215102@N00/3107353125,goodiesfirst,cc-by 2.0
cilantro/openverse_7ebb0c50-bb32-479f-99bc-7ec0a860a889.jpg,cilantro,openverse:flickr,https://live.staticflickr.com/3125/2610849820_d9cd2d1f04_b.jpg,https://www.flickr.com/photos/25016563@N00/2610849820,miikkahoo,cc-by-sa 2.0
cilantro/openverse_3746ec23-6220-40aa-a209-baa8edc99d73.jpg,cilantro,openverse:flickr,https://live.staticflickr.com/2557/3757172908_f374875cd4_b.jpg,https://www.flickr.com/photos/25128194@N02/3757172908,Vegan Feast Catering,cc-by 2.0
cilantro/openverse_c014de76-81a9-404f-b34d-095016498176.jpg,cilantro,openverse:flickr,https://live.staticflickr.com/5207/5304804710_4552b22a8c_b.jpg,https://www.flickr.com/photos/54201263@N00/5304804710,Tavallai,cc-by-nd 2.0
cilantro/openverse_dad4f413-d8fb-41c0-b0c0-0caaa4ae4758.jpg,cilantro,openverse:flickr,https://live.staticflickr.com/35/116591776_152429702a_b.jpg,https://www.flickr.com/photos/49062413@N00/116591776,Helga's Lobster Stew,cc-by 2.0
cilantro/openverse_65233453-8280-4392-8db7-7181d950017c.jpg,cilantro,openverse:flickr,https://live.staticflickr.com/2636/4119725831_05824401a8_b.jpg,https://www.flickr.com/photos/22662305@N04/4119725831,jlastras,cc-by 2.0
cilantro/openverse_9889b8d9-0f90-4445-8254-bddcc0464ef4.jpg,cilantro,openverse:flickr,https://live.staticflickr.com/3126/3169602408_09ffe07c6d_b.jpg,https://www.flickr.com/photos/54357435@N00/3169602408,valkyrieh116,cc-by-sa 2.0
cilantro/openverse_4991a1a9-915d-486e-b50f-86384163e93c.jpg,cilantro,openverse:flickr,https://live.staticflickr.com/131/389376365_ffb16d92c6_b.jpg,https://www.flickr.com/photos/71503020@N00/389376365,Drab Makyo,cc-by 2.0
cilantro/openverse_3ee20aa7-d639-4c5c-90de-00a6ad6e9af0.jpg,cilantro,openverse:flickr,https://live.staticflickr.com/4427/36763979250_98d6abf504_b.jpg,https://www.flickr.com/photos/24517459@N00/36763979250,askmir,cc-by-sa 2.0
cilantro/openverse_87bb0c38-a4fd-4400-860d-8e559f93f756.jpg,cilantro,openverse:flickr,https://live.staticflickr.com/3575/3806116055_b038821a9c_b.jpg,https://www.flickr.com/photos/25128194@N02/3806116055,Vegan Feast Catering,cc-by 2.0
cilantro/openverse_976b74ff-1316-4d68-b7c9-062d205d0b15.jpg,cilantro,openverse:flickr,https://live.staticflickr.com/3520/3857875183_9a4882e05b_b.jpg,https://www.flickr.com/photos/35394608@N04/3857875183,jewell willett,cc-by 2.0
cilantro/openverse_0e3b6f25-d01a-4785-bbe5-d41c1481479a.jpg,cilantro,openverse:flickr,https://live.staticflickr.com/8181/8032248973_d464eab572.jpg,https://www.flickr.com/photos/89965849@N00/8032248973,takaokun,cc-by 2.0
cilantro/openverse_46d2d533-d958-4436-972b-d652adf3306c.jpg,cilantro,openverse:flickr,https://live.staticflickr.com/2707/4497942099_3146217852_b.jpg,https://www.flickr.com/photos/25128194@N02/4497942099,Vegan Feast Catering,cc-by 2.0
cilantro/openverse_af03077e-e8bc-4ff8-b8f5-3928e69b1be4.jpg,cilantro,openverse:flickr,https://live.staticflickr.com/4022/4498579646_451d7ca02c_b.jpg,https://www.flickr.com/photos/25128194@N02/4498579646,Vegan Feast Catering,cc-by 2.0
cilantro/openverse_bbcf3666-f64a-4260-bcf1-8dabbc4b32b4.jpg,cilantro,openverse:flickr,https://live.staticflickr.com/3827/33388925902_787e84da9c_b.jpg,https://www.flickr.com/photos/68147320@N02/33388925902,T.Tseng,cc-by 2.0
cilantro/openverse_8e162656-e7a1-49f7-ad20-1787e1ffdefe.jpg,cilantro,openverse:flickr,https://live.staticflickr.com/722/32454753244_a2745c9fca_b.jpg,https://www.flickr.com/photos/68147320@N02/32454753244,T.Tseng,cc-by 2.0
cilantro/openverse_c997a644-4af5-465b-a6ce-f2cecf91bc57.jpg,cilantro,openverse:flickr,https://live.staticflickr.com/8381/8538874330_227d81cc8d_b.jpg,https://www.flickr.com/photos/63585301@N08/8538874330,easycooking,cc-by 2.0
cilantro/openverse_edc88c0b-f1c4-4f3b-9c89-7191a0530d98.jpg,cilantro,openverse:flickr,https://live.staticflickr.com/2039/2214742930_d30197fea9_b.jpg,https://www.flickr.com/photos/98545783@N00/2214742930,Qfamily,cc-by 2.0
cilantro/openverse_a5150dab-8988-404c-a13b-578ebef61533.jpg,cilantro,openverse:flickr,https://live.staticflickr.com/1570/25390541575_59f0c0cfc1_b.jpg,https://www.flickr.com/photos/95142644@N00/25390541575,Ruth and Dave,cc-by 2.0
cilantro/openverse_04863302-a94c-47d7-a350-f71d8a5d6f11.jpg,cilantro,openverse:flickr,https://live.staticflickr.com/4355/37231986585_694c92d238_b.jpg,https://www.flickr.com/photos/63311602@N08/37231986585,loustejskal.com,cc-by 2.0
cilantro/openverse_262e96eb-8f0a-4841-ba6f-be79b3fb1031.jpg,cilantro,openverse:flickr,https://live.staticflickr.com/207/498818290_70621e9e75.jpg,https://www.flickr.com/photos/49215102@N00/498818290,goodiesfirst,cc-by 2.0
cilantro/openverse_06ca29f2-269e-4c81-b3d6-7dd6fb6cd2da.jpg,cilantro,openverse:flickr,https://live.staticflickr.com/3753/8929677286_981308ccf7.jpg,https://www.flickr.com/photos/77315663@N00/8929677286,Farther Along,cc-by 2.0
cilantro/openverse_0568a3f2-aba9-4b2b-8359-046cb58f8eb7.jpg,cilantro,openverse:flickr,https://live.staticflickr.com/5049/5338133512_dcb3afdcd5_b.jpg,https://www.flickr.com/photos/30387039@N05/5338133512,michpc26,cc-by-nd 2.0
cilantro/openverse_e9945fc9-7089-4d3c-ab22-1ccd81d30273.jpg,cilantro,openverse:flickr,https://live.staticflickr.com/8331/29495168656_d7d194695e.jpg,https://www.flickr.com/photos/27410581@N07/29495168656,theimpulsivebuy,cc-by-sa 2.0
cilantro/openverse_8d2e5cac-2afc-43b8-b245-dfd612d73bd0.jpg,cilantro,openverse:flickr,https://live.staticflickr.com/3496/4034512802_7ef3742273_b.jpg,https://www.flickr.com/photos/19762676@N00/4034512802,austinevan,cc-by 2.0
cilantro/openverse_c7643a59-04b8-4176-9380-8d08d361f5e7.jpg,cilantro,openverse:flickr,https://live.staticflickr.com/4113/5088600106_47ef11abb3_b.jpg,https://www.flickr.com/photos/11112304@N00/5088600106,wonderyort,cc-by-sa 2.0
cilantro/openverse_e638c72a-09af-4af7-ac12-a1f072012c04.jpg,cilantro,openverse:flickr,https://live.staticflickr.com/7587/16771588090_7cd7ed7083.jpg,https://www.flickr.com/photos/58972197@N00/16771588090,starpause kid,cc-by 2.0
cilantro/openverse_01c6b632-acef-4cf4-b958-208310059566.jpg,cilantro,openverse:flickr,https://live.staticflickr.com/503/18505691789_924f7f0404.jpg,https://www.flickr.com/photos/15175220@N05/18505691789,:: De todos los Colores ::,cc-by 2.0
cilantro/openverse_2ca236d7-24af-4d2d-ac50-f68f914b9c48.jpg,cilantro,openverse:flickr,https://live.staticflickr.com/769/23078803804_335d11a5c0_b.jpg,https://www.flickr.com/photos/68147320@N02/23078803804,T.Tseng,cc-by 2.0
cilantro/openverse_d1c9095e-f9ec-4222-ad45-9a23c0c25d18.jpg,cilantro,openverse:flickr,https://live.staticflickr.com/5548/9354714807_4a37107b3a_b.jpg,https://www.flickr.com/photos/68147320@N02/9354714807,T.Tseng,cc-by 2.0
cilantro/openverse_e05f41d3-a8cd-47e7-8663-85891ef691b5.jpg,cilantro,openverse:flickr,https://live.staticflickr.com/7304/11390435923_b16730789a_b.jpg,https://www.flickr.com/photos/93586105@N07/11390435923,Marinate Me Baby,cc-by-sa 2.0
cilantro/openverse_0b4230a1-a902-4158-81bd-ea2e5236b1d2.jpg,cilantro,openverse:flickr,https://live.staticflickr.com/5663/23339001559_24b8bcccde_b.jpg,https://www.flickr.com/photos/68147320@N02/23339001559,T.Tseng,cc-by 2.0
cilantro/openverse_1d0cac12-a7ab-4417-be37-033c11ae9bd5.jpg,cilantro,openverse:flickr,https://live.staticflickr.com/7401/11429406713_09e7e95e31_b.jpg,https://www.flickr.com/photos/91188380@N05/11429406713,elsie.hui,cc-by 2.0
cilantro/openverse_be866909-837a-4f74-927d-a6a3042b7035.jpg,cilantro,openverse:flickr,https://live.staticflickr.com/4501/23521254738_b8c7f7e68c_b.jpg,https://www.flickr.com/photos/63311602@N08/23521254738,loustejskal.com,cc-by 2.0
cilantro/openverse_be294a10-c578-4b82-bd00-f15b5323490f.jpg,cilantro,openverse:flickr,https://live.staticflickr.com/7271/7594948190_15461fa4bc_b.jpg,https://www.flickr.com/photos/82815184@N03/7594948190,You As A Machine,cc-by-sa 2.0
cilantro/openverse_ec842d39-5188-434b-bb30-43d2a88285ef.jpg,cilantro,openverse:flickr,https://live.staticflickr.com/7432/10279516184_90c0ccdaa5_b.jpg,https://www.flickr.com/photos/73768526@N00/10279516184,lunar obverse,cc-by 2.0
cilantro/openverse_aedd9da9-bdd7-4719-be72-49f157cc34c0.jpg,cilantro,openverse:flickr,https://live.staticflickr.com/1636/25801460840_7b458bb0b4_b.jpg,https://www.flickr.com/photos/85979850@N00/25801460840,ewen and donabel,cc-by 2.0
cilantro/openverse_26deaf7e-5ba0-47b1-a518-151094fd27ad.jpg,cilantro,openverse:flickr,https://live.staticflickr.com/65535/52441882262_1871b2cf9b_b.jpg,https://www.flickr.com/photos/60944636@N00/52441882262,el cajon yacht club,cc-by 2.0
cilantro/openverse_f15eaf19-5c92-42cb-bb47-c533be723d1e.jpg,cilantro,openverse:flickr,https://live.staticflickr.com/1406/5170184520_c2b1d6ec0d_b.jpg,https://www.flickr.com/photos/85945814@N00/5170184520,coneybeare,cc-by 2.0
cilantro/openverse_bd1b1002-f9be-47ab-b03a-c26da7d45f39.jpg,cilantro,openverse:flickr,https://live.staticflickr.com/65535/49030614418_6ef424b334_b.jpg,https://www.flickr.com/photos/185400655@N03/49030614418,haas.trisha,cc-by 2.0
cilantro/openverse_4eebb897-ac49-44f2-b918-098297366543.jpg,cilantro,openverse:rawpixel,https://images.rawpixel.com/editor_1024/czNmcy1wcml2YXRlL3Jhd3BpeGVsX2ltYWdlcy93ZWJzaXRlX2NvbnRlbnQvbHIvZmw1MDU5NDg5Mzk0MS1pbWFnZS1reWNpb3huZi5qcGc.jpg,https://www.rawpixel.com/image/6074654/cilantro,,cc-cc0 1.0
cilantro/openverse_357176ed-1cc1-4580-a054-978c7d439b5b.jpg,cilantro,openverse:flickr,https://live.staticflickr.com/1287/554067346_885a49be93_b.jpg,https://www.flickr.com/photos/38465931@N00/554067346,Michael_Lehet,cc-by-nd 2.0
cilantro/openverse_5608161b-2fd3-4c53-b064-878fefb9a9c6.jpg,cilantro,openverse:flickr,https://live.staticflickr.com/4142/4784186115_2bc3f4bc0c_b.jpg,https://www.flickr.com/photos/29021314@N07/4784186115,IcronticPrime,cc-by-nd 2.0
cilantro/openverse_d293a843-373d-4ab5-8487-8b67c1e74852.jpg,cilantro,openverse:flickr,https://live.staticflickr.com/7093/7187752987_9d2a77879d.jpg,https://www.flickr.com/photos/66419320@N00/7187752987,julesjulesjules m,cc-by 2.0
cilantro/openverse_0d3975bd-769e-4572-805a-285d662f11ef.jpg,cilantro,openverse:flickr,https://live.staticflickr.com/8107/8655950291_473073c18f_b.jpg,https://www.flickr.com/photos/47264866@N00/8655950291,OakleyOriginals,cc-by 2.0
cilantro/openverse_97e6cad8-de9b-4b04-9b68-caa26cf7c2ef.jpg,cilantro,openverse:flickr,https://live.staticflickr.com/3637/3620652747_656998b500_b.jpg,https://www.flickr.com/photos/47264866@N00/3620652747,OakleyOriginals,cc-by 2.0
cilantro/openverse_54eb7e2b-387e-4390-9bf1-6939ff4acbc3.jpg,cilantro,openverse:flickr,https://live.staticflickr.com/1012/4602887520_fe0288d649_b.jpg,https://www.flickr.com/photos/11155746@N00/4602887520,idovermani,cc-by 2.0
cilantro/openverse_e2b80776-4d42-4269-b2ca-c89c03de6aa7.jpg,cilantro,openverse:flickr,https://live.staticflickr.com/8288/7594420152_94737c8b90_b.jpg,https://www.flickr.com/photos/82815184@N03/7594420152,You As A Machine,cc-by-sa 2.0
cilantro/openverse_5384ea69-791d-4bc0-bb6c-e7ebad67d1c0.jpg,cilantro,openverse:flickr,https://live.staticflickr.com/4071/4568070382_a464dcc673_b.jpg,https://www.flickr.com/photos/34048699@N07/4568070382,Saucy Salad,cc-by 2.0
cilantro/openverse_c5e2b0e9-59f2-4ddb-8c20-343da810a5d8.jpg,cilantro,openverse:flickr,https://live.staticflickr.com/4137/4784819730_57f2edd0fa_b.jpg,https://www.flickr.com/photos/29021314@N07/4784819730,IcronticPrime,cc-by-nd 2.0
cilantro/openverse_35387f35-5727-4311-a5e8-031ceed890ae.jpg,cilantro,openverse:flickr,https://live.staticflickr.com/2789/4349116635_1220b9b67f.jpg,https://www.flickr.com/photos/22198928@N00/4349116635,thebittenword.com,cc-by 2.0
cilantro/openverse_6d993cd4-f704-4c54-bb38-4bd8cb200c31.jpg,cilantro,openverse:flickr,https://live.staticflickr.com/1206/1388067003_f43a0d47ec.jpg,https://www.flickr.com/photos/13596192@N03/1388067003,Wizan Zaini,cc-by 2.0
cilantro/openverse_9e8945ce-b66c-4ca5-a9b0-d94250fc8985.jpg,cilantro,openverse:flickr,https://live.staticflickr.com/3296/2610854664_131caf6201_b.jpg,https://www.flickr.com/photos/25016563@N00/2610854664,miikkahoo,cc-by-sa 2.0
cilantro/openverse_c65ab24f-2c77-4a0b-966d-303d1c3441a0.jpg,cilantro,openverse:flickr,https://live.staticflickr.com/3310/3586950020_c1877b6663_b.jpg,https://www.flickr.com/photos/83886716@N00/3586950020,larryjh1234,cc-by 2.0
cilantro/openverse_b223fa20-8a8c-4f33-b51b-8fd3fb9deab5.jpg,cilantro,openverse:flickr,https://live.staticflickr.com/3345/4603186538_b929f3ac62_b.jpg,https://www.flickr.com/photos/47264866@N00/4603186538,OakleyOriginals,cc-by 2.0
cilantro/openverse_3a6c7afd-ad7f-444f-8604-79e509291338.jpg,cilantro,openverse:flickr,https://live.staticflickr.com/4126/4994382156_68b9ba2937_b.jpg,https://www.flickr.com/photos/27635119@N08/4994382156,JackieI2020,cc-by 2.0
cilantro/openverse_5aa75ed4-a70a-48f7-b931-134977af11ce.jpg,cilantro,openverse:flickr,https://live.staticflickr.com/7174/6534182989_c3fefa822c_b.jpg,https://www.flickr.com/photos/75921150@N00/6534182989,AVID Vines,cc-by 2.0
cilantro/openverse_f7c6d338-dbd7-47f5-8cd8-e89cf444405c.jpg,cilantro,openverse:flickr,https://live.staticflickr.com/8529/8542495545_58fd96047a.jpg,https://www.flickr.com/photos/39804614253@N01/8542495545,dollen,cc-by 2.0
cilantro/openverse_e82f3b6d-8d8b-4560-acb0-bde4fd3e6864.jpg,cilantro,openverse:flickr,https://live.staticflickr.com/4070/4621623177_fcf21c63c2_b.jpg,https://www.flickr.com/photos/47264866@N00/4621623177,OakleyOriginals,cc-by 2.0
cilantro/openverse_c9676b6e-ae76-4d54-bc6c-4700b01d600a.jpg,cilantro,openverse:flickr,https://live.staticflickr.com/13/19699442_f1182fb4b1.jpg,https://www.flickr.com/photos/37996589754@N01/19699442,fo.ol,cc-by-sa 2.0
cilantro/openverse_425cf376-41f0-484a-8dae-d250c3067d6d.jpg,cilantro,openverse:flickr,https://live.staticflickr.com/2095/2440461543_4029e41128_b.jpg,https://www.flickr.com/photos/89804841@N00/2440461543,thomas pix,cc-by 2.0
cilantro/openverse_b03bf2d2-9745-4463-b50b-25f0f7c465b6.jpg,cilantro,openverse:flickr,https://live.staticflickr.com/3055/2827728265_1c9bb98de1.jpg,https://www.flickr.com/photos/29998460@N04/2827728265,Jasmine&Roses,cc-by-nd 2.0
cilantro/openverse_06e6fa89-a416-48fc-a285-4da494df3fad.jpg,cilantro,openverse:flickr,https://live.staticflickr.com/3346/3339256814_1d3a0cea90_b.jpg,https://www.flickr.com/photos/18362614@N00/3339256814,heymrleej,cc-by-sa 2.0
cilantro/openverse_bda1df9b-5e76-4cf8-b43d-5ce55f4ca7fc.jpg,cilantro,openverse:flickr,https://live.staticflickr.com/8072/8305202451_ef2c2509a5_b.jpg,https://www.flickr.com/photos/51035771951@N01/8305202451,Ray Sawhill,cc-by 2.0
cilantro/openverse_8c1b29dd-01d7-4f8e-a813-7f996123e2a2.jpg,cilantro,openverse:flickr,https://live.staticflickr.com/6044/6233842848_778f1ee851_b.jpg,https://www.flickr.com/photos/14829735@N00/6233842848,dullhunk,cc-by 2.0
cilantro/openverse_688bca7b-cd65-4a4a-b230-7e6f64c93d8d.jpg,cilantro,openverse:flickr,https://live.staticflickr.com/183/373617645_85ffe39d90_b.jpg,https://www.flickr.com/photos/59837616@N00/373617645,r0bz,cc-by 2.0
cilantro/openverse_e784cb78-6fd6-44b4-a861-226892690f26.jpg,cilantro,openverse:flickr,https://live.staticflickr.com/65535/49974276306_0c079fd45c_b.jpg,https://www.flickr.com/photos/63324741@N04/49974276306,spurekar,cc-by 2.0
cilantro/openverse_ca959d8c-678b-4fb8-9cf7-114d4dc414ba.jpg,cilantro,openverse:flickr,https://live.staticflickr.com/2266/2279553607_a39481c16f_b.jpg,https://www.flickr.com/photos/56525796@N00/2279553607,benketaro,cc-by 2.0
cilantro/openverse_f055697f-baa9-44d6-b11f-03646858ec18.jpg,cilantro,openverse:flickr,https://live.staticflickr.com/1825/42642519934_25d2ed1dce_b.jpg,https://www.flickr.com/photos/58690077@N08/42642519934,BryonLippincott,cc-by-nd 2.0
cilantro/openverse_6ca3a686-884c-46c8-9606-00e2cde40171.jpg,cilantro,openverse:flickr,https://live.staticflickr.com/348/18828198343_0c4d0c3c65_b.jpg,https://www.flickr.com/photos/35297772@N00/18828198343,Rob.Bertholf,cc-by 2.0
cilantro/openverse_52907a9f-3b93-4c08-91c1-9a29a1168cd2.jpg,cilantro,openverse:flickr,https://live.staticflickr.com/5223/5607092512_43b038b28d.jpg,https://www.flickr.com/photos/36842913@N08/5607092512,SummerTomato,cc-by 2.0
cilantro/openverse_d46d4f38-ddb6-43ac-a1a2-d08c5aad5540.jpg,cilantro,openverse:flickr,https://live.staticflickr.com/3476/3749770695_48820bea34_b.jpg,https://www.flickr.com/photos/39404326@N02/3749770695,Annie Mueller,cc-by-sa 2.0
cilantro/openverse_92445cdd-7a6b-4143-8da8-ab71b30faced.jpg,cilantro,openverse:flickr,https://live.staticflickr.com/3769/9692682751_c8d5c0eb36.jpg,https://www.flickr.com/photos/34823437@N04/9692682751,amberdegrace,cc-by 2.0
cilantro/openverse_0050ff31-49c7-45a6-b477-3b5d8e93903f.jpg,cilantro,openverse:flickr,https://live.staticflickr.com/2439/3846788150_4ef61eb018_b.jpg,https://www.flickr.com/photos/26326001@N08/3846788150,flippinyank,cc-by 2.0
cilantro/openverse_95ff1e1d-f4ab-40d8-bb11-fa3652258660.jpg,cilantro,openverse:flickr,https://live.staticflickr.com/8035/7955911472_60df118fec_m.jpg,https://www.flickr.com/photos/86736908@N06/7955911472,Budom,cc-by 2.0
cilantro/openverse_80d3c0ba-3911-447c-8f18-81704a3d71db.jpg,cilantro,openverse:flickr,https://live.staticflickr.com/7262/7523952272_98753fe204_b.jpg,https://www.flickr.com/photos/52111934@N00/7523952272,tedkerwin,cc-by 2.0
cilantro/openverse_672dc6f8-c827-43be-a016-452b736b0ef5.jpg,cilantro,openverse:flickr,https://live.staticflickr.com/5337/17408808842_ea6eb3510c.jpg,https://www.flickr.com/photos/40648063@N06/17408808842,JenTravelsLife,cc-by 2.0
cilantro/openverse_d74dc231-3075-4eeb-b1a3-a033c2a5d91b.jpg,cilantro,openverse:flickr,https://live.staticflickr.com/7341/16292249669_4b5d6028a6.jpg,https://www.flickr.com/photos/52696904@N03/16292249669,J@YGS,cc-by-sa 2.0
cilantro/openverse_ec13c103-ba3f-4e5e-806a-005a7e4b275c.jpg,cilantro,openverse:flickr,https://live.staticflickr.com/7390/15763975234_cc2375d7b5.jpg,https://www.flickr.com/photos/93393982@N00/15763975234,Scott McLeod,cc-by 2.0
cilantro/openverse_804e0564-532c-47ae-9ae9-a10f48ff00df.jpg,cilantro,openverse:flickr,https://live.staticflickr.com/8562/15811583348_05be566cef.jpg,https://www.flickr.com/photos/52696904@N03/15811583348,J@YGS,cc-by-sa 2.0
cilantro/openverse_ee7902d2-8a02-4f18-830e-8bdc250b26f9.jpg,cilantro,openverse:flickr,https://live.staticflickr.com/2902/14034618180_51c0a29c9c.jpg,https://www.flickr.com/photos/32471075@N06/14034618180,barbbarbbarb,cc-by-nd 2.0
cilantro/openverse_402facc5-14ab-4041-a960-258c107782dd.jpg,cilantro,openverse:flickr,https://live.staticflickr.com/7334/9029123815_712c874c81_b.jpg,https://www.flickr.com/photos/60756254@N07/9029123815,Wheeler Cowperthwaite,cc-by 2.0
cilantro/openverse_595e63f6-02f1-45a4-9d50-c8dbe5483929.jpg,cilantro,openverse:rawpixel,https://images.rawpixel.com/editor_1024/cHJpdmF0ZS9sci9pbWFnZXMvd2Vic2l0ZS8yMDIyLTA0L3Vwd2s2MTY2NDMzOS13aWtpbWVkaWEtaW1hZ2Uta293cjc1dnAuanBn.jpg,https://www.rawpixel.com/image/3304083/free-photo-image-mushroom-agaric-anise,,cc-cc0 1.0
cilantro/openverse_f28755be-17cc-47ff-aa85-32315520d989.jpg,cilantro,openverse:flickr,https://live.staticflickr.com/1038/565933558_3e84fbfba7_b.jpg,https://www.flickr.com/photos/25658898@N00/565933558,BocaDorada,cc-by-sa 2.0
cilantro/openverse_5bb95697-2eea-4312-8957-2e870a37be55.jpg,cilantro,openverse:flickr,https://live.staticflickr.com/8143/7594418978_367cf4cc5c_b.jpg,https://www.flickr.com/photos/82815184@N03/7594418978,You As A Machine,cc-by-sa 2.0
cilantro/openverse_57f10d21-b5a9-4900-901f-502df205bc54.jpg,cilantro,openverse:flickr,https://live.staticflickr.com/3037/3051140856_c66716efce_b.jpg,https://www.flickr.com/photos/51035729853@N01/3051140856,Kimtaro,cc-by 2.0
cilantro/openverse_3db3f8d4-1b7a-4b74-883a-102fdf42775e.jpg,cilantro,openverse:flickr,https://live.staticflickr.com/8141/7594421174_c0faff2812_b.jpg,https://www.flickr.com/photos/82815184@N03/7594421174,You As A Machine,cc-by-sa 2.0
cilantro/openverse_cb252c52-5556-4267-93e9-0ba8aa1cbdbc.jpg,cilantro,openverse:flickr,https://live.staticflickr.com/3221/3050303673_6f3ac5d8e3_b.jpg,https://www.flickr.com/photos/51035729853@N01/3050303673,Kimtaro,cc-by 2.0
cilantro/openverse_9e5c297a-698c-44d0-ac0f-23f4979b3091.jpg,cilantro,openverse:flickr,https://live.staticflickr.com/1276/929577743_19e41b49ec_b.jpg,https://www.flickr.com/photos/25658898@N00/929577743,BocaDorada,cc-by-sa 2.0
cilantro/openverse_e12f0332-7e24-4bb5-85bb-ce36dad35d35.jpg,cilantro,openverse:flickr,https://live.staticflickr.com/4/4240255_61e652df5f_b.jpg,https://www.flickr.com/photos/35034346243@N01/4240255,stu_spivack,cc-by-sa 2.0
cilantro/openverse_94ec213c-d26f-43fa-b68d-788ca92dccfa.jpg,cilantro,openverse:flickr,https://live.staticflickr.com/2792/4517232806_ae017fb041_b.jpg,https://www.flickr.com/photos/11399912@N00/4517232806,basykes,cc-by 2.0
cilantro/openverse_eaf7136b-1896-4635-9ef8-64795b43e5e1.jpg,cilantro,openverse:flickr,https://live.staticflickr.com/3116/3161598048_b178b73cf7_b.jpg,https://www.flickr.com/photos/60167034@N00/3161598048,arvindgrover,cc-by-sa 2.0
cilantro/openverse_62db9ef5-c4b8-4a99-86b8-5ee72aadf047.jpg,cilantro,openverse:flickr,https://live.staticflickr.com/4001/4498376752_10127440cf_b.jpg,https://www.flickr.com/photos/54201263@N00/4498376752,Tavallai,cc-by-nd 2.0
cilantro/openverse_0a2640c8-ccab-4846-b800-f99cd4c886e0.jpg,cilantro,openverse:flickr,https://live.staticflickr.com/3408/3559681913_ea9d3b0d3b.jpg,https://www.flickr.com/photos/16502269@N08/3559681913,Stephen Kruso,cc-by-sa 2.0
cilantro/openverse_e225591c-734d-48c2-80c7-2736caa56845.jpg,cilantro,openverse:flickr,https://live.staticflickr.com/2743/4516187243_fc82c1fb4d_b.jpg,https://www.flickr.com/photos/14812197@N00/4516187243,vxla,cc-by 2.0
cilantro/openverse_5f4e28fe-b29e-4c1a-a057-214a2d340c2b.jpg,cilantro,openverse:flickr,https://live.staticflickr.com/4098/4736683895_05b06e964d_b.jpg,https://www.flickr.com/photos/12078789@N00/4736683895,Dan Harrelson,cc-by 2.0
cilantro/openverse_a289ac79-cc64-407e-b446-fe883e20bb96.jpg,cilantro,openverse:flickr,https://live.staticflickr.com/2851/9650360488_d28b776a76.jpg,https://www.flickr.com/photos/99620546@N02/9650360488,GraceconF,cc-by 2.0
cilantro/openverse_71ee522d-32ff-4a00-8fe5-06b489a67dde.jpg,cilantro,openverse:flickr,https://live.staticflickr.com/65535/52808764814_ffdf82d906_b.jpg,https://www.flickr.com/photos/7633518@N08/52808764814,sarahstierch,cc-by 2.0
cilantro/openverse_f1418330-7015-4121-9928-1b1320fb70e5.jpg,cilantro,openverse:flickr,https://live.staticflickr.com/8148/28359215070_2fcfca7c25_b.jpg,https://www.flickr.com/photos/58301516@N00/28359215070,David Jackmanson,cc-by 2.0
cilantro/openverse_9ce0ba37-5cef-4c7e-b964-17e1511b59cf.jpg,cilantro,openverse:flickr,https://live.staticflickr.com/8078/8259429677_0b19de3ca9_b.jpg,https://www.flickr.com/photos/41905262@N00/8259429677,collectmoments,cc-by-nd 2.0
cilantro/openverse_9fd10d8e-9e7e-4221-ada0-edda9504e7b3.jpg,cilantro,openverse:flickr,https://live.staticflickr.com/964/42169411271_64047fdd67_b.jpg,https://www.flickr.com/photos/68147320@N02/42169411271,T.Tseng,cc-by 2.0
cilantro/openverse_2fa40c0f-db58-4e11-a761-d299268a053b.jpg,cilantro,openverse:flickr,https://live.staticflickr.com/65535/54687497827_cd2bb8fc37_b.jpg,https://www.flickr.com/photos/37996646802@N01/54687497827,cogdogblog,cc-cc0 1.0
not_cilantro/openverse_41df6a92-3d6a-4366-88cd-e23997895cdb.jpg,not_cilantro,openverse:flickr,https://live.staticflickr.com/4094/4811468304_5131fb8d58.jpg,https://www.flickr.com/photos/28958738@N06/4811468304,Public Domain Photos,cc-by 2.0
not_cilantro/openverse_4c54383e-d969-4076-a7ca-68bfc36a1d33.jpg,not_cilantro,openverse:flickr,https://live.staticflickr.com/3267/2524715844_b2cfd7c5c2.jpg,https://www.flickr.com/photos/22198928@N00/2524715844,thebittenword.com,cc-by 2.0
not_cilantro/openverse_c824d75b-d257-4278-bff8-6b12c52e8af8.jpg,not_cilantro,openverse:flickr,https://live.staticflickr.com/5505/14155793296_1cdd6e7668_b.jpg,https://www.flickr.com/photos/25977089@N00/14155793296,goblinbox_(queen_of_ad_hoc_bento),cc-by 2.0
not_cilantro/openverse_78e000b8-7159-48eb-8cf1-d24e020e48c6.jpg,not_cilantro,openverse:flickr,https://live.staticflickr.com/8197/28909936302_0ffcff3684_b.jpg,https://www.flickr.com/photos/41284017@N08/28909936302,USDAgov,cc-pdm 1.0
not_cilantro/openverse_367b8005-d69d-476b-a4dc-6a7bdba66677.jpg,not_cilantro,openverse:flickr,https://live.staticflickr.com/4153/5062863911_3fb622d1dd_b.jpg,https://www.flickr.com/photos/25977089@N00/5062863911,goblinbox_(queen_of_ad_hoc_bento),cc-by 2.0
not_cilantro/openverse_e945bd99-9deb-422b-aac0-aed43d0cb75c.jpg,not_cilantro,openverse:flickr,https://live.staticflickr.com/96/262138740_bd3868cf04_b.jpg,https://www.flickr.com/photos/95413346@N00/262138740,Elvert Barnes,cc-by 2.0
not_cilantro/openverse_f9c415d8-78ab-41bf-862a-af44bc4a20c8.jpg,not_cilantro,openverse:flickr,https://live.staticflickr.com/657/23294778295_36dd853a04.jpg,https://www.flickr.com/photos/137358591@N04/23294778295,SuperfitNutrition,cc-by-sa 2.0
not_cilantro/openverse_4c8434fd-b538-4791-bfdb-0b1c08a07e29.jpg,not_cilantro,openverse:flickr,https://live.staticflickr.com/8006/28394851184_4702338fd3_b.jpg,https://www.flickr.com/photos/41284017@N08/28394851184,USDAgov,cc-pdm 1.0
not_cilantro/openverse_450e4dcf-b346-44b8-a0ef-714a84aaaa06.jpg,not_cilantro,openverse:flickr,https://live.staticflickr.com/8136/28728734860_b903362b3a_b.jpg,https://www.flickr.com/photos/41284017@N08/28728734860,USDAgov,cc-pdm 1.0
not_cilantro/openverse_47b6a514-9bad-4805-9243-32c732e79997.jpg,not_cilantro,openverse:flickr,https://live.staticflickr.com/8207/28982034386_4d6fb5997c_b.jpg,https://www.flickr.com/photos/41284017@N08/28982034386,USDAgov,cc-pdm 1.0
not_cilantro/openverse_444eb3b0-12ef-4fab-925d-98c0add4d636.jpg,not_cilantro,openverse:flickr,https://live.staticflickr.com/8553/28394816704_52876970d2_b.jpg,https://www.flickr.com/photos/41284017@N08/28394816704,USDAgov,cc-pdm 1.0
not_cilantro/openverse_99c94536-0e87-407b-b2fc-1e3d4d808b3e.jpg,not_cilantro,openverse:flickr,https://live.staticflickr.com/8432/28728770220_98a5c4983c_b.jpg,https://www.flickr.com/photos/41284017@N08/28728770220,USDAgov,cc-pdm 1.0
not_cilantro/openverse_40330ba9-f4cd-453f-a2d0-236c71b82646.jpg,not_cilantro,openverse:flickr,https://live.staticflickr.com/8421/28394767444_390fe781c1_b.jpg,https://www.flickr.com/photos/41284017@N08/28394767444,USDAgov,cc-pdm 1.0
not_cilantro/openverse_e0e6ed04-09a9-470b-bf8b-e589a91768be.jpg,not_cilantro,openverse:flickr,https://live.staticflickr.com/78/197783410_f9b405fa05_b.jpg,https://www.flickr.com/photos/95413346@N00/197783410,Elvert Barnes,cc-by 2.0
not_cilantro/openverse_56e1946b-ad55-498f-a527-1fa9b926d44f.jpg,not_cilantro,openverse:flickr,https://live.staticflickr.com/3212/2924045840_4d0fff8ab5_b.jpg,https://www.flickr.com/photos/19136074@N06/2924045840,tsuihin - TimoStudios,cc-by-sa 2.0
not_cilantro/openverse_db0d1a8f-4697-4150-a19e-fee9646b3203.jpg,not_cilantro,openverse:flickr,https://live.staticflickr.com/77/197783411_7d9ada7d80_b.jpg,https://www.flickr.com/photos/95413346@N00/197783411,Elvert Barnes,cc-by 2.0
not_cilantro/openverse_c9263af6-6bac-4672-8623-4ecf8c0e0d60.jpg,not_cilantro,openverse:flickr,https://live.staticflickr.com/2449/3702787811_e0514b6886_b.jpg,https://www.flickr.com/photos/25128194@N02/3702787811,Vegan Feast Catering,cc-by 2.0
not_cilantro/openverse_03e7e584-1393-4107-9078-20cfa0ad987f.jpg,not_cilantro,openverse:flickr,https://live.staticflickr.com/4127/5411689563_a7a7ee9c7f_b.jpg,https://www.flickr.com/photos/25977089@N00/5411689563,goblinbox_(queen_of_ad_hoc_bento),cc-by 2.0
not_cilantro/openverse_4dbf8b3d-c2b1-4863-9863-6ed6ee6a9307.jpg,not_cilantro,openverse:flickr,https://live.staticflickr.com/4063/4653422481_77b827d804_b.jpg,https://www.flickr.com/photos/80901997@N00/4653422481,Danielle Scott,cc-by-sa 2.0
not_cilantro/openverse_21a43438-1fb7-4870-bde3-3971c9e191b3.jpg,not_cilantro,openverse:flickr,https://live.staticflickr.com/3392/3617911830_bc8bb58395.jpg,https://www.flickr.com/photos/97503383@N00/3617911830,chrisliang82,cc-by 2.0
not_cilantro/openverse_1d8ef242-a1f2-4668-9db2-d8854ff91d61.jpg,not_cilantro,openverse:flickr,https://live.staticflickr.com/2098/2255630237_64efc3085b_b.jpg,https://www.flickr.com/photos/66526627@N00/2255630237,ptc24,cc-by 2.0
not_cilantro/openverse_1bba30a8-5399-40d0-98fd-2f888054e445.jpg,not_cilantro,openverse:flickr,https://live.staticflickr.com/64/197790182_c1ee904840_b.jpg,https://www.flickr.com/photos/95413346@N00/197790182,Elvert Barnes,cc-by 2.0
not_cilantro/openverse_c6b0524e-6296-417c-80ab-d47be2b630a0.jpg,not_cilantro,openverse:flickr,https://live.staticflickr.com/8093/28728817950_e91d5f7c1a_b.jpg,https://www.flickr.com/photos/41284017@N08/28728817950,USDAgov,cc-pdm 1.0
not_cilantro/openverse_9a2ae42a-7dd6-4c98-8be3-8d8d1f49a456.jpg,not_cilantro,openverse:flickr,https://live.staticflickr.com/8380/28397711663_b3fc7932e8_b.jpg,https://www.flickr.com/photos/41284017@N08/28397711663,USDAgov,cc-pdm 1.0
not_cilantro/openverse_cbd47828-f831-4cb0-a6af-e261c57b9086.jpg,not_cilantro,openverse:flickr,https://live.staticflickr.com/8209/28728827300_68cf03df9f_b.jpg,https://www.flickr.com/photos/41284017@N08/28728827300,USDAgov,cc-pdm 1.0
not_cilantro/openverse_7ba51e1a-2704-49f6-b8e5-6a8926ccf10e.jpg,not_cilantro,openverse:flickr,https://live.staticflickr.com/8467/29014735915_98f67fcee9_b.jpg,https://www.flickr.com/photos/41284017@N08/29014735915,USDAgov,cc-pdm 1.0
not_cilantro/openverse_38dd6cfe-2d7b-4706-8665-8b5bd3aaa6b3.jpg,not_cilantro,openverse:flickr,https://live.staticflickr.com/7576/28909799672_106b6dfe7a_b.jpg,https://www.flickr.com/photos/41284017@N08/28909799672,USDAgov,cc-pdm 1.0
not_cilantro/openverse_59cf0abd-44cf-4294-81da-1fec0039feb4.jpg,not_cilantro,openverse:flickr,https://live.staticflickr.com/8273/28394791114_71b8f955fb_b.jpg,https://www.flickr.com/photos/41284017@N08/28394791114,USDAgov,cc-pdm 1.0
not_cilantro/openverse_b67e0c30-bce3-45a0-af62-ce39c4b621ae.jpg,not_cilantro,openverse:flickr,https://live.staticflickr.com/184/396771550_ba4bcf1850_b.jpg,https://www.flickr.com/photos/89626269@N00/396771550,redazadi,cc-by 2.0
not_cilantro/openverse_b0429289-11c4-4f9b-8218-819df896aef6.jpg,not_cilantro,openverse:flickr,https://live.staticflickr.com/8366/28982208586_c4dbe808b3_b.jpg,https://www.flickr.com/photos/41284017@N08/28982208586,USDAgov,cc-pdm 1.0
not_cilantro/openverse_88379644-64db-42a2-933f-a5df37cf7418.jpg,not_cilantro,openverse:flickr,https://live.staticflickr.com/7612/28909828482_b551e083f9_b.jpg,https://www.flickr.com/photos/41284017@N08/28909828482,USDAgov,cc-pdm 1.0
not_cilantro/openverse_6ea76be0-de03-4dcd-8de3-885fea1d1287.jpg,not_cilantro,openverse:flickr,https://live.staticflickr.com/8252/29014725745_cd1385d760_b.jpg,https://www.flickr.com/photos/41284017@N08/29014725745,USDAgov,cc-pdm 1.0
not_cilantro/openverse_9e2c5666-cbab-4ea6-bc66-3c18653009d4.jpg,not_cilantro,openverse:flickr,https://live.staticflickr.com/7479/28938764321_7169964b22_b.jpg,https://www.flickr.com/photos/41284017@N08/28938764321,USDAgov,cc-pdm 1.0
not_cilantro/openverse_5fd112a5-825a-43ab-bbee-fe4989d459a8.jpg,not_cilantro,openverse:flickr,https://live.staticflickr.com/3481/3310335051_869ea2649d_b.jpg,https://www.flickr.com/photos/85473033@N00/3310335051,AMagill,cc-by 2.0
not_cilantro/openverse_20ea25b1-b437-4063-ab59-a8ff2655e526.jpg,not_cilantro,openverse:flickr,https://live.staticflickr.com/4093/4921046946_09905eb4a1.jpg,https://www.flickr.com/photos/49889671@N03/4921046946,Didriks,cc-by 2.0
not_cilantro/openverse_6010e4f7-a43e-4cbf-bccc-d43096984d04.jpg,not_cilantro,openverse:flickr,https://live.staticflickr.com/8541/28394887764_3a78728a57_b.jpg,https://www.flickr.com/photos/41284017@N08/28394887764,USDAgov,cc-pdm 1.0
not_cilantro/openverse_da07801f-77bc-455c-a14a-bae08f49051b.jpg,not_cilantro,openverse:flickr,https://live.staticflickr.com/8255/28909792552_020b7438bb_b.jpg,https://www.flickr.com/photos/41284017@N08/28909792552,USDAgov,cc-pdm 1.0
not_cilantro/openverse_7922fa16-8fb2-473c-aa5d-9bc94975a0a5.jpg,not_cilantro,openverse:flickr,https://live.staticflickr.com/8301/28938952761_85d6f2512a_b.jpg,https://www.flickr.com/photos/41284017@N08/28938952761,USDAgov,cc-pdm 1.0
not_cilantro/openverse_1732ae06-928f-485d-a005-d6a741d69089.jpg,not_cilantro,openverse:flickr,https://live.staticflickr.com/8301/28394861864_8955edc28e_b.jpg,https://www.flickr.com/photos/41284017@N08/28394861864,USDAgov,cc-pdm 1.0
not_cilantro/openverse_3347fb97-16ff-4f59-96e7-42e6408bbcce.jpg,not_cilantro,openverse:flickr,https://live.staticflickr.com/8195/28982156026_e9928ec61d_b.jpg,https://www.flickr.com/photos/41284017@N08/28982156026,USDAgov,cc-pdm 1.0
not_cilantro/openverse_2bfb109b-cd7b-4691-83d9-e269edff9fb0.jpg,not_cilantro,openverse:flickr,https://live.staticflickr.com/8051/28728698420_3207d66ecf_b.jpg,https://www.flickr.com/photos/41284017@N08/28728698420,USDAgov,cc-pdm 1.0
not_cilantro/openverse_d67aa032-9630-420e-94fc-531748b4fdd7.jpg,not_cilantro,openverse:flickr,https://live.staticflickr.com/3152/2924045580_a9780b6d86_b.jpg,https://www.flickr.com/photos/19136074@N06/2924045580,tsuihin - TimoStudios,cc-by-sa 2.0
not_cilantro/openverse_c9012819-baf8-48d0-bd87-a9b71bcdb257.jpg,not_cilantro,openverse:flickr,https://live.staticflickr.com/4024/4664824593_ce5089fbcd_b.jpg,https://www.flickr.com/photos/61324768@N00/4664824593,crd!,cc-by-sa 2.0
not_cilantro/openverse_8b7a323b-a49c-4df7-81dc-040e80103117.jpg,not_cilantro,openverse:flickr,https://live.staticflickr.com/55/128293986_7f7b851fd7_b.jpg,https://www.flickr.com/photos/81669195@N00/128293986,Wolf Gang,cc-by-sa 2.0
not_cilantro/openverse_2727a866-e010-4ee0-b0f9-bfe2171b666a.jpg,not_cilantro,openverse:flickr,https://live.staticflickr.com/3216/2911815396_04d5a208b6_b.jpg,https://www.flickr.com/photos/12052457@N06/2911815396,E Vön Zita,cc-by 2.0
not_cilantro/openverse_4f7198b8-666e-4bac-b283-0ca469d84a6a.jpg,not_cilantro,openverse:flickr,https://live.staticflickr.com/7679/17280342601_32948199ff_b.jpg,https://www.flickr.com/photos/74350882@N08/17280342601,Angelbattle bros,cc-by-nd 2.0
not_cilantro/openverse_34b9c67c-3e05-4162-a089-f644ed5c86ba.jpg,not_cilantro,openverse:flickr,https://live.staticflickr.com/8327/8387215185_7c63477187_b.jpg,https://www.flickr.com/photos/60417477@N00/8387215185,whologwhy,cc-by 2.0
not_cilantro/openverse_da41e390-6ecd-476a-bb8b-26fbb4357edd.jpg,not_cilantro,openverse:flickr,https://live.staticflickr.com/8246/28397653203_86dac404b5_b.jpg,https://www.flickr.com/photos/41284017@N08/28397653203,USDAgov,cc-pdm 1.0
not_cilantro/openverse_d8234108-ab6b-4cda-beed-e8600d757fea.jpg,not_cilantro,openverse:flickr,https://live.staticflickr.com/778/22239111616_cbf8cb7b48_b.jpg,https://www.flickr.com/photos/25977089@N00/22239111616,goblinbox_(queen_of_ad_hoc_bento),cc-by 2.0
not_cilantro/openverse_166642f2-1d58-44ad-a9f7-f90f10bb8919.jpg,not_cilantro,openverse:flickr,https://live.staticflickr.com/2530/3702787849_2af5c4925e_b.jpg,https://www.flickr.com/photos/25128194@N02/3702787849,Vegan Feast Catering,cc-by 2.0
not_cilantro/openverse_d70c44eb-2a8e-4c41-b7b5-c68be5bbdf1e.jpg,not_cilantro,openverse:flickr,https://live.staticflickr.com/8426/28728743160_a418b02ce1_b.jpg,https://www.flickr.com/photos/41284017@N08/28728743160,USDAgov,cc-pdm 1.0
not_cilantro/openverse_eb2a7f5a-a245-4596-9b68-ab7d73d527da.jpg,not_cilantro,openverse:flickr,https://live.staticflickr.com/4056/4296824252_ac46e6daab_b.jpg,https://www.flickr.com/photos/58819758@N00/4296824252,arnold | inuyaki,cc-by 2.0
not_cilantro/openverse_4803acec-4e7f-4964-b12e-b61f32906880.jpg,not_cilantro,openverse:flickr,https://live.staticflickr.com/79/271653033_590119e3d3_b.jpg,https://www.flickr.com/photos/63669472@N00/271653033,eekim,cc-by 2.0
not_cilantro/openverse_99a36a1d-fd74-4ca5-9bd5-5534ca0af0aa.jpg,not_cilantro,openverse:flickr,https://live.staticflickr.com/5822/22700376355_056854fb02_b.jpg,https://www.flickr.com/photos/25977089@N00/22700376355,goblinbox_(queen_of_ad_hoc_bento),cc-by 2.0
not_cilantro/openverse_3372a9d7-bbd8-4832-ba87-12ebb11e67ad.jpg,not_cilantro,openverse:flickr,https://live.staticflickr.com/5281/5294977250_4e6c1e8e45_b.jpg,https://www.flickr.com/photos/25977089@N00/5294977250,goblinbox_(queen_of_ad_hoc_bento),cc-by 2.0
not_cilantro/openverse_10bf704c-9b1f-4699-9360-6086ba5c4e79.jpg,not_cilantro,openverse:flickr,https://live.staticflickr.com/305/18376391173_fec450779a.jpg,https://www.flickr.com/photos/69024001@N00/18376391173,ndrwfgg,cc-by 2.0
not_cilantro/openverse_747809cb-bd23-465c-aafc-4b28fd2e93b0.jpg,not_cilantro,openverse:flickr,https://live.staticflickr.com/5717/21888029338_8e0803fd66_b.jpg,https://www.flickr.com/photos/25977089@N00/21888029338,goblinbox_(queen_of_ad_hoc_bento),cc-by 2.0
not_cilantro/openverse_08998ea2-366e-4edf-a6f9-d57694209329.jpg,not_cilantro,openverse:flickr,https://live.staticflickr.com/1456/25193688583_4b696c7e2c_b.jpg,https://www.flickr.com/photos/25977089@N00/25193688583,goblinbox_(queen_of_ad_hoc_bento),cc-by 2.0
not_cilantro/openverse_ce982d2f-7dc4-466c-838b-19158cc22c04.jpg,not_cilantro,openverse:flickr,https://live.staticflickr.com/410/19508017698_8b8b529b35_b.jpg,https://www.flickr.com/photos/25977089@N00/19508017698,goblinbox_(queen_of_ad_hoc_bento),cc-by 2.0
not_cilantro/openverse_126cbd49-890a-4594-a83e-339e2a6b381a.jpg,not_cilantro,openverse:flickr,https://live.staticflickr.com/1754/42441099802_439cc4e91b_b.jpg,https://www.flickr.com/photos/140547216@N04/42441099802,sousvideguy,cc-by 2.0
not_cilantro/openverse_0b987238-368f-430b-948f-3b60f6611910.jpg,not_cilantro,openverse:flickr,https://live.staticflickr.com/4303/35620924230_9bbe955620_b.jpg,https://www.flickr.com/photos/96665270@N00/35620924230,SBT4NOW,cc-by-sa 2.0
not_cilantro/openverse_96d646bf-904d-4916-8582-7e61aa992f72.jpg,not_cilantro,openverse:flickr,https://live.staticflickr.com/4307/35839455712_9474b1dbc8_m.jpg,https://www.flickr.com/photos/96665270@N00/35839455712,SBT4NOW,cc-by-sa 2.0
not_cilantro/openverse_12177c2f-89c5-447c-a0e1-f9452d4de7bf.jpg,not_cilantro,openverse:flickr,https://live.staticflickr.com/2682/4375700619_ca9a33dc52_b.jpg,https://www.flickr.com/photos/21001756@N06/4375700619,Stacy Spensley,cc-by 2.0
not_cilantro/openverse_1923f08e-ac6c-4024-a29c-3b58ed935a65.jpg,not_cilantro,openverse:flickr,https://live.staticflickr.com/4301/35968766146_b4cc80020c_b.jpg,https://www.flickr.com/photos/96665270@N00/35968766146,SBT4NOW,cc-by-sa 2.0
not_cilantro/openverse_bb2664ec-c430-47f9-b892-89ed0b35c9da.jpg,not_cilantro,openverse:flickr,https://live.staticflickr.com/4326/35968762356_826aeea535.jpg,https://www.flickr.com/photos/96665270@N00/35968762356,SBT4NOW,cc-by-sa 2.0
not_cilantro/openverse_3215b944-2084-410d-a17e-4110edec1b59.jpg,not_cilantro,openverse:flickr,https://live.staticflickr.com/4311/35170414784_a46d4fdee1_b.jpg,https://www.flickr.com/photos/96665270@N00/35170414784,SBT4NOW,cc-by-sa 2.0
not_cilantro/openverse_21603fb1-9235-4589-85f0-c712500bbb95.jpg,not_cilantro,openverse:flickr,https://live.staticflickr.com/4023/4480092355_0a2584127c_b.jpg,https://www.flickr.com/photos/21001756@N06/4480092355,Stacy Spensley,cc-by 2.0
not_cilantro/openverse_82b2a76b-d7ce-46da-b912-8ebc381e426a.jpg,not_cilantro,openverse:flickr,https://live.staticflickr.com/4760/25326254607_199386c7a9_b.jpg,https://www.flickr.com/photos/54549113@N00/25326254607,Haydn Blackey,cc-by-sa 2.0
not_cilantro/openverse_586bf78c-eef5-4d8d-8188-08148a3e5e47.jpg,not_cilantro,openverse:flickr,https://live.staticflickr.com/2741/4465937856_dd282a4cea_b.jpg,https://www.flickr.com/photos/10559879@N00/4465937856,avlxyz,cc-by-sa 2.0
not_cilantro/openverse_24489d05-8bd0-4d02-9c1c-0a88e0a839e1.jpg,not_cilantro,openverse:flickr,https://live.staticflickr.com/7179/7027255351_90c2dff34d_b.jpg,https://www.flickr.com/photos/62528187@N00/7027255351,photofarmer,cc-by 2.0
not_cilantro/openverse_96fc53db-542a-43fd-852e-b8fc74a8eda9.jpg,not_cilantro,openverse:flickr,https://live.staticflickr.com/3/6517997_85f0a80a1a.jpg,https://www.flickr.com/photos/11399912@N00/6517997,basykes,cc-by 2.0
not_cilantro/openverse_bfd64b67-eb24-41d7-8eff-0c1be14841bf.jpg,not_cilantro,openverse:flickr,https://live.staticflickr.com/2658/4079143874_a6a42df9df_b.jpg,https://www.flickr.com/photos/16798917@N00/4079143874,Bert Dickerson,cc-by 2.0
not_cilantro/openverse_62998395-f062-4d26-b541-931cac660ec9.jpg,not_cilantro,openverse:flickr,https://live.staticflickr.com/7391/9253476665_2f651dcc81_b.jpg,https://www.flickr.com/photos/16133272@N00/9253476665,Towne Post Network,cc-by 2.0
not_cilantro/openverse_840c8656-e08d-4a1e-bace-3a17d7a9ed56.jpg,not_cilantro,openverse:flickr,https://live.staticflickr.com/215/467193142_09bc914876_b.jpg,https://www.flickr.com/photos/89804841@N00/467193142,thomas pix,cc-by 2.0
not_cilantro/openverse_9ae3ba93-280e-4e2e-863e-4f727b87753e.jpg,not_cilantro,openverse:flickr,https://live.staticflickr.com/7/8938613_a1cb0765a6_b.jpg,https://www.flickr.com/photos/74105777@N00/8938613,adactio,cc-by 2.0
not_cilantro/openverse_b620ea70-3fa9-4722-ae29-4f272c1e0e2e.jpg,not_cilantro,openverse:flickr,https://live.staticflickr.com/180/482726547_cdcf8c7012.jpg,https://www.flickr.com/photos/89804841@N00/482726547,thomas pix,cc-by 2.0
not_cilantro/openverse_32626148-1fbd-45d2-aafa-dd68ea538c5e.jpg,not_cilantro,openverse:flickr,https://live.staticflickr.com/3390/3571283215_02af350a8a_b.jpg,https://www.flickr.com/photos/35903175@N02/3571283215,Scott Teresi,cc-by-sa 2.0
not_cilantro/openverse_89d0ca38-dd48-43eb-aa25-513ce891b322.jpg,not_cilantro,openverse:flickr,https://live.staticflickr.com/7155/6637631853_275d5cd6d3_b.jpg,https://www.flickr.com/photos/91425809@N00/6637631853,lynn dombrowski,cc-by-sa 2.0
not_cilantro/openverse_559be6d8-e1ab-4e9c-89b0-1c33fa3a2438.jpg,not_cilantro,openverse:flickr,https://live.staticflickr.com/3589/3693425849_c7f985618c_b.jpg,https://www.flickr.com/photos/32003811@N04/3693425849,Mr Michael Phams,cc-by-sa 2.0
not_cilantro/openverse_1ec8471e-9959-42be-8587-88435999b654.jpg,not_cilantro,openverse:flickr,https://live.staticflickr.com/6/8936681_13f5e0f65d_b.jpg,https://www.flickr.com/photos/97844767@N00/8936681,WordRidden,cc-by 2.0
not_cilantro/openverse_ddc54b41-c1ba-4a6c-85f8-3787afcc3543.jpg,not_cilantro,openverse:flickr,https://live.staticflickr.com/3059/3052854378_d3f1d6b1bc_b.jpg,https://www.flickr.com/photos/92008477@N00/3052854378,surroundsound5000,cc-by 2.0
not_cilantro/openverse_6eeb60bf-d465-4612-bba3-77a3f11382fd.jpg,not_cilantro,openverse:flickr,https://live.staticflickr.com/3004/2957241592_c2ebc36d31_b.jpg,https://www.flickr.com/photos/26667277@N00/2957241592,wickenden,cc-by-sa 2.0
not_cilantro/openverse_63173eba-f2c7-44e3-9f48-4aae6eb9effa.jpg,not_cilantro,openverse:flickr,https://live.staticflickr.com/3369/5796079070_73d53e56e3_b.jpg,https://www.flickr.com/photos/52293377@N03/5796079070,Yortw,cc-by 2.0
not_cilantro/openverse_a97cefcd-b0e2-413e-944b-3a0c1dddf6ba.jpg,not_cilantro,openverse:flickr,https://live.staticflickr.com/3190/2661495552_ca74bae25a_b.jpg,https://www.flickr.com/photos/27119975@N00/2661495552,Edsel L,cc-by-sa 2.0
not_cilantro/openverse_e112bac6-2059-4ec0-b931-b8ecf56dde9f.jpg,not_cilantro,openverse:flickr,https://live.staticflickr.com/3094/3152213089_89ff36fe5a_b.jpg,https://www.flickr.com/photos/94953676@N00/3152213089,jessicafm,cc-by-nd 2.0
not_cilantro/openverse_b2f24198-cf57-41ba-8f7c-49a73639445f.jpg,not_cilantro,openverse:flickr,https://live.staticflickr.com/5152/7168179034_9d6a0fd828_b.jpg,https://www.flickr.com/photos/8021028@N06/7168179034,twistedstringknits,cc-by 2.0
not_cilantro/openverse_fa8f2a01-28f4-405f-b069-84d51c9dcabf.jpg,not_cilantro,openverse:flickr,https://live.staticflickr.com/30/101031071_64242a2335_b.jpg,https://www.flickr.com/photos/26667277@N00/101031071,wickenden,cc-by-sa 2.0
not_cilantro/openverse_bfc4ddcd-b759-4c5c-9264-6a7d1a0e80f0.jpg,not_cilantro,openverse:flickr,https://live.staticflickr.com/3286/2660669629_81f5340f5a_b.jpg,https://www.flickr.com/photos/27119975@N00/2660669629,Edsel L,cc-by-sa 2.0
not_cilantro/openverse_180b22ae-37a5-422a-b347-4fe7e6d9e884.jpg,not_cilantro,openverse:flickr,https://live.staticflickr.com/3285/2974849943_5bf16feb77_b.jpg,https://www.flickr.com/photos/78707360@N00/2974849943,phunkstarr,cc-by 2.0
not_cilantro/openverse_ca3a0dd0-60aa-41a2-b85b-4cd5d59097bd.jpg,not_cilantro,openverse:flickr,https://live.staticflickr.com/3023/2660669001_cc74f889de_b.jpg,https://www.flickr.com/photos/27119975@N00/2660669001,Edsel L,cc-by-sa 2.0
not_cilantro/openverse_31f9fd99-175b-4520-a3c9-3fa5e61a0c0c.jpg,not_cilantro,openverse:flickr,https://live.staticflickr.com/7223/7317037218_196af9d8e2_b.jpg,https://www.flickr.com/photos/8021028@N06/7317037218,twistedstringknits,cc-by 2.0
not_cilantro/openverse_c877c536-0128-4dd3-a942-4eaa495f5bd4.jpg,not_cilantro,openverse:flickr,https://live.staticflickr.com/2585/3894090192_7d692d8a1f_b.jpg,https://www.flickr.com/photos/71018547@N00/3894090192,danperry.com,cc-by 2.0
not_cilantro/openverse_00c7c307-8e36-4f10-b101-a65d52482709.jpg,not_cilantro,openverse:flickr,https://live.staticflickr.com/3138/2974848231_a86b4ef769_b.jpg,https://www.flickr.com/photos/78707360@N00/2974848231,phunkstarr,cc-by 2.0
not_cilantro/openverse_e1815a0d-415c-41a6-a636-467fd3092b30.jpg,not_cilantro,openverse:flickr,https://live.staticflickr.com/4312/35839454092_d5fd179c1c_b.jpg,https://www.flickr.com/photos/96665270@N00/35839454092,SBT4NOW,cc-by-sa 2.0
not_cilantro/openverse_7b0ee93a-d650-4bdb-97d0-9371cf21f2ba.jpg,not_cilantro,openverse:flickr,https://live.staticflickr.com/65535/49568930932_1c2af57b8a_b.jpg,https://www.flickr.com/photos/58301516@N00/49568930932,David Jackmanson,cc-by 2.0
not_cilantro/openverse_10f5d3c8-185b-41e3-95d1-0ea8694cf009.jpg,not_cilantro,openverse:flickr,https://live.staticflickr.com/65535/52319539152_4005abe1fc_b.jpg,https://www.flickr.com/photos/13194817@N00/52319539152,krossbow,cc-by 2.0
not_cilantro/openverse_92d527d6-16c4-477b-b563-c0c226eb200a.jpg,not_cilantro,openverse:flickr,https://live.staticflickr.com/2842/8898905375_a27ac424ec_b.jpg,https://www.flickr.com/photos/95213275@N05/8898905375,missellyrh,cc-by 2.0
not_cilantro/openverse_529e03b5-4afa-4668-b489-3842c49cdd7e.jpg,not_cilantro,openverse:flickr,https://live.staticflickr.com/65535/52720130236_7c78e5758a_b.jpg,https://www.flickr.com/photos/13194817@N00/52720130236,krossbow,cc-by 2.0
not_cilantro/openverse_d76aa8c3-a3ba-43cb-a5d0-09442b32ef55.jpg,not_cilantro,openverse:flickr,https://live.staticflickr.com/65535/52720617038_12a4e0e890_b.jpg,https://www.flickr.com/photos/13194817@N00/52720617038,krossbow,cc-by 2.0
not_cilantro/openverse_da5c1703-977c-4a04-860c-0a0c28d2ed1d.jpg,not_cilantro,openverse:flickr,https://live.staticflickr.com/65535/52721526713_0b2fd4b579_b.jpg,https://www.flickr.com/photos/13194817@N00/52721526713,krossbow,cc-by 2.0
not_cilantro/openverse_30ab1bb9-6a44-4d1d-9525-a6925754553e.jpg,not_cilantro,openverse:flickr,https://live.staticflickr.com/65535/52720553165_f10c7f8f9a_b.jpg,https://www.flickr.com/photos/13194817@N00/52720553165,krossbow,cc-by 2.0
not_cilantro/openverse_9ebf8689-20bf-417f-89b8-ff36fc2e907d.jpg,not_cilantro,openverse:flickr,https://live.staticflickr.com/65535/52720617088_30f6761ec3_b.jpg,https://www.flickr.com/photos/13194817@N00/52720617088,krossbow,cc-by 2.0
not_cilantro/openverse_7972839e-c467-4fc4-8976-aaac3968a509.jpg,not_cilantro,openverse:flickr,https://live.staticflickr.com/65535/52721303224_6aa83a6524_b.jpg,https://www.flickr.com/photos/13194817@N00/52721303224,krossbow,cc-by 2.0
not_cilantro/openverse_4dbe9867-065b-4c3a-a9ff-4e9de0d70c39.jpg,not_cilantro,openverse:flickr,https://live.staticflickr.com/65535/52721040791_14533f067d_b.jpg,https://www.flickr.com/photos/13194817@N00/52721040791,krossbow,cc-by 2.0
not_cilantro/openverse_5f59a048-e35b-4d97-95ac-53990eecf175.jpg,not_cilantro,openverse:flickr,https://live.staticflickr.com/65535/52720129966_b5d32c592b_b.jpg,https://www.flickr.com/photos/13194817@N00/52720129966,krossbow,cc-by 2.0
not_cilantro/openverse_8e51b834-2fd0-4482-8746-d2ae283dae3b.jpg,not_cilantro,openverse:flickr,https://live.staticflickr.com/65535/52720130066_c12e8a21ea_b.jpg,https://www.flickr.com/photos/13194817@N00/52720130066,krossbow,cc-by 2.0
not_cilantro/openverse_6b649023-60a3-4b3b-a135-87b91179a490.jpg,not_cilantro,openverse:flickr,https://live.staticflickr.com/65535/52719611412_3c6bf42513_b.jpg,https://www.flickr.com/photos/13194817@N00/52719611412,krossbow,cc-by 2.0
not_cilantro/openverse_9fe8d05f-340e-404a-a9a5-0118a0faee66.jpg,not_cilantro,openverse:flickr,https://live.staticflickr.com/65535/53880660172_96368d8462_b.jpg,https://www.flickr.com/photos/79818543@N02/53880660172,NwongPR,cc-by-nd 2.0
not_cilantro/openverse_c4950f87-e568-4818-ba3d-fb7c33b4dab3.jpg,not_cilantro,openverse:flickr,https://live.staticflickr.com/65535/53881542131_20f22bc407_b.jpg,https://www.flickr.com/photos/79818543@N02/53881542131,NwongPR,cc-by-nd 2.0
not_cilantro/openverse_ffe9e861-8470-4199-9b75-20a7e6499b86.jpg,not_cilantro,openverse:flickr,https://live.staticflickr.com/65535/53881881734_0c626890a9_b.jpg,https://www.flickr.com/photos/79818543@N02/53881881734,NwongPR,cc-by-nd 2.0
not_cilantro/openverse_d8583a87-741c-43a1-890a-2932b85b3156.jpg,not_cilantro,openverse:flickr,https://live.staticflickr.com/4087/5085096845_eac7eab591_b.jpg,https://www.flickr.com/photos/25128194@N02/5085096845,Vegan Feast Catering,cc-by 2.0
not_cilantro/openverse_089de385-14d0-4545-952b-365e3d2a345b.jpg,not_cilantro,openverse:flickr,https://live.staticflickr.com/3570/5714382788_57a57f5c40_b.jpg,https://www.flickr.com/photos/33398364@N08/5714382788,Jeff Attaway,cc-by 2.0
not_cilantro/openverse_f479040f-2e8a-4174-aea4-0b53eb57e7eb.jpg,not_cilantro,openverse:flickr,https://live.staticflickr.com/181/456140662_cecc877797_b.jpg,https://www.flickr.com/photos/68975104@N00/456140662,phil_g,cc-by-sa 2.0
not_cilantro/openverse_3b280fe3-a8bf-408c-aa86-4cccb8ad2394.jpg,not_cilantro,openverse:flickr,https://live.staticflickr.com/7227/7355492336_477f0d1477_b.jpg,https://www.flickr.com/photos/52111934@N00/7355492336,tedkerwin,cc-by 2.0
not_cilantro/openverse_22456e62-c5b8-4e20-b2da-81fe7dd9872f.jpg,not_cilantro,openverse:flickr,https://live.staticflickr.com/8008/7170526029_688b6c3899_b.jpg,https://www.flickr.com/photos/52111934@N00/7170526029,tedkerwin,cc-by 2.0
not_cilantro/openverse_33de942c-d6bd-4d27-ba9a-ae2c4b24c87b.jpg,not_cilantro,openverse:flickr,https://live.staticflickr.com/2022/2385577272_caa5104e22.jpg,https://www.flickr.com/photos/8663137@N04/2385577272,barockschloss,cc-by-sa 2.0
not_cilantro/openverse_845a8706-9abc-41b1-9200-cc62014c1ba8.jpg,not_cilantro,openverse:flickr,https://live.staticflickr.com/8375/8588591122_c134580d7e_b.jpg,https://www.flickr.com/photos/74046279@N05/8588591122,ImpromptuKitchen,cc-by 2.0
not_cilantro/openverse_1da86288-ad05-4935-b423-e8868d6d148f.jpg,not_cilantro,openverse:flickr,https://live.staticflickr.com/1726/28566623508_9567640005_b.jpg,https://www.flickr.com/photos/140547216@N04/28566623508,sousvideguy,cc-by 2.0
not_cilantro/openverse_58f45867-d72c-4e27-ba4b-e605bd86e5a6.jpg,not_cilantro,openverse:rawpixel,https://images.rawpixel.com/editor_1024/cHJpdmF0ZS9sci9pbWFnZXMvd2Vic2l0ZS8yMDIyLTA2L3Vwd2s2MTY2NzEwNC13aWtpbWVkaWEtaW1hZ2Uta293cjdlM2ouanBn.jpg,https://www.rawpixel.com/image/3304105/free-photo-image-arugula-cc0-creative-commons,,cc-cc0 1.0
not_cilantro/openverse_c7bc1d54-ec35-43c4-b565-614d3f601f2f.jpg,not_cilantro,openverse:flickr,https://live.staticflickr.com/65535/52863456068_7d80fe0c3b_b.jpg,https://www.flickr.com/photos/75126686@N00/52863456068,Jodiepedia,cc-by 2.0
not_cilantro/openverse_7d16099f-84f2-4513-b697-e0ef37d9fe9c.jpg,not_cilantro,openverse:flickr,https://live.staticflickr.com/4075/4925750112_32210d64ab_b.jpg,https://www.flickr.com/photos/51029399@N04/4925750112,Vanilla and lace,cc-by 2.0
not_cilantro/openverse_168c61c3-dacd-4ca2-bde5-5d862656a570.jpg,not_cilantro,openverse:flickr,https://live.staticflickr.com/5648/23816664865_ff051e1808.jpg,https://www.flickr.com/photos/27410581@N07/23816664865,theimpulsivebuy,cc-by-sa 2.0
not_cilantro/openverse_a2c1a845-9969-46a8-867c-0f196ae78fa0.jpg,not_cilantro,openverse:flickr,https://live.staticflickr.com/3506/3300369300_f73fc7a26f_b.jpg,https://www.flickr.com/photos/73344268@N00/3300369300,junyaogura,cc-by 2.0
not_cilantro/openverse_c46683ec-4ea5-49f2-94bf-321103e4496e.jpg,not_cilantro,openverse:flickr,https://live.staticflickr.com/3247/2612822624_5c7f757bb4_b.jpg,https://www.flickr.com/photos/24017765@N04/2612822624,brenbot,cc-by 2.0
not_cilantro/openverse_de22cd34-55ab-4791-93e6-5bb33105bceb.jpg,not_cilantro,openverse:flickr,https://live.staticflickr.com/7656/17112190106_258be33f0c_b.jpg,https://www.flickr.com/photos/67872859@N00/17112190106,IainCameron,cc-by 2.0
not_cilantro/openverse_6e747725-d353-4be2-8010-ee04678e2689.jpg,not_cilantro,openverse:flickr,https://live.staticflickr.com/3668/10745714725_fd1fe8eeb2_b.jpg,https://www.flickr.com/photos/24314126@N05/10745714725,jamesonf,cc-by 2.0
not_cilantro/openverse_0ecb2c2a-2150-4e8f-b0a9-720d6c9b90b3.jpg,not_cilantro,openverse:flickr,https://live.staticflickr.com/7599/16950606070_de78f9687c_b.jpg,https://www.flickr.com/photos/67872859@N00/16950606070,IainCameron,cc-by 2.0
not_cilantro/openverse_4f3af7a2-c1d3-4380-ba0b-3c7102cf89fa.jpg,not_cilantro,openverse:flickr,https://live.staticflickr.com/7141/6644003471_eff1d5221b_b.jpg,https://www.flickr.com/photos/81532093@N00/6644003471,sysrq,cc-by 2.0
not_cilantro/openverse_80241def-3265-4999-b384-f9f4e574407b.jpg,not_cilantro,openverse:flickr,https://live.staticflickr.com/8041/8015063529_f53149b456.jpg,https://www.flickr.com/photos/65079007@N00/8015063529,matrianklw,cc-by-nd 2.0
not_cilantro/openverse_2e2ac5d7-9d11-48a8-af91-d5ab8eaab51b.jpg,not_cilantro,openverse:flickr,https://live.staticflickr.com/8822/16950618150_05a9cc9d7b_b.jpg,https://www.flickr.com/photos/67872859@N00/16950618150,IainCameron,cc-by 2.0
not_cilantro/openverse_1e6ee164-14bb-46aa-bb5d-e375c3b6a0be.jpg,not_cilantro,openverse:flickr,https://live.staticflickr.com/7060/6889539839_26ffb5838d_b.jpg,https://www.flickr.com/photos/75231152@N00/6889539839,kae71463,cc-by 2.0
not_cilantro/openverse_103b01bd-a386-4d20-a734-3be231cb72ad.jpg,not_cilantro,openverse:flickr,https://live.staticflickr.com/8705/16951946309_90fd2f485b_b.jpg,https://www.flickr.com/photos/67872859@N00/16951946309,IainCameron,cc-by 2.0
not_cilantro/openverse_ad0b2ad8-499f-456b-8837-a95008ab8e78.jpg,not_cilantro,openverse:flickr,https://live.staticflickr.com/7380/16280610418_bdc46d90f8.jpg,https://www.flickr.com/photos/61000211@N07/16280610418,jonmrogers,cc-by 2.0
not_cilantro/openverse_c9df994f-3fb5-460d-b987-576e7a7ca485.jpg,not_cilantro,openverse:flickr,https://live.staticflickr.com/7710/16923173240_b6b64bce2d_b.jpg,https://www.flickr.com/photos/67872859@N00/16923173240,IainCameron,cc-by 2.0
not_cilantro/openverse_6f4fe5f5-5793-455f-81e2-20ab26a5ef6d.jpg,not_cilantro,openverse:flickr,https://live.staticflickr.com/7605/16923180180_85c4e1e6be_b.jpg,https://www.flickr.com/photos/67872859@N00/16923180180,IainCameron,cc-by 2.0
not_cilantro/openverse_a4193f2b-6538-4c2c-9c9b-71f73732415b.jpg,not_cilantro,openverse:flickr,https://live.staticflickr.com/8805/17084779096_1a658327d4_b.jpg,https://www.flickr.com/photos/67872859@N00/17084779096,IainCameron,cc-by 2.0
not_cilantro/openverse_bc3e4aab-1ab7-4082-a38d-f8134e507123.jpg,not_cilantro,openverse:flickr,https://live.staticflickr.com/6075/6109385927_33b553d801.jpg,https://www.flickr.com/photos/21500897@N07/6109385927,franksteiner,cc-by 2.0
not_cilantro/openverse_4da4168c-f363-4410-828c-8ef947a39182.jpg,not_cilantro,openverse:flickr,https://live.staticflickr.com/7715/17137486311_ecf02007b5_b.jpg,https://www.flickr.com/photos/67872859@N00/17137486311,IainCameron,cc-by 2.0
not_cilantro/openverse_965c1831-78c4-4fd5-a8b2-68cedf400193.jpg,not_cilantro,openverse:flickr,https://live.staticflickr.com/52/173689697_87949eccc0_b.jpg,https://www.flickr.com/photos/97844767@N00/173689697,WordRidden,cc-by 2.0
not_cilantro/openverse_a916dd59-3401-4213-9429-e8770bca7d0c.jpg,not_cilantro,openverse:flickr,https://live.staticflickr.com/96/230403389_46beb38b63_b.jpg,https://www.flickr.com/photos/50235987@N00/230403389,CyboRoZ,cc-by 2.0
not_cilantro/openverse_9777f451-1985-4652-99b0-16a8fe48e8e7.jpg,not_cilantro,openverse:flickr,https://live.staticflickr.com/5324/9455455592_22c708d85a_b.jpg,https://www.flickr.com/photos/80665970@N03/9455455592,simpleprovisions,cc-by 2.0
not_cilantro/openverse_30c3c778-58a6-4676-8dbb-c2395f46a8b2.jpg,not_cilantro,openverse:flickr,https://live.staticflickr.com/6004/5902861222_69e5232208_b.jpg,https://www.flickr.com/photos/7927684@N03/5902861222,jeffreyw,cc-by 2.0
not_cilantro/openverse_88324c97-4459-4f92-bdad-eca6d06961aa.jpg,not_cilantro,openverse:flickr,https://live.staticflickr.com/2594/3978558867_1da42bf484_b.jpg,https://www.flickr.com/photos/25128194@N02/3978558867,Vegan Feast Catering,cc-by 2.0
not_cilantro/openverse_0541c48e-8325-4458-b7c6-b68b778f459f.jpg,not_cilantro,openverse:flickr,https://live.staticflickr.com/4112/4997140593_dd92bfd700_b.jpg,https://www.flickr.com/photos/10670915@N05/4997140593,Jeremy Bronson,cc-by 2.0
not_cilantro/openverse_b5d40309-f3d9-4ca7-8dd7-036a8f23e7b9.jpg,not_cilantro,openverse:flickr,https://live.staticflickr.com/2911/14530170849_373f1c964a_b.jpg,https://www.flickr.com/photos/7927684@N03/14530170849,jeffreyw,cc-by 2.0
not_cilantro/openverse_846035f5-feed-45d8-b139-ae05665eefce.jpg,not_cilantro,openverse:flickr,https://live.staticflickr.com/4074/4761934600_e060093ede_b.jpg,https://www.flickr.com/photos/71317184@N00/4761934600,roolrool,cc-by 2.0
not_cilantro/openverse_642da058-b7a4-4e91-81a1-8547b2f5ef2c.jpg,not_cilantro,openverse:flickr,https://live.staticflickr.com/6079/6116123000_96d2a64a49_b.jpg,https://www.flickr.com/photos/7927684@N03/6116123000,jeffreyw,cc-by 2.0
not_cilantro/openverse_4ee82d68-1995-401b-a7f7-12e75b4eb31e.jpg,not_cilantro,openverse:flickr,https://live.staticflickr.com/47/138067687_532c320c00_b.jpg,https://www.flickr.com/photos/50902562@N00/138067687,kawanet,cc-by 2.0
not_cilantro/openverse_45d3421c-9fb7-4130-8d07-c75db451993b.jpg,not_cilantro,openverse:flickr,https://live.staticflickr.com/3202/2794099695_78ea99c079.jpg,https://www.flickr.com/photos/29664345@N08/2794099695,I Love Egg,cc-by 2.0
not_cilantro/openverse_23b0faca-b383-48a1-970f-c4c4d81cdd23.jpg,not_cilantro,openverse:flickr,https://live.staticflickr.com/3852/14384813812_4f063b83f5_b.jpg,https://www.flickr.com/photos/7927684@N03/14384813812,jeffreyw,cc-by 2.0
not_cilantro/openverse_61f8b1fd-a66e-4aa7-829e-3b3262c14054.jpg,not_cilantro,openverse:flickr,https://live.staticflickr.com/53/139125744_d0935bccd6.jpg,https://www.flickr.com/photos/29282750@N00/139125744,Kanko*,cc-by 2.0
not_cilantro/openverse_a356c4a4-7569-4350-9d42-3208e51add52.jpg,not_cilantro,openverse:flickr,https://live.staticflickr.com/2047/2079437797_f2957c031d_b.jpg,https://www.flickr.com/photos/80264890@N00/2079437797,McPig,cc-by 2.0
not_cilantro/openverse_dd06e11d-b062-493a-a721-f946ea781ecc.jpg,not_cilantro,openverse:flickr,https://live.staticflickr.com/4002/5076895324_eb95e268db_b.jpg,https://www.flickr.com/photos/72949902@N00/5076895324,TheCulinaryGeek,cc-by 2.0
not_cilantro/openverse_972bbc98-8330-4b91-b7bb-a460878b8d58.jpg,not_cilantro,openverse:flickr,https://live.staticflickr.com/5481/9292604575_24de6af942_b.jpg,https://www.flickr.com/photos/7927684@N03/9292604575,jeffreyw,cc-by 2.0
not_cilantro/openverse_7eb97e4a-c3b0-4b77-a8d4-ebc0178e618a.jpg,not_cilantro,openverse:flickr,https://live.staticflickr.com/3194/2333458635_94436e094f_b.jpg,https://www.flickr.com/photos/72248790@N00/2333458635,Tim Patterson,cc-by-sa 2.0
not_cilantro/openverse_ebde363b-fd93-425d-922e-f77694f94742.jpg,not_cilantro,openverse:flickr,https://live.staticflickr.com/6081/6113031911_00eb79d8c4_b.jpg,https://www.flickr.com/photos/8174757@N02/6113031911,emmadiscovery,cc-by 2.0
not_cilantro/openverse_2290610c-b30b-43c2-bfba-aa02bd41862e.jpg,not_cilantro,openverse:flickr,https://live.staticflickr.com/8192/8355326009_5eaed0875d_b.jpg,https://www.flickr.com/photos/75231152@N00/8355326009,kae71463,cc-by 2.0
not_cilantro/openverse_c5ed131a-5e2f-4cf9-acb3-33625bc3d46d.jpg,not_cilantro,openverse:flickr,https://live.staticflickr.com/3845/15235208751_e1d5c5177f_b.jpg,https://www.flickr.com/photos/7927684@N03/15235208751,jeffreyw,cc-by 2.0
not_cilantro/openverse_022dca58-6bf8-4729-9d0f-112298ffd156.jpg,not_cilantro,openverse:flickr,https://live.staticflickr.com/8096/8449785098_377c3eef5f_b.jpg,https://www.flickr.com/photos/24532534@N02/8449785098,moonlightbulb,cc-by 2.0
not_cilantro/openverse_4c46f461-c788-4eac-8767-f9662daa27a7.jpg,not_cilantro,openverse:flickr,https://live.staticflickr.com/1128/833149342_538348629b_b.jpg,https://www.flickr.com/photos/38315261@N00/833149342,Sharon Mollerus,cc-by 2.0
not_cilantro/openverse_e294dad6-b0c0-4c1e-b83b-7452d1db6644.jpg,not_cilantro,openverse:flickr,https://live.staticflickr.com/2276/2367228310_7603d0fb77_b.jpg,https://www.flickr.com/photos/23149749@N08/2367228310,Seph Swain,cc-by 2.0
not_cilantro/openverse_28598358-dc08-414b-9d7e-145e906c8765.jpg,not_cilantro,openverse:flickr,https://live.staticflickr.com/3448/3722146097_64d7e93ffb_b.jpg,https://www.flickr.com/photos/21001756@N06/3722146097,Stacy Spensley,cc-by 2.0
not_cilantro/openverse_1ae0cdb2-3276-4fab-9634-cedc331837f2.jpg,not_cilantro,openverse:flickr,https://live.staticflickr.com/3354/3242824884_16f5b7e22e_b.jpg,https://www.flickr.com/photos/10559879@N00/3242824884,avlxyz,cc-by-sa 2.0
not_cilantro/openverse_8955f285-e0c0-43e6-a5ea-4baf66a0c1b0.jpg,not_cilantro,openverse:flickr,https://live.staticflickr.com/2160/2317236233_aa6999c37f_b.jpg,https://www.flickr.com/photos/19517696@N00/2317236233,shawnzrossi,cc-by 2.0
not_cilantro/openverse_4907140c-655a-40ab-bbd8-0b1afa7efe43.jpg,not_cilantro,openverse:flickr,https://live.staticflickr.com/3537/3315841832_88f1648f9b_b.jpg,https://www.flickr.com/photos/18199354@N00/3315841832,Rex Roof,cc-by 2.0
not_cilantro/openverse_6d265410-34a2-4baf-94d5-4111b712912a.jpg,not_cilantro,openverse:flickr,https://live.staticflickr.com/3401/3658195649_14d5fd1e2c.jpg,https://www.flickr.com/photos/8830972@N08/3658195649,Maggie Hoffman,cc-by 2.0
not_cilantro/openverse_d36d5493-ca7b-4134-a8a2-0797800b356f.jpg,not_cilantro,openverse:flickr,https://live.staticflickr.com/4079/4926480054_7de29f65eb_b.jpg,https://www.flickr.com/photos/50284194@N00/4926480054,Rooey202,cc-by 2.0
not_cilantro/openverse_d26739eb-76a6-4747-9b16-d39c873878f0.jpg,not_cilantro,openverse:flickr,https://live.staticflickr.com/2110/2062570882_61604874b9_b.jpg,https://www.flickr.com/photos/7466314@N05/2062570882,iandeth,cc-by 2.0
not_cilantro/openverse_74340e38-e31d-4676-8c01-1b7e3b9c5984.jpg,not_cilantro,openverse:flickr,https://live.staticflickr.com/7409/11277483134_5def890a47_b.jpg,https://www.flickr.com/photos/7927684@N03/11277483134,jeffreyw,cc-by 2.0
not_cilantro/openverse_39fb7d18-0ae0-47cd-854d-9fb7cc82aaa5.jpg,not_cilantro,openverse:flickr,https://live.staticflickr.com/2061/2074541503_cbf334c67a.jpg,https://www.flickr.com/photos/8564557@N05/2074541503,serenejournal,cc-by 2.0
not_cilantro/openverse_80d52238-f7a9-4b30-9609-4ac6811d5f0b.jpg,not_cilantro,openverse:flickr,https://live.staticflickr.com/2210/2516258656_918d95b3a1_b.jpg,https://www.flickr.com/photos/98983159@N00/2516258656,Lachlan Hardy,cc-by 2.0
not_cilantro/openverse_acaf0fe1-8d7d-481c-94d1-23294d6ccc97.jpg,not_cilantro,openverse:flickr,https://live.staticflickr.com/2741/4253080686_6284816d12_b.jpg,https://www.flickr.com/photos/8564557@N05/4253080686,serenejournal,cc-by 2.0
not_cilantro/openverse_a3b6c9ff-bc4c-4a16-b2db-873382639ee9.jpg,not_cilantro,openverse:flickr,https://live.staticflickr.com/4120/4803085938_16d42baf20_b.jpg,https://www.flickr.com/photos/34046467@N06/4803085938,chordmonkey,cc-by 2.0
not_cilantro/openverse_620a1d4b-704e-4da9-a21a-f7c5c13081a2.jpg,not_cilantro,openverse:flickr,https://live.staticflickr.com/3144/2780083556_8f789ac536_b.jpg,https://www.flickr.com/photos/72362970@N00/2780083556,Waldo Jaquith,cc-by-sa 2.0
not_cilantro/openverse_384711ab-998d-40c4-882c-4f14715b5726.jpg,not_cilantro,openverse:flickr,https://live.staticflickr.com/5072/5808517512_79f37e0682_b.jpg,https://www.flickr.com/photos/7927684@N03/5808517512,jeffreyw,cc-by 2.0
not_cilantro/openverse_9d79dc6b-9a81-4342-acc0-5f95cd416c43.jpg,not_cilantro,openverse:flickr,https://live.staticflickr.com/8320/7891158180_fdb84296ed_b.jpg,https://www.flickr.com/photos/49845772@N03/7891158180,tomatoes and friends,cc-by 2.0
not_cilantro/openverse_593902b5-84c6-4ba7-be2f-69e2cba6fc6b.jpg,not_cilantro,openverse:flickr,https://live.staticflickr.com/6072/6033816666_d608753bd0_b.jpg,https://www.flickr.com/photos/7927684@N03/6033816666,jeffreyw,cc-by 2.0
not_cilantro/openverse_b6c05fac-e6f5-4e92-81ea-d4037a3ec183.jpg,not_cilantro,openverse:flickr,https://live.staticflickr.com/1243/824608884_c02e6978bd_b.jpg,https://www.flickr.com/photos/21559804@N00/824608884,jshj,cc-by 2.0
not_cilantro/openverse_aeef27a6-e642-4976-bb07-1bd4bd4bc9e4.jpg,not_cilantro,openverse:flickr,https://live.staticflickr.com/3762/14087157100_feec62d8b9_b.jpg,https://www.flickr.com/photos/12505664@N00/14087157100,illustir,cc-by 2.0
not_cilantro/openverse_3a53a469-1de9-4d5d-9ea6-3632b0a8be97.jpg,not_cilantro,openverse:flickr,https://live.staticflickr.com/3782/11454347753_bc6d5fd4fd_b.jpg,https://www.flickr.com/photos/7927684@N03/11454347753,jeffreyw,cc-by 2.0
not_cilantro/openverse_9dfbdd87-681f-4b00-ab46-89f4745c9a21.jpg,not_cilantro,openverse:wordpress,https://pd.w.org/2026/06/7666a28fb2a8910b6.28085173-2048x1365.jpg,https://wordpress.org/photos/photo/7666a28fb2/,Jackson Monichan,cc-cc0 1.0
not_cilantro/openverse_edf09fde-2a26-4d8a-8828-be24f5e03e42.jpg,not_cilantro,openverse:wordpress,https://pd.w.org/2025/01/473678a45eb4d7db9.15302011-2048x1536.jpeg,https://wordpress.org/photos/photo/473678a45e/,Faisal Ahammad,cc-cc0 1.0
not_cilantro/openverse_77a68db3-ebcf-480c-a3bf-c1a392cb8c59.jpg,not_cilantro,openverse:flickr,https://live.staticflickr.com/110/301016460_3bcfb3db02_b.jpg,https://www.flickr.com/photos/70522326@N00/301016460,rovingI,cc-by 2.0
not_cilantro/openverse_f6cd04a9-bc36-4f5d-8627-297fa40b5dec.jpg,not_cilantro,openverse:flickr,https://live.staticflickr.com/116/305698269_7ab5752616_b.jpg,https://www.flickr.com/photos/70522326@N00/305698269,rovingI,cc-by 2.0
not_cilantro/openverse_61a36807-3311-4cae-8e23-7fcd495cacbc.jpg,not_cilantro,openverse:flickr,https://live.staticflickr.com/2228/2492695429_c9e32a9c6b.jpg,https://www.flickr.com/photos/46286575@N00/2492695429,Pen Waggener,cc-by 2.0
not_cilantro/openverse_a1f93de1-4285-4406-b98b-ae9edcaa5bac.jpg,not_cilantro,openverse:flickr,https://live.staticflickr.com/3564/3807874020_6422e4fe29_b.jpg,https://www.flickr.com/photos/78011127@N00/3807874020,ginnerobot,cc-by-sa 2.0
not_cilantro/openverse_d92f6876-981f-41fa-93fb-618a96c0ec9c.jpg,not_cilantro,openverse:flickr,https://live.staticflickr.com/4040/4448026353_e9873e8361.jpg,https://www.flickr.com/photos/22118036@N00/4448026353,Monica Arellano-Ongpin,cc-by 2.0
not_cilantro/openverse_996f3475-f262-4e27-908a-fb6af9761663.jpg,not_cilantro,openverse:flickr,https://live.staticflickr.com/6141/5959729992_61f232e297_b.jpg,https://www.flickr.com/photos/58990192@N03/5959729992,time_anchor,cc-by 2.0
not_cilantro/openverse_e9c7fc0a-09a1-4a88-a732-f9d6d1fbafee.jpg,not_cilantro,openverse:flickr,https://live.staticflickr.com/3598/3324772822_32d7438c0d_b.jpg,https://www.flickr.com/photos/58131933@N00/3324772822,Aylanah,cc-by-nd 2.0
not_cilantro/openverse_ed5d34a0-d000-4397-823e-49e1a742347e.jpg,not_cilantro,openverse:flickr,https://live.staticflickr.com/5181/5688501283_14b38a6014_b.jpg,https://www.flickr.com/photos/25977089@N00/5688501283,goblinbox_(queen_of_ad_hoc_bento),cc-by 2.0
not_cilantro/openverse_45aa8dd8-a13a-420c-80eb-3b3aac1db279.jpg,not_cilantro,openverse:flickr,https://live.staticflickr.com/1002/973486430_45b79884a4_b.jpg,https://www.flickr.com/photos/88017171@N00/973486430,Fran Tapia,cc-by-nd 2.0
not_cilantro/openverse_2ffa3163-dcc4-4636-a64b-58fc67f1701d.jpg,not_cilantro,openverse:flickr,https://live.staticflickr.com/8079/8305452015_ebc0fc6dc6_b.jpg,https://www.flickr.com/photos/22798667@N00/8305452015,telepathicparanoia,cc-by-nd 2.0
not_cilantro/openverse_142133a7-0369-4b11-a3f5-1346201d0d92.jpg,not_cilantro,openverse:flickr,https://live.staticflickr.com/2748/4386948719_0ed5890936_b.jpg,https://www.flickr.com/photos/47123049@N07/4386948719,Cooking With Lon,cc-by 2.0
not_cilantro/openverse_169cd204-e7af-49ea-9593-e2de30718666.jpg,not_cilantro,openverse:flickr,https://live.staticflickr.com/2738/4136677083_4486a66a1a_b.jpg,https://www.flickr.com/photos/25128194@N02/4136677083,Vegan Feast Catering,cc-by 2.0
not_cilantro/openverse_b8cfe31e-b181-4fc3-9edb-04b411953cfa.jpg,not_cilantro,openverse:flickr,https://live.staticflickr.com/2236/2050696321_ceadf1cd0b.jpg,https://www.flickr.com/photos/89626269@N00/2050696321,redazadi,cc-by 2.0
not_cilantro/openverse_100a60f3-e425-4dc3-addb-282ee7fddbd3.jpg,not_cilantro,openverse:flickr,https://live.staticflickr.com/3273/2759721925_fc31340c19_m.jpg,https://www.flickr.com/photos/70893713@N00/2759721925,startcooking kathy & amandine,cc-by 2.0
not_cilantro/openverse_3652cfb5-deaa-4c4e-ae4c-57ded6d2415e.jpg,not_cilantro,openverse:flickr,https://live.staticflickr.com/1232/626217585_b9edf65c71_b.jpg,https://www.flickr.com/photos/64401168@N00/626217585,Average Jane,cc-by 2.0
not_cilantro/openverse_9850c412-1a7b-4ba9-bacf-ee9ad0295e2f.jpg,not_cilantro,openverse:flickr,https://live.staticflickr.com/8443/7746414462_42199379c7_b.jpg,https://www.flickr.com/photos/7252160@N04/7746414462,solarisgirl,cc-by-sa 2.0
not_cilantro/openverse_ba136bee-18fe-428c-8daa-574973474392.jpg,not_cilantro,openverse:flickr,https://live.staticflickr.com/8310/7981649683_7958fd8984_b.jpg,https://www.flickr.com/photos/54717162@N00/7981649683,woofiegrrl,cc-by-nd 2.0
not_cilantro/openverse_4574fdd5-b380-4b1a-a6a7-c257f33f5389.jpg,not_cilantro,openverse:flickr,https://live.staticflickr.com/8527/8596780542_88d8c0b057_b.jpg,https://www.flickr.com/photos/25977089@N00/8596780542,goblinbox_(queen_of_ad_hoc_bento),cc-by 2.0
not_cilantro/openverse_3e2c56fe-bc9e-4e38-b9ef-e53d63cad4e7.jpg,not_cilantro,openverse:flickr,https://live.staticflickr.com/56/140227811_9ee44b19fd_b.jpg,https://www.flickr.com/photos/27454212@N00/140227811,Kent Wang,cc-by-sa 2.0
not_cilantro/openverse_9d3639b5-8f0b-40ae-b04e-9a9c79caeb07.jpg,not_cilantro,openverse:flickr,https://live.staticflickr.com/52/110715712_a5851354a5_b.jpg,https://www.flickr.com/photos/18295242@N00/110715712,Laurel Fan,cc-by-sa 2.0
not_cilantro/openverse_558ce275-5118-4db3-b04f-4725a7610dc1.jpg,not_cilantro,openverse:flickr,https://live.staticflickr.com/2722/4084475757_75af0cf47d_b.jpg,https://www.flickr.com/photos/25128194@N02/4084475757,Vegan Feast Catering,cc-by 2.0
not_cilantro/openverse_ee73a611-6f8b-4b57-b7e7-59e9f75a295d.jpg,not_cilantro,openverse:flickr,https://live.staticflickr.com/2214/2238423718_d6d9264863_b.jpg,https://www.flickr.com/photos/35034346243@N01/2238423718,stu_spivack,cc-by-sa 2.0
not_cilantro/openverse_367bfe63-9af8-4a85-b126-54d9a4b6acc6.jpg,not_cilantro,openverse:flickr,https://live.staticflickr.com/5206/5380016852_d976567573_b.jpg,https://www.flickr.com/photos/57902140@N08/5380016852,Shreveport-Bossier: Louisiana's Other Side,cc-by 2.0
not_cilantro/openverse_01e70fb3-f30b-440d-858b-9e414d0a655b.jpg,not_cilantro,openverse:flickr,https://live.staticflickr.com/3947/15014652224_2352e4dc16_b.jpg,https://www.flickr.com/photos/25977089@N00/15014652224,goblinbox_(queen_of_ad_hoc_bento),cc-by 2.0
not_cilantro/openverse_e504caad-71e6-4a34-b80d-b290f64def78.jpg,not_cilantro,openverse:flickr,https://live.staticflickr.com/778/21120689163_8d8286b132_b.jpg,https://www.flickr.com/photos/40351552@N05/21120689163,eprebys,cc-by 2.0
not_cilantro/openverse_fb6605cd-c0c4-423a-b0b0-589e89606531.jpg,not_cilantro,openverse:flickr,https://live.staticflickr.com/6112/6318619539_e514d0fd7d_b.jpg,https://www.flickr.com/photos/41614647@N04/6318619539,SteFou!,cc-by 2.0
not_cilantro/openverse_00a91852-6364-4bcc-9baf-c82e8cdcc8ea.jpg,not_cilantro,openverse:flickr,https://live.staticflickr.com/4078/4911469632_77cd1ebdab_b.jpg,https://www.flickr.com/photos/25977089@N00/4911469632,goblinbox_(queen_of_ad_hoc_bento),cc-by 2.0
not_cilantro/openverse_81b15cfd-3ba3-4d95-b4df-f93e59bd9312.jpg,not_cilantro,openverse:flickr,https://live.staticflickr.com/4143/4772255115_b0908b3ea8_b.jpg,https://www.flickr.com/photos/25977089@N00/4772255115,goblinbox_(queen_of_ad_hoc_bento),cc-by 2.0
not_cilantro/openverse_ecb0188c-9b39-4ee8-8041-df337d8f0b7e.jpg,not_cilantro,openverse:flickr,https://live.staticflickr.com/3824/13013080024_38e4f18930_b.jpg,https://www.flickr.com/photos/103743993@N04/13013080024,uritours,cc-by-sa 2.0
not_cilantro/openverse_138998bf-4d94-44d0-b287-8e8af50ac600.jpg,not_cilantro,openverse:flickr,https://live.staticflickr.com/2411/2252237110_d9af4b3bd4_b.jpg,https://www.flickr.com/photos/20688578@N00/2252237110,BrownGuacamole,cc-by-nd 2.0
not_cilantro/openverse_5dd03674-69a4-4fe3-b3fc-a9c4a7e05a26.jpg,not_cilantro,openverse:flickr,https://live.staticflickr.com/8885/28685128482_eb46990144_b.jpg,https://www.flickr.com/photos/95142644@N00/28685128482,Ruth and Dave,cc-by 2.0
not_cilantro/openverse_a400878a-222d-4f49-9981-a2772a8290c9.jpg,not_cilantro,openverse:flickr,https://live.staticflickr.com/3181/3009559166_e84a322f01_b.jpg,https://www.flickr.com/photos/79407923@N00/3009559166,Monado,cc-by 2.0
not_cilantro/openverse_15866961-4acc-456e-be5e-ecaf3ec7df10.jpg,not_cilantro,openverse:flickr,https://live.staticflickr.com/4030/4465272917_57b8569497_b.jpg,https://www.flickr.com/photos/47123049@N07/4465272917,Cooking With Lon,cc-by 2.0
not_cilantro/openverse_f56af01a-307a-473c-8aaa-9da50cecdd84.jpg,not_cilantro,openverse:flickr,https://live.staticflickr.com/6087/6130170332_3ef9e54175.jpg,https://www.flickr.com/photos/13342940@N00/6130170332,Emily Cavalier,cc-by 2.0
not_cilantro/openverse_28911cea-1b06-4000-b86f-4ab26dd7eaec.jpg,not_cilantro,openverse:flickr,https://live.staticflickr.com/3418/3233505535_1dd8058cb0_b.jpg,https://www.flickr.com/photos/44124415216@N01/3233505535,King Chung Huang,cc-by 2.0
not_cilantro/openverse_0ee7d40f-dbd6-4b78-844a-8f2963798e9e.jpg,not_cilantro,openverse:flickr,https://live.staticflickr.com/2146/5720003594_ca4d8232cf_b.jpg,https://www.flickr.com/photos/18199354@N00/5720003594,Rex Roof,cc-by 2.0
not_cilantro/openverse_89f358a6-e495-4e0b-a3d7-066df8fa8269.jpg,not_cilantro,openverse:flickr,https://live.staticflickr.com/5290/5256912080_d3fb45482a_b.jpg,https://www.flickr.com/photos/94785719@N00/5256912080,megankhines,cc-by-sa 2.0
not_cilantro/openverse_4b9875fc-3410-4ad9-b926-4bd1c221121e.jpg,not_cilantro,openverse:flickr,https://live.staticflickr.com/1029/675793444_a76d5b6223_b.jpg,https://www.flickr.com/photos/69024001@N00/675793444,ndrwfgg,cc-by 2.0
not_cilantro/openverse_63b9f699-d2eb-4cc8-b026-aa526d97ebc4.jpg,not_cilantro,openverse:flickr,https://live.staticflickr.com/4461/37502721551_8bbdb5a6ec_b.jpg,https://www.flickr.com/photos/33821162@N02/37502721551,Tina Schritter,cc-by 2.0
not_cilantro/openverse_aae5e91b-2f68-4729-b274-20d1acc8a66c.jpg,not_cilantro,openverse:flickr,https://live.staticflickr.com/656/20930324093_0e02b6bef4_b.jpg,https://www.flickr.com/photos/25977089@N00/20930324093,goblinbox_(queen_of_ad_hoc_bento),cc-by 2.0
not_cilantro/openverse_f211e25d-6fd7-4bd6-ab9f-dfe2c2299897.jpg,not_cilantro,openverse:flickr,https://live.staticflickr.com/6050/6319370614_5da504e7bd_b.jpg,https://www.flickr.com/photos/22798667@N00/6319370614,telepathicparanoia,cc-by-nd 2.0
not_cilantro/openverse_3e979d89-f32f-491e-8872-f83c40d5bb71.jpg,not_cilantro,openverse:flickr,https://live.staticflickr.com/7425/9052532900_3170f64949_b.jpg,https://www.flickr.com/photos/25977089@N00/9052532900,goblinbox_(queen_of_ad_hoc_bento),cc-by 2.0
not_cilantro/openverse_89235dd6-cc83-43e9-a5b0-e0d44ce657f7.jpg,not_cilantro,openverse:flickr,https://live.staticflickr.com/5148/5596458603_acc94ed7be_b.jpg,https://www.flickr.com/photos/47854142@N04/5596458603,TheHungryDudes,cc-by 2.0
not_cilantro/openverse_21e226db-4832-4a95-88c6-b79077abd0a6.jpg,not_cilantro,openverse:flickr,https://live.staticflickr.com/65535/54539848810_fc3395873d_b.jpg,https://www.flickr.com/photos/194424926@N05/54539848810,PattayaPatrol,cc-by-sa 2.0
not_cilantro/openverse_2f74cc70-cffe-49e2-b395-4e5ccff25015.jpg,not_cilantro,openverse:flickr,https://live.staticflickr.com/65535/54372786031_571ccf45c5_b.jpg,https://www.flickr.com/photos/194424926@N05/54372786031,PattayaPatrol,cc-by-sa 2.0
not_cilantro/openverse_3a86cf58-df8b-4651-86d4-0f2fbe4f10cb.jpg,not_cilantro,openverse:flickr,https://live.staticflickr.com/65535/54352462279_2db05dfcb4_b.jpg,https://www.flickr.com/photos/194424926@N05/54352462279,PattayaPatrol,cc-by-sa 2.0
not_cilantro/openverse_321f2411-159f-489d-94a4-db52a2b5bd66.jpg,not_cilantro,openverse:flickr,https://live.staticflickr.com/5692/20202001823_d63413424c_b.jpg,https://www.flickr.com/photos/25977089@N00/20202001823,goblinbox_(queen_of_ad_hoc_bento),cc-by 2.0
not_cilantro/openverse_f76dc6ec-11c9-4472-80ea-7ce65fd987bb.jpg,not_cilantro,openverse:flickr,https://live.staticflickr.com/65535/54259242478_9ed7c39d8b_b.jpg,https://www.flickr.com/photos/91873384@N04/54259242478,dalecruse,cc-by 2.0
not_cilantro/openverse_b7047324-73f0-44d3-97be-f5f562999c05.jpg,not_cilantro,openverse:flickr,https://live.staticflickr.com/5173/5501224187_d61026e975_b.jpg,https://www.flickr.com/photos/87542849@N00/5501224187,kimberlykv,cc-by 2.0
not_cilantro/openverse_0a5efff4-a29b-423e-8782-439ddd9556e4.jpg,not_cilantro,openverse:flickr,https://live.staticflickr.com/2676/3846934644_ffc7e8a6a0.jpg,https://www.flickr.com/photos/70176840@N00/3846934644,citymama,cc-by-nd 2.0
not_cilantro/openverse_ec945371-efb7-4d41-abbb-6891efa2f931.jpg,not_cilantro,openverse:flickr,https://live.staticflickr.com/5215/5501818094_39f83fa1f8_b.jpg,https://www.flickr.com/photos/87542849@N00/5501818094,kimberlykv,cc-by 2.0
not_cilantro/openverse_089fc548-34cc-4f7e-a392-a06607aa6d94.jpg,not_cilantro,openverse:flickr,https://live.staticflickr.com/65535/51294061602_49f2e50640.jpg,https://www.flickr.com/photos/62558987@N07/51294061602,kurmanstaff,cc-by 2.0
not_cilantro/openverse_7841fa71-a8ed-4789-b09c-32e7decfa22a.jpg,not_cilantro,openverse:flickr,https://live.staticflickr.com/7905/33675747428_d0b5984ca1_b.jpg,https://www.flickr.com/photos/22798667@N00/33675747428,telepathicparanoia,cc-by-nd 2.0
not_cilantro/openverse_ed17d27b-dc71-43bc-aa36-359f52635c70.jpg,not_cilantro,openverse:flickr,https://live.staticflickr.com/65535/40779386503_bba9c5c48b.jpg,https://www.flickr.com/photos/142284085@N06/40779386503,HungryHuy,cc-by 2.0
not_cilantro/openverse_ed62a5da-bbdb-4617-8fa2-ef979172ddef.jpg,not_cilantro,openverse:flickr,https://live.staticflickr.com/65535/40779386433_93765f7576.jpg,https://www.flickr.com/photos/142284085@N06/40779386433,HungryHuy,cc-by 2.0
not_cilantro/openverse_4288de49-51e9-4558-9791-a0c6e1c58d86.jpg,not_cilantro,openverse:flickr,https://live.staticflickr.com/65535/47746027161_45689570eb.jpg,https://www.flickr.com/photos/142284085@N06/47746027161,HungryHuy,cc-by 2.0
not_cilantro/openverse_19922686-1c6c-4aa2-9839-780cdd0b0e88.jpg,not_cilantro,openverse:flickr,https://live.staticflickr.com/65535/54338383566_3a9fc142ea_b.jpg,https://www.flickr.com/photos/34128007@N04/54338383566,Thank You (25 Millions ) views,cc-by 2.0
not_cilantro/openverse_af3e8a53-7805-4d07-be68-f38b8f45257c.jpg,not_cilantro,openverse:wordpress,https://pd.w.org/2026/06/5046a1edbcce514d3.85665981-1198x2048.jpeg,https://wordpress.org/photos/photo/5046a1edbc/,Manjil Aryal,cc-cc0 1.0
not_cilantro/openverse_f7bfb94f-5eb5-45ac-9a18-f59eb50fbecc.jpg,not_cilantro,openverse:flickr,https://live.staticflickr.com/314/19439209144_899ea5c7aa_b.jpg,https://www.flickr.com/photos/126560659@N06/19439209144,Berries.com,cc-by 2.0
not_cilantro/openverse_7265d281-ff40-4810-a8ee-86c5bdab9e03.jpg,not_cilantro,openverse:flickr,https://live.staticflickr.com/498/18493884319_d57684c57e.jpg,https://www.flickr.com/photos/127294011@N07/18493884319,PersonalCreations.com,cc-by 2.0
not_cilantro/openverse_27c21b0f-ef7b-4330-b897-aaf64f45d04e.jpg,not_cilantro,openverse:flickr,https://live.staticflickr.com/549/19873863590_07a010a126_b.jpg,https://www.flickr.com/photos/126560659@N06/19873863590,Berries.com,cc-by 2.0
not_cilantro/openverse_dabff638-6d52-4036-9e91-a68e78e1ad4b.jpg,not_cilantro,openverse:flickr,https://live.staticflickr.com/65535/52447341737_b15aab47e6_b.jpg,https://www.flickr.com/photos/72547033@N06/52447341737,anaxmedia,cc-by-sa 2.0
not_cilantro/openverse_15c6e3ca-1db1-4314-8362-2403e7ed55a1.jpg,not_cilantro,openverse:wordpress,https://pd.w.org/2026/05/1416a15c167793839.90734655-1536x2048.jpg,https://wordpress.org/photos/photo/1416a15c16/,Roman Khadka,cc-cc0 1.0
not_cilantro/openverse_a14dbad0-0787-4599-8177-f2511df7c242.jpg,not_cilantro,openverse:wordpress,https://pd.w.org/2026/03/71969c7e6efbf9048.31057947-1536x2048.jpeg,https://wordpress.org/photos/photo/71969c7e6e/,Uttkrista Chhetri,cc-cc0 1.0
not_cilantro/openverse_47a64580-80e9-4eac-b991-67765d2fdf2c.jpg,not_cilantro,openverse:wordpress,https://pd.w.org/2026/06/66a217146908cd4.32846926-2048x1365.jpg,https://wordpress.org/photos/photo/66a2171469/,Guste Cibulskyte,cc-cc0 1.0
not_cilantro/openverse_cfcdf51d-1350-42b3-bd5a-b4b9738a2309.jpg,not_cilantro,openverse:flickr,https://live.staticflickr.com/2698/4231501683_8ded6ff97d_b.jpg,https://www.flickr.com/photos/34883952@N02/4231501683,StuartWebster,cc-by 2.0
not_cilantro/openverse_d1a5d784-0c11-4357-a1a2-ba01c98dfd69.jpg,not_cilantro,openverse:flickr,https://live.staticflickr.com/7216/7217269034_7b33f9391d_b.jpg,https://www.flickr.com/photos/53442856@N06/7217269034,Valters Krontals,cc-by 2.0
not_cilantro/openverse_ef278356-dac9-4382-994a-93101758a77b.jpg,not_cilantro,openverse:flickr,https://live.staticflickr.com/71/157341808_3171562002_b.jpg,https://www.flickr.com/photos/31677689@N00/157341808,Bridgman Pottery,cc-by 2.0
not_cilantro/openverse_5023c938-a0a8-4b3b-8014-abad0b74ea70.jpg,not_cilantro,openverse:flickr,https://live.staticflickr.com/2777/4136719965_6c529430b6_b.jpg,https://www.flickr.com/photos/48439369@N00/4136719965,Tim Pierce,cc-by 2.0
not_cilantro/openverse_79f61c2f-d462-4a2a-a39a-2be191663655.jpg,not_cilantro,openverse:flickr,https://live.staticflickr.com/2799/4242448204_25cc2c6d85_b.jpg,https://www.flickr.com/photos/34883952@N02/4242448204,StuartWebster,cc-by 2.0
not_cilantro/openverse_00294d09-fae6-40c3-821a-a394edb657d6.jpg,not_cilantro,openverse:flickr,https://live.staticflickr.com/8015/6983618192_4c419903e4_b.jpg,https://www.flickr.com/photos/98826299@N00/6983618192,Tatiana12,cc-by 2.0
not_cilantro/openverse_a625f605-a980-4c85-b17a-e3b45d237752.jpg,not_cilantro,openverse:flickr,https://live.staticflickr.com/4063/4211945242_002910959b_b.jpg,https://www.flickr.com/photos/34883952@N02/4211945242,StuartWebster,cc-by 2.0
not_cilantro/openverse_cd1ae07d-f32a-4929-92a0-87f603123830.jpg,not_cilantro,openverse:flickr,https://live.staticflickr.com/106/305491525_f4f94783a5_b.jpg,https://www.flickr.com/photos/30915555@N00/305491525,yadavop,cc-by 2.0
not_cilantro/openverse_b667486b-7ae2-4934-9836-f6cb0ce85931.jpg,not_cilantro,openverse:flickr,https://live.staticflickr.com/5191/5831894231_0bb2001b61_b.jpg,https://www.flickr.com/photos/31004140@N03/5831894231,jjspirko,cc-by 2.0
not_cilantro/openverse_6f2ee5af-5817-43b2-9d0a-3d97c06bdf76.jpg,not_cilantro,openverse:flickr,https://live.staticflickr.com/55/156523299_7a8866bc27_b.jpg,https://www.flickr.com/photos/31677689@N00/156523299,Bridgman Pottery,cc-by 2.0
not_cilantro/openverse_eacd9a66-84f8-42de-8e90-1b7a15cc8f33.jpg,not_cilantro,openverse:flickr,https://live.staticflickr.com/112/313559202_01729f99e5_b.jpg,https://www.flickr.com/photos/35034346243@N01/313559202,stu_spivack,cc-by-sa 2.0
not_cilantro/openverse_3ebdc6d6-15db-4fc8-955b-f22a41865713.jpg,not_cilantro,openverse:flickr,https://live.staticflickr.com/7204/6939096996_600e1ab769_b.jpg,https://www.flickr.com/photos/25977089@N00/6939096996,goblinbox_(queen_of_ad_hoc_bento),cc-by 2.0
not_cilantro/openverse_24cff02b-c535-47f9-90d3-bdf7f479874f.jpg,not_cilantro,openverse:flickr,https://live.staticflickr.com/114/305491303_5f5edde88a_b.jpg,https://www.flickr.com/photos/30915555@N00/305491303,yadavop,cc-by 2.0
not_cilantro/openverse_4dade801-eb12-4aaf-967a-3d454abac2a9.jpg,not_cilantro,openverse:flickr,https://live.staticflickr.com/2197/1968939994_85b03f4da4_b.jpg,https://www.flickr.com/photos/12567713@N00/1968939994,born1945,cc-by 2.0
not_cilantro/openverse_08218192-4443-4f8e-886f-0e619189d4cf.jpg,not_cilantro,openverse:flickr,https://live.staticflickr.com/3087/2663155980_7a7a93f5f8.jpg,https://www.flickr.com/photos/67949051@N00/2663155980,tyger_lyllie,cc-by 2.0
not_cilantro/openverse_951a7bae-fa1e-44df-970c-ad6989b2b8b3.jpg,not_cilantro,openverse:flickr,https://live.staticflickr.com/8674/16682070726_e0643bd8af_b.jpg,https://www.flickr.com/photos/69727762@N00/16682070726,twinfountain,cc-by 2.0
not_cilantro/openverse_e92e7aeb-efd8-4fd9-9044-e0ed8cd9cba0.jpg,not_cilantro,openverse:flickr,https://live.staticflickr.com/3287/2759721225_ac9f61f6aa_m.jpg,https://www.flickr.com/photos/70893713@N00/2759721225,startcooking kathy & amandine,cc-by 2.0
not_cilantro/openverse_cf6ad491-44dd-47af-8d2c-436497b45242.jpg,not_cilantro,openverse:flickr,https://live.staticflickr.com/2463/3888711945_658d7a2f10_b.jpg,https://www.flickr.com/photos/42187399@N03/3888711945,Building Blocks Show,cc-by-nd 2.0
not_cilantro/openverse_a7854505-82e8-4362-bea0-dfec97d3c916.jpg,not_cilantro,openverse:flickr,https://live.staticflickr.com/3532/3888711909_827583e6b9_b.jpg,https://www.flickr.com/photos/42187399@N03/3888711909,Building Blocks Show,cc-by-nd 2.0
not_cilantro/openverse_3966f8de-330b-4310-b32c-3687fe9e1a26.jpg,not_cilantro,openverse:flickr,https://live.staticflickr.com/3331/3186676113_fe6900bbea_b.jpg,https://www.flickr.com/photos/87232391@N00/3186676113,Charles Haynes,cc-by-sa 2.0
not_cilantro/openverse_dc39ccd4-d9b9-4278-9dda-8ac5e108459d.jpg,not_cilantro,openverse:flickr,https://live.staticflickr.com/107/302660135_22cb6a2091.jpg,https://www.flickr.com/photos/10559879@N00/302660135,avlxyz,cc-by-sa 2.0
not_cilantro/openverse_ffa2ec42-9997-4e27-a7cb-0e155f2e9fc2.jpg,not_cilantro,openverse:flickr,https://live.staticflickr.com/2261/2291537502_708a8e69ea_b.jpg,https://www.flickr.com/photos/33001084@N00/2291537502,savoryexposure,cc-by-sa 2.0
not_cilantro/openverse_ba556833-c4a1-4519-a3e5-22669e6df17a.jpg,not_cilantro,openverse:flickr,https://live.staticflickr.com/44/146440781_26f1b641f8_b.jpg,https://www.flickr.com/photos/51035805120@N01/146440781,fonticulus,cc-by-nd 2.0
not_cilantro/openverse_0c60be27-6ff7-4157-856a-242864b2f9db.jpg,not_cilantro,openverse:flickr,https://live.staticflickr.com/2467/4417224925_994ac7e34d.jpg,https://www.flickr.com/photos/36789393@N07/4417224925,queercatkitten,cc-by-sa 2.0
not_cilantro/openverse_dc1b6d14-b65d-4e7d-839f-0399ab464c34.jpg,not_cilantro,openverse:flickr,https://live.staticflickr.com/4284/34924215243_6986343c0e_b.jpg,https://www.flickr.com/photos/146056350@N05/34924215243,Club Soda Guide,cc-by 2.0
not_cilantro/openverse_d3929ee8-74c8-4ff9-a511-932dc0f4320c.jpg,not_cilantro,openverse:flickr,https://live.staticflickr.com/6144/6005876730_2ebb8b583c_b.jpg,https://www.flickr.com/photos/49889671@N03/6005876730,Didriks,cc-by 2.0
not_cilantro/openverse_7c53891b-0e01-4750-9311-92ea4bf116ad.jpg,not_cilantro,openverse:flickr,https://live.staticflickr.com/5564/14443316981_7bce401bea.jpg,https://www.flickr.com/photos/59232060@N00/14443316981,Greg Palmer,cc-by 2.0
not_cilantro/openverse_115ee47d-a7dc-47b7-95fb-ef9030570231.jpg,not_cilantro,openverse:flickr,https://live.staticflickr.com/2950/15429487856_7876e51df8_b.jpg,https://www.flickr.com/photos/95142644@N00/15429487856,Ruth and Dave,cc-by 2.0
not_cilantro/openverse_6b21f068-f8a0-48d6-8692-eda448a4e03c.jpg,not_cilantro,openverse:flickr,https://live.staticflickr.com/31/64295048_2db74f0a3b.jpg,https://www.flickr.com/photos/10559879@N00/64295048,avlxyz,cc-by-sa 2.0
not_cilantro/openverse_34bc7bd2-b61a-4292-869b-78a2eb9f287f.jpg,not_cilantro,openverse:flickr,https://live.staticflickr.com/4254/34718763304_7258887752_b.jpg,https://www.flickr.com/photos/35754040@N04/34718763304,Stacie Stacie Stacie,cc-by-sa 2.0
not_cilantro/openverse_ef6eb1fc-4a87-4400-80ad-488c1fa5a3b3.jpg,not_cilantro,openverse:flickr,https://live.staticflickr.com/4265/35173240700_6164460b61_b.jpg,https://www.flickr.com/photos/35754040@N04/35173240700,Stacie Stacie Stacie,cc-by-sa 2.0
not_cilantro/openverse_972a7ebd-e8eb-47e0-bacf-c5078c4cb23a.jpg,not_cilantro,openverse:flickr,https://live.staticflickr.com/4102/4742852412_2be7a9d5c9_b.jpg,https://www.flickr.com/photos/61404197@N00/4742852412,seelensturm,cc-by 2.0
not_cilantro/openverse_a75411cf-5af5-41c8-ae5a-9ac542779c99.jpg,not_cilantro,openverse:flickr,https://live.staticflickr.com/2379/1577791320_633d37b1f7_b.jpg,https://www.flickr.com/photos/10559879@N00/1577791320,avlxyz,cc-by-sa 2.0
not_cilantro/openverse_a7b86131-b0ed-4ed8-acc9-c6727bea626d.jpg,not_cilantro,openverse:flickr,https://live.staticflickr.com/3757/9060375147_681b85e2b0_b.jpg,https://www.flickr.com/photos/22798667@N00/9060375147,telepathicparanoia,cc-by-nd 2.0
not_cilantro/openverse_03601d87-e36a-4cec-b939-9e2e4469db35.jpg,not_cilantro,openverse:flickr,https://live.staticflickr.com/4208/35520981456_e3b6145577_b.jpg,https://www.flickr.com/photos/35754040@N04/35520981456,Stacie Stacie Stacie,cc-by-sa 2.0
not_cilantro/openverse_ab7e74c3-4e72-4e7f-a692-98fed1b3c0c5.jpg,not_cilantro,openverse:flickr,https://live.staticflickr.com/455/18675336852_ba1f83ecfe.jpg,https://www.flickr.com/photos/127294011@N07/18675336852,PersonalCreations.com,cc-by 2.0
not_cilantro/openverse_192290e7-8dce-4e52-91ed-30076447fdb1.jpg,not_cilantro,openverse:flickr,https://live.staticflickr.com/4240/35520980836_c62dcc7fb2_b.jpg,https://www.flickr.com/photos/35754040@N04/35520980836,Stacie Stacie Stacie,cc-by-sa 2.0
not_cilantro/openverse_8b80340d-78e8-4670-8464-b92b0574641f.jpg,not_cilantro,openverse:flickr,https://live.staticflickr.com/4282/35173240800_d7035f6cda_b.jpg,https://www.flickr.com/photos/35754040@N04/35173240800,Stacie Stacie Stacie,cc-by-sa 2.0
not_cilantro/openverse_533b6961-4770-408d-8d31-958e6b58a709.jpg,not_cilantro,openverse:flickr,https://live.staticflickr.com/4259/35559724695_8b32ef6300_b.jpg,https://www.flickr.com/photos/35754040@N04/35559724695,Stacie Stacie Stacie,cc-by-sa 2.0
not_cilantro/openverse_f3d28908-ca44-4cb9-bb77-3004360ca3a8.jpg,not_cilantro,openverse:flickr,https://live.staticflickr.com/7370/9060369093_0d1ff500f7_b.jpg,https://www.flickr.com/photos/22798667@N00/9060369093,telepathicparanoia,cc-by-nd 2.0
not_cilantro/openverse_f373566f-f142-4a95-8a1e-31de63ce7248.jpg,not_cilantro,openverse:flickr,https://live.staticflickr.com/4239/34718763234_df39d20d88_b.jpg,https://www.flickr.com/photos/35754040@N04/34718763234,Stacie Stacie Stacie,cc-by-sa 2.0
not_cilantro/openverse_483a0e42-b784-4948-b9b3-6de67c7d2519.jpg,not_cilantro,openverse:flickr,https://live.staticflickr.com/477/19233263348_56aed64965_b.jpg,https://www.flickr.com/photos/28025847@N05/19233263348,detatchment 2703,cc-by-sa 2.0
not_cilantro/openverse_dd18f7a7-3452-4744-bf37-6c00aebd63ca.jpg,not_cilantro,openverse:flickr,https://live.staticflickr.com/4209/34718763024_f797d13b01_b.jpg,https://www.flickr.com/photos/35754040@N04/34718763024,Stacie Stacie Stacie,cc-by-sa 2.0
not_cilantro/openverse_39068bc9-f45d-49ae-9d14-55a5ec5f2a90.jpg,not_cilantro,openverse:flickr,https://live.staticflickr.com/4207/34750971583_672eb6fcaf_b.jpg,https://www.flickr.com/photos/35754040@N04/34750971583,Stacie Stacie Stacie,cc-by-sa 2.0
not_cilantro/openverse_14292e0a-554b-455d-9409-486b92942b92.jpg,not_cilantro,openverse:flickr,https://live.staticflickr.com/4089/5040799178_bc1c264a92_b.jpg,https://www.flickr.com/photos/72794895@N00/5040799178,zappowbang,cc-by 2.0
not_cilantro/openverse_bbf50f07-fec3-4892-bc73-b0af67bc00a2.jpg,not_cilantro,openverse:flickr,https://live.staticflickr.com/8290/7702179910_bb84aaf392_b.jpg,https://www.flickr.com/photos/60417477@N00/7702179910,whologwhy,cc-by 2.0
not_cilantro/openverse_53696bd4-c884-408f-9a55-cc36a8072f68.jpg,not_cilantro,openverse:flickr,https://live.staticflickr.com/4287/35559724205_15ff64e0db_b.jpg,https://www.flickr.com/photos/35754040@N04/35559724205,Stacie Stacie Stacie,cc-by-sa 2.0
not_cilantro/openverse_688b9b87-da21-43f3-a8ac-037f9400f836.jpg,not_cilantro,openverse:flickr,https://live.staticflickr.com/4263/34750971743_fe7c7542f9_b.jpg,https://www.flickr.com/photos/35754040@N04/34750971743,Stacie Stacie Stacie,cc-by-sa 2.0
not_cilantro/openverse_67067313-2800-4362-a1be-34a67e368c06.jpg,not_cilantro,openverse:flickr,https://live.staticflickr.com/8703/16713898337_d8f1960849_b.jpg,https://www.flickr.com/photos/25977089@N00/16713898337,goblinbox_(queen_of_ad_hoc_bento),cc-by 2.0
not_cilantro/openverse_1f8c608f-fe90-4a3c-a983-1d5802f6351f.jpg,not_cilantro,openverse:flickr,https://live.staticflickr.com/4264/35559724235_f291c9e046_b.jpg,https://www.flickr.com/photos/35754040@N04/35559724235,Stacie Stacie Stacie,cc-by-sa 2.0
not_cilantro/openverse_afa97d23-d17f-41c8-9f4f-77ee5d22097f.jpg,not_cilantro,openverse:flickr,https://live.staticflickr.com/4216/35559724625_8116a23e57_b.jpg,https://www.flickr.com/photos/35754040@N04/35559724625,Stacie Stacie Stacie,cc-by-sa 2.0
not_cilantro/openverse_31591b83-bf2a-4c5d-ab85-80a4c1cf421b.jpg,not_cilantro,openverse:flickr,https://live.staticflickr.com/4280/35429702031_562a17f265_b.jpg,https://www.flickr.com/photos/35754040@N04/35429702031,Stacie Stacie Stacie,cc-by-sa 2.0
not_cilantro/openverse_b31d9d67-1972-4fa3-a11d-3e144e496d93.jpg,not_cilantro,openverse:flickr,https://live.staticflickr.com/4231/35520980896_18e761ee11_b.jpg,https://www.flickr.com/photos/35754040@N04/35520980896,Stacie Stacie Stacie,cc-by-sa 2.0
not_cilantro/openverse_1eb64260-4c62-4b94-b0ce-44f3700177fe.jpg,not_cilantro,openverse:flickr,https://live.staticflickr.com/3875/14252318499_3f61fb7acc_b.jpg,https://www.flickr.com/photos/41454560@N04/14252318499,ilovememphis,cc-by-nd 2.0
not_cilantro/openverse_742cda04-9b68-4856-86b4-a3b82524e2e9.jpg,not_cilantro,openverse:flickr,https://live.staticflickr.com/2904/14437629982_49f32b4d72_b.jpg,https://www.flickr.com/photos/41454560@N04/14437629982,ilovememphis,cc-by-nd 2.0
not_cilantro/openverse_f633a68d-9080-47d3-87f9-c3159cdd0a3c.jpg,not_cilantro,openverse:flickr,https://live.staticflickr.com/2936/14437607492_c91c86cdd8_b.jpg,https://www.flickr.com/photos/41454560@N04/14437607492,ilovememphis,cc-by-nd 2.0
not_cilantro/openverse_3f16618c-265d-4165-b38a-5f67356fe6a3.jpg,not_cilantro,openverse:flickr,https://live.staticflickr.com/3837/14252524297_29ce692ed6_b.jpg,https://www.flickr.com/photos/41454560@N04/14252524297,ilovememphis,cc-by-nd 2.0
not_cilantro/openverse_8814639f-ff6f-418d-b7d4-8814b0da3b9a.jpg,not_cilantro,openverse:flickr,https://live.staticflickr.com/3850/14252332390_7c97eb3f88_b.jpg,https://www.flickr.com/photos/41454560@N04/14252332390,ilovememphis,cc-by-nd 2.0
not_cilantro/openverse_951f05e3-9c7d-4970-94ce-d17121d8dfc0.jpg,not_cilantro,openverse:flickr,https://live.staticflickr.com/5486/14252369169_75c78864e1_b.jpg,https://www.flickr.com/photos/41454560@N04/14252369169,ilovememphis,cc-by-nd 2.0
not_cilantro/openverse_a0061646-9976-4db8-b4a4-637c1aad4194.jpg,not_cilantro,openverse:flickr,https://live.staticflickr.com/2920/14252330559_d8a1b1448e_b.jpg,https://www.flickr.com/photos/41454560@N04/14252330559,ilovememphis,cc-by-nd 2.0
not_cilantro/openverse_154c179d-b768-4593-b42e-41a7d96a3f0b.jpg,not_cilantro,openverse:flickr,https://live.staticflickr.com/3452/3899454163_83fd2a5d24_b.jpg,https://www.flickr.com/photos/28545786@N04/3899454163,strngwrld,cc-by 2.0
not_cilantro/openverse_58d25a69-e7ec-4b2a-af2f-f875ea9d369c.jpg,not_cilantro,openverse:flickr,https://live.staticflickr.com/5471/14252529377_6f33076167_b.jpg,https://www.flickr.com/photos/41454560@N04/14252529377,ilovememphis,cc-by-nd 2.0
not_cilantro/openverse_b5b0ea34-d592-45fd-8606-12d45a674f18.jpg,not_cilantro,openverse:flickr,https://live.staticflickr.com/3888/14252549708_7c2f40edba_b.jpg,https://www.flickr.com/photos/41454560@N04/14252549708,ilovememphis,cc-by-nd 2.0
not_cilantro/openverse_14f9ecda-f481-4c0b-867b-b6166553a5f9.jpg,not_cilantro,openverse:flickr,https://live.staticflickr.com/5/6128438_821fd4b438.jpg,https://www.flickr.com/photos/48889108472@N01/6128438,grantlairdjr,cc-by 2.0
not_cilantro/openverse_2f687d83-e2dc-400d-83d7-79e587a2443d.jpg,not_cilantro,openverse:flickr,https://live.staticflickr.com/3857/14437618042_31c83f32fe_b.jpg,https://www.flickr.com/photos/41454560@N04/14437618042,ilovememphis,cc-by-nd 2.0
not_cilantro/openverse_3ef4498b-f30e-4d7e-83d1-0e30ef2d08b1.jpg,not_cilantro,openverse:flickr,https://live.staticflickr.com/7387/16526765791_62dba862c2_b.jpg,https://www.flickr.com/photos/39160147@N03/16526765791,JeepersMedia,cc-by 2.0
not_cilantro/openverse_6bf51f8c-5d67-44d6-9637-9c330ea89b6d.jpg,not_cilantro,openverse:flickr,https://live.staticflickr.com/4103/4999907445_4777695afd_b.jpg,https://www.flickr.com/photos/92945296@N00/4999907445,Vancouver Bites!,cc-by-sa 2.0
not_cilantro/openverse_58c17e8c-99df-42fa-a7de-106dec2ff14d.jpg,not_cilantro,openverse:flickr,https://live.staticflickr.com/4088/5000510738_5dfc04af21_b.jpg,https://www.flickr.com/photos/92945296@N00/5000510738,Vancouver Bites!,cc-by-sa 2.0
not_cilantro/openverse_f4021836-c47a-4e77-b18e-2d5118ad8dcd.jpg,not_cilantro,openverse:flickr,https://live.staticflickr.com/7191/6936596590_dcf7d0941f_b.jpg,https://www.flickr.com/photos/83346641@N00/6936596590,JD Hancock,cc-by 2.0
not_cilantro/openverse_3efb8ed6-9501-4fd0-989a-dceaa9a3f0d9.jpg,not_cilantro,openverse:flickr,https://live.staticflickr.com/3639/3431227193_a469d3fb1f_b.jpg,https://www.flickr.com/photos/78011127@N00/3431227193,ginnerobot,cc-by-sa 2.0
not_cilantro/openverse_9e304a6f-a5e7-4a89-8f74-fe7167ce21ce.jpg,not_cilantro,openverse:flickr,https://live.staticflickr.com/6239/6306095903_78a665890e_b.jpg,https://www.flickr.com/photos/7927684@N03/6306095903,jeffreyw,cc-by 2.0
not_cilantro/openverse_5420b5c2-3185-4fa0-8491-e60e6aef2503.jpg,not_cilantro,openverse:flickr,https://live.staticflickr.com/1067/1039405141_41327cd6aa.jpg,https://www.flickr.com/photos/58067336@N00/1039405141,marthax,cc-by-sa 2.0
not_cilantro/openverse_6cb8559d-eb5c-4436-8056-4d51e5484a62.jpg,not_cilantro,openverse:flickr,https://live.staticflickr.com/3858/14437862184_76d1ba4632_b.jpg,https://www.flickr.com/photos/41454560@N04/14437862184,ilovememphis,cc-by-nd 2.0
not_cilantro/openverse_c64a09ea-8e9a-4570-a616-f520a1072fe4.jpg,not_cilantro,openverse:flickr,https://live.staticflickr.com/4072/4701336131_bb55b53aea_b.jpg,https://www.flickr.com/photos/47429460@N00/4701336131,ted_major,cc-by-sa 2.0
not_cilantro/openverse_a0b6cc24-11b9-485a-a273-931a6c2ca84b.jpg,not_cilantro,openverse:flickr,https://live.staticflickr.com/4028/4612369484_fd9036d6db_b.jpg,https://www.flickr.com/photos/48819629@N02/4612369484,Stiefen Schlingen,cc-by 2.0
not_cilantro/openverse_717f279e-de7f-436d-9516-7671c9609831.jpg,not_cilantro,openverse:flickr,https://live.staticflickr.com/3904/14252361060_4d14364d56_b.jpg,https://www.flickr.com/photos/41454560@N04/14252361060,ilovememphis,cc-by-nd 2.0
not_cilantro/openverse_6df18727-3273-44ee-a9f3-f958bbb5a778.jpg,not_cilantro,openverse:flickr,https://live.staticflickr.com/2897/14459156183_6c738944fd_b.jpg,https://www.flickr.com/photos/41454560@N04/14459156183,ilovememphis,cc-by-nd 2.0
not_cilantro/openverse_3011dd1d-f5f8-458b-b18c-b5505fa7d915.jpg,not_cilantro,openverse:flickr,https://live.staticflickr.com/3145/2538197866_4383666514_b.jpg,https://www.flickr.com/photos/53326337@N00/2538197866,quinn.anya,cc-by-sa 2.0
not_cilantro/openverse_cb07a010-ded0-4da9-82be-61efccebecc9.jpg,not_cilantro,openverse:flickr,https://live.staticflickr.com/7432/9641664708_9ee3c3233d_b.jpg,https://www.flickr.com/photos/7927684@N03/9641664708,jeffreyw,cc-by 2.0
not_cilantro/openverse_43a4e066-d842-44c9-93d3-b3c9752dac81.jpg,not_cilantro,openverse:flickr,https://live.staticflickr.com/2690/4518457995_c1cf8140f2_b.jpg,https://www.flickr.com/photos/21905741@N06/4518457995,Karl-Martin Skontorp,cc-by 2.0
not_cilantro/openverse_7d361789-c48b-4d1c-9258-ec7d7688200f.jpg,not_cilantro,openverse:flickr,https://live.staticflickr.com/2937/14438939925_ce5a8b7c7e_b.jpg,https://www.flickr.com/photos/41454560@N04/14438939925,ilovememphis,cc-by-nd 2.0
not_cilantro/openverse_d55ada99-a825-4a6d-b3bd-b4ba7923860a.jpg,not_cilantro,openverse:flickr,https://live.staticflickr.com/3857/14252535147_860e14eedd_b.jpg,https://www.flickr.com/photos/41454560@N04/14252535147,ilovememphis,cc-by-nd 2.0
not_cilantro/openverse_691fc6de-37ba-4dd9-8fee-e3318b7da01a.jpg,not_cilantro,openverse:flickr,https://live.staticflickr.com/38/85160162_011abfc7e3_b.jpg,https://www.flickr.com/photos/51035644690@N01/85160162,pheezy,cc-by 2.0
not_cilantro/openverse_8b26d888-65c1-439a-8435-5cfe215ea1b8.jpg,not_cilantro,openverse:flickr,https://live.staticflickr.com/3549/3432053232_4d1898b2d4_b.jpg,https://www.flickr.com/photos/78011127@N00/3432053232,ginnerobot,cc-by-sa 2.0
not_cilantro/openverse_a009870d-8992-4dd9-b046-c0e17459202d.jpg,not_cilantro,openverse:flickr,https://live.staticflickr.com/6206/6125172298_1edc01b404_b.jpg,https://www.flickr.com/photos/83528664@N00/6125172298,tengrrl,cc-by-sa 2.0
not_cilantro/openverse_ffd417d4-0025-4c1d-8b15-31d48cda4712.jpg,not_cilantro,openverse:flickr,https://live.staticflickr.com/3830/13679513913_dea2552515_b.jpg,https://www.flickr.com/photos/27874898@N00/13679513913,MattCC716,cc-by-sa 2.0
not_cilantro/openverse_6171553f-93a9-426b-b4a2-25ca5f6a0d33.jpg,not_cilantro,openverse:flickr,https://live.staticflickr.com/3808/13474670924_196eeea318_b.jpg,https://www.flickr.com/photos/39160147@N03/13474670924,JeepersMedia,cc-by 2.0
not_cilantro/openverse_b4b8af89-69c2-4f23-9607-54c530217723.jpg,not_cilantro,openverse:flickr,https://live.staticflickr.com/8484/8217369925_114f7f5218_b.jpg,https://www.flickr.com/photos/7927684@N03/8217369925,jeffreyw,cc-by 2.0
not_cilantro/openverse_24d85397-3196-4b18-93f8-d0c1eb3bee41.jpg,not_cilantro,openverse:flickr,https://live.staticflickr.com/2526/4133733142_ba79c039bd_b.jpg,https://www.flickr.com/photos/60109376@N00/4133733142,rikkis_refuge,cc-by 2.0
not_cilantro/openverse_0ec66426-8a9a-42d1-926f-0298cf7b575e.jpg,not_cilantro,openverse:flickr,https://live.staticflickr.com/5110/5830855385_50bae2c01e_b.jpg,https://www.flickr.com/photos/46096359@N00/5830855385,gabofr,cc-by 2.0
not_cilantro/openverse_d6bae454-d251-4339-a5de-15639de3bec0.jpg,not_cilantro,openverse:flickr,https://live.staticflickr.com/8220/8288257031_edce5f4418_b.jpg,https://www.flickr.com/photos/7927684@N03/8288257031,jeffreyw,cc-by 2.0
not_cilantro/openverse_fec2e553-a116-45da-8ee4-42ac1a24f2ff.jpg,not_cilantro,openverse:flickr,https://live.staticflickr.com/6212/6332996010_0b0d40bf09_b.jpg,https://www.flickr.com/photos/7927684@N03/6332996010,jeffreyw,cc-by 2.0
not_cilantro/openverse_a0aa465b-c34f-4027-b9f7-dd5db5cf9ab4.jpg,not_cilantro,openverse:flickr,https://live.staticflickr.com/3744/13474227245_8a79b32bd6_b.jpg,https://www.flickr.com/photos/39160147@N03/13474227245,JeepersMedia,cc-by 2.0
not_cilantro/openverse_ef71eb2b-9151-47ac-8b87-11121a538e66.jpg,not_cilantro,openverse:flickr,https://live.staticflickr.com/53/150185525_87aa0ee6da_b.jpg,https://www.flickr.com/photos/79874304@N00/150185525,Sister72,cc-by 2.0
not_cilantro/openverse_08cabab1-96d7-415d-861e-018a09b33003.jpg,not_cilantro,openverse:flickr,https://live.staticflickr.com/4010/4536458335_7a3bdc47ab.jpg,https://www.flickr.com/photos/9148720@N05/4536458335,wachovia_138,cc-by 2.0
not_cilantro/openverse_c6d98e4e-a97d-4916-8de6-053e22f38e30.jpg,not_cilantro,openverse:flickr,https://live.staticflickr.com/3627/3462049236_f566951164_b.jpg,https://www.flickr.com/photos/54359128@N00/3462049236,Geoff Peters 604,cc-by 2.0
not_cilantro/openverse_1c1c00c0-ef75-4e7d-b9aa-c7d6452c93ea.jpg,not_cilantro,openverse:flickr,https://live.staticflickr.com/3124/2801381202_44dc0c1c27_b.jpg,https://www.flickr.com/photos/70285332@N00/2801381202,▓▒░ TORLEY ░▒▓,cc-by-sa 2.0
not_cilantro/openverse_63faa798-8d50-42d7-ac9a-68bc3c70570d.jpg,not_cilantro,openverse:flickr,https://live.staticflickr.com/64/189389737_8f1e2095fb_m.jpg,https://www.flickr.com/photos/23126594@N00/189389737,jspatchwork,cc-by 2.0
not_cilantro/openverse_46934055-427d-4c01-a278-98d1cb440019.jpg,not_cilantro,openverse:flickr,https://live.staticflickr.com/5474/14092269514_9acb7d9746_b.jpg,https://www.flickr.com/photos/39160147@N03/14092269514,JeepersMedia,cc-by 2.0
not_cilantro/openverse_0c29773e-a877-4299-b3e1-45274344ab22.jpg,not_cilantro,openverse:flickr,https://live.staticflickr.com/3083/2377985823_c5950b0d8d_b.jpg,https://www.flickr.com/photos/90046593@N00/2377985823,Karen Gadbois,cc-by-sa 2.0
not_cilantro/openverse_dda7f77c-f48c-4365-84e0-ed9ce5542a8a.jpg,not_cilantro,openverse:flickr,https://live.staticflickr.com/3902/14252349648_e314088ccd_b.jpg,https://www.flickr.com/photos/41454560@N04/14252349648,ilovememphis,cc-by-nd 2.0
not_cilantro/openverse_7debd0ad-a5ec-40f4-a66e-bc35bf00b579.jpg,not_cilantro,openverse:flickr,https://live.staticflickr.com/3079/2598516392_820dcaea46_b.jpg,https://www.flickr.com/photos/22939124@N08/2598516392,D.C.Atty,cc-by 2.0
not_cilantro/openverse_9f561c5f-7b7b-45a1-aa01-4699fa3eb1ad.jpg,not_cilantro,openverse:flickr,https://live.staticflickr.com/2632/3925879751_29b247ed30_b.jpg,https://www.flickr.com/photos/30346812@N07/3925879751,Orange County Archives,cc-by 2.0
not_cilantro/openverse_61948cb0-f1b3-4d8c-979b-e6c8e289cb67.jpg,not_cilantro,openverse:flickr,https://live.staticflickr.com/3180/2597691945_417070597f_b.jpg,https://www.flickr.com/photos/22939124@N08/2597691945,D.C.Atty,cc-by 2.0
not_cilantro/openverse_c0d492e9-2fe5-457b-8073-9fc78b5d2598.jpg,not_cilantro,openverse:flickr,https://live.staticflickr.com/3405/3447668783_4f79890cc6_b.jpg,https://www.flickr.com/photos/33570888@N03/3447668783,CustomUSB.com,cc-by 2.0
not_cilantro/openverse_feaed31f-2f53-4e86-a304-149544994dfd.jpg,not_cilantro,openverse:flickr,https://live.staticflickr.com/5196/14435597501_d8189cb102_b.jpg,https://www.flickr.com/photos/41454560@N04/14435597501,ilovememphis,cc-by-nd 2.0
not_cilantro/openverse_f96d2565-4d7c-4d6e-91c1-cd8fb5f3558b.jpg,not_cilantro,openverse:flickr,https://live.staticflickr.com/4118/4926845537_f44814f1fa_b.jpg,https://www.flickr.com/photos/36813683@N03/4926845537,Todd Dwyer,cc-by-sa 2.0
not_cilantro/openverse_b9bcde26-48fc-4e1e-9c2a-93234919821c.jpg,not_cilantro,openverse:flickr,https://live.staticflickr.com/7443/13754717963_6d6d994032_b.jpg,https://www.flickr.com/photos/39160147@N03/13754717963,JeepersMedia,cc-by 2.0
not_cilantro/openverse_c65d02db-1ba4-4712-a7b7-f3b11c9125de.jpg,not_cilantro,openverse:flickr,https://live.staticflickr.com/6087/6071294769_0b8d1ab143_b.jpg,https://www.flickr.com/photos/53611785@N03/6071294769,Mike Tex,cc-by-nd 2.0
not_cilantro/openverse_764b1e04-07fd-451f-92b9-4ca83e538d85.jpg,not_cilantro,openverse:flickr,https://live.staticflickr.com/48/166278130_1028ad5aff_b.jpg,https://www.flickr.com/photos/50514859@N00/166278130,sanbeiji,cc-by-sa 2.0
not_cilantro/openverse_579b99ae-2fa2-488a-a418-e449b8b5b447.jpg,not_cilantro,openverse:flickr,https://live.staticflickr.com/7170/6849363969_4a9caf94f8_b.jpg,https://www.flickr.com/photos/35034346243@N01/6849363969,stu_spivack,cc-by-sa 2.0
not_cilantro/openverse_0629b336-cfaa-4bc2-b62e-c1474fb724ed.jpg,not_cilantro,openverse:flickr,https://live.staticflickr.com/6159/6269304452_4737cea779_b.jpg,https://www.flickr.com/photos/7927684@N03/6269304452,jeffreyw,cc-by 2.0
not_cilantro/openverse_6fcbeba1-3792-455f-bf71-72cb76023619.jpg,not_cilantro,openverse:flickr,https://live.staticflickr.com/692/32472077263_b4bfffb723_b.jpg,https://www.flickr.com/photos/12836528@N00/32472077263,kevin dooley,cc-by 2.0
not_cilantro/openverse_e1b4e102-0c61-4d43-9490-a1006ebe7465.jpg,not_cilantro,openverse:flickr,https://live.staticflickr.com/8608/15973556882_dec52dac65_b.jpg,https://www.flickr.com/photos/37996580417@N01/15973556882,gruntzooki,cc-by-sa 2.0
not_cilantro/openverse_b01f631a-19ec-4a8c-a206-179c7b13e33e.jpg,not_cilantro,openverse:flickr,https://live.staticflickr.com/11/15863288_e6485cd45c_b.jpg,https://www.flickr.com/photos/15803915@N00/15863288,ljv,cc-by-nd 2.0
not_cilantro/openverse_18c6892c-4b5a-410e-98b5-d0d49affd2f4.jpg,not_cilantro,openverse:flickr,https://live.staticflickr.com/1120/5138708278_69fcf5becb_b.jpg,https://www.flickr.com/photos/75473168@N00/5138708278,MrLunch,cc-by-sa 2.0
not_cilantro/openverse_24cd28d5-febd-4801-a103-0f07c968ec95.jpg,not_cilantro,openverse:flickr,https://live.staticflickr.com/3818/13372109703_e98cd48441_b.jpg,https://www.flickr.com/photos/95869159@N02/13372109703,@rsseattle,cc-by-sa 2.0
not_cilantro/openverse_66726384-50e9-4aac-8609-05f58f6950f5.jpg,not_cilantro,openverse:flickr,https://live.staticflickr.com/2599/4196625876_ebf406038c_b.jpg,https://www.flickr.com/photos/18234851@N00/4196625876,paranoidnotandroid,cc-by 2.0
not_cilantro/openverse_fea8accb-fff5-42f2-800b-2ecf44d3315a.jpg,not_cilantro,openverse:flickr,https://live.staticflickr.com/5204/5270607642_036fd23855_b.jpg,https://www.flickr.com/photos/12052457@N06/5270607642,E Vön Zita,cc-by 2.0
not_cilantro/openverse_211e6e4a-c382-46c5-b07d-47c797e3e537.jpg,not_cilantro,openverse:flickr,https://live.staticflickr.com/3366/4637538714_deab694808_b.jpg,https://www.flickr.com/photos/9228119@N03/4637538714,Make Lemons,cc-by-sa 2.0
not_cilantro/openverse_16b39f70-00dc-4326-83bd-d8e4d8380c22.jpg,not_cilantro,openverse:flickr,https://live.staticflickr.com/5010/5341358074_e00d34c156_b.jpg,https://www.flickr.com/photos/94661162@N00/5341358074,joannapoe,cc-by-sa 2.0
not_cilantro/openverse_42a47436-f3e7-4bf9-afbb-77e6abb1c780.jpg,not_cilantro,openverse:flickr,https://live.staticflickr.com/11/15863290_f4fa655c6f_b.jpg,https://www.flickr.com/photos/15803915@N00/15863290,ljv,cc-by-nd 2.0
not_cilantro/openverse_8e6630a7-632d-4c9b-80d7-dc566f32e235.jpg,not_cilantro,openverse:flickr,https://live.staticflickr.com/8635/15997171144_bac0c44fb8_b.jpg,https://www.flickr.com/photos/31246066@N04/15997171144,Ian Sane,cc-by 2.0
not_cilantro/openverse_4d07c848-96ba-4b75-89f7-f1e751d40a56.jpg,not_cilantro,openverse:flickr,https://live.staticflickr.com/1306/726927729_c5bf8b689d_b.jpg,https://www.flickr.com/photos/46635911@N00/726927729,jonolist,cc-by-sa 2.0
not_cilantro/openverse_7cdd782e-c8eb-4734-99a1-987a1edbde76.jpg,not_cilantro,openverse:flickr,https://live.staticflickr.com/5046/5270605054_88696d6222_b.jpg,https://www.flickr.com/photos/12052457@N06/5270605054,E Vön Zita,cc-by 2.0
not_cilantro/openverse_b506dc4f-6c23-44b2-926c-7dc472306c1e.jpg,not_cilantro,openverse:flickr,https://live.staticflickr.com/8646/16262658385_c71243349d_b.jpg,https://www.flickr.com/photos/37996580417@N01/16262658385,gruntzooki,cc-by-sa 2.0
not_cilantro/openverse_e3979c4a-da9a-456d-8e78-689f4025a549.jpg,not_cilantro,openverse:flickr,https://live.staticflickr.com/4113/5611724473_239c10e6a0_b.jpg,https://www.flickr.com/photos/22292214@N00/5611724473,andrewarchy,cc-by 2.0
not_cilantro/openverse_3fb6bdac-0bcd-4eb0-9517-2e3b16ca3ac7.jpg,not_cilantro,openverse:flickr,https://live.staticflickr.com/64/216296842_ebc233c125.jpg,https://www.flickr.com/photos/88376871@N00/216296842,alvazer,cc-by 2.0
not_cilantro/openverse_2c4dfba5-0b99-455d-a646-0655f59c40c2.jpg,not_cilantro,openverse:flickr,https://live.staticflickr.com/1029/725855429_1737993503_b.jpg,https://www.flickr.com/photos/46635911@N00/725855429,jonolist,cc-by-sa 2.0
not_cilantro/openverse_1e96d574-3399-4c6d-8ba1-41ba8650ce6a.jpg,not_cilantro,openverse:flickr,https://live.staticflickr.com/2865/10831928596_4c4a2b3923.jpg,https://www.flickr.com/photos/79781814@N00/10831928596,davitydave,cc-by 2.0
not_cilantro/openverse_230908b7-a67b-40f2-ac9e-ca0c2fc74411.jpg,not_cilantro,openverse:flickr,https://live.staticflickr.com/2300/2210616321_e78f974fec_b.jpg,https://www.flickr.com/photos/55048848@N00/2210616321,Andrew 鐘,cc-by 2.0
not_cilantro/openverse_8f74ee7d-ad28-4324-a9f5-85e547fc2a6c.jpg,not_cilantro,openverse:flickr,https://live.staticflickr.com/65535/51912927966_4ccedab584_b.jpg,https://www.flickr.com/photos/193353181@N06/51912927966,midnightbreakfastcafe,cc-by 2.0
not_cilantro/openverse_103d543e-cf43-4c4f-bf21-835d349ac0a7.jpg,not_cilantro,openverse:flickr,https://live.staticflickr.com/12/15863289_0c56ae3c2b_b.jpg,https://www.flickr.com/photos/15803915@N00/15863289,ljv,cc-by-nd 2.0
not_cilantro/openverse_9d670327-2b18-4cf7-82e1-b2b5a75937bc.jpg,not_cilantro,openverse:flickr,https://live.staticflickr.com/7065/6945821707_959cfe4a01_b.jpg,https://www.flickr.com/photos/94735786@N00/6945821707,David McKelvey,cc-by 2.0
not_cilantro/openverse_9e656d64-eee9-4ef8-a4cb-be518d7a4eed.jpg,not_cilantro,openverse:flickr,https://live.staticflickr.com/6178/6172948816_b3a4082260_b.jpg,https://www.flickr.com/photos/67769030@N07/6172948816,Arian Zwegers,cc-by 2.0
not_cilantro/openverse_459bf6e5-f0ce-42a6-867b-1aa67cbefc8e.jpg,not_cilantro,openverse:flickr,https://live.staticflickr.com/85/208367277_a91528bb83_b.jpg,https://www.flickr.com/photos/53643381@N00/208367277,driph,cc-by-sa 2.0
not_cilantro/openverse_a5f71add-5561-4db0-a130-1d4dfef3aced.jpg,not_cilantro,openverse:flickr,https://live.staticflickr.com/3136/3009643411_e32bd6e0d8_b.jpg,https://www.flickr.com/photos/10559879@N00/3009643411,avlxyz,cc-by-sa 2.0
not_cilantro/openverse_4fed1c77-322e-4042-b3be-cba359d983b6.jpg,not_cilantro,openverse:flickr,https://live.staticflickr.com/4131/4971781342_b2269f7a25_b.jpg,https://www.flickr.com/photos/94661162@N00/4971781342,joannapoe,cc-by-sa 2.0
not_cilantro/openverse_92a68bd2-b55f-4387-89e1-b5571622d0da.jpg,not_cilantro,openverse:flickr,https://live.staticflickr.com/10/13543842_ddd7d42d65_b.jpg,https://www.flickr.com/photos/56541240@N00/13543842,crschmidt,cc-by 2.0
not_cilantro/openverse_bab39aa8-fcec-405c-8a90-8df0840c6124.jpg,not_cilantro,openverse:flickr,https://live.staticflickr.com/5281/5269993351_ec82fbbd1c_b.jpg,https://www.flickr.com/photos/12052457@N06/5269993351,E Vön Zita,cc-by 2.0
not_cilantro/openverse_7bc8edf3-5ce4-4ecc-9c25-fd82b77639a6.jpg,not_cilantro,openverse:flickr,https://live.staticflickr.com/8100/8569688407_9e21b10da6_b.jpg,https://www.flickr.com/photos/59254771@N07/8569688407,DeaShoot,cc-by-nd 2.0
not_cilantro/openverse_1accb3c6-dad7-43ad-a594-36efcf95a84e.jpg,not_cilantro,openverse:flickr,https://live.staticflickr.com/4065/4253820866_fc41773774.jpg,https://www.flickr.com/photos/87232391@N00/4253820866,Charles Haynes,cc-by-sa 2.0
not_cilantro/openverse_65fbb50e-3564-4ee9-b7ed-46bb52b1002e.jpg,not_cilantro,openverse:flickr,https://live.staticflickr.com/1/914083_431c82c65e.jpg,https://www.flickr.com/photos/51035566865@N01/914083,preetamrai,cc-by 2.0
not_cilantro/openverse_0ce94f6b-c9e3-442b-90d5-f656d35539f5.jpg,not_cilantro,openverse:flickr,https://live.staticflickr.com/65535/7455212780_5bbf034be6_b.jpg,https://www.flickr.com/photos/80854685@N08/7455212780,Mark Fischer,cc-by-sa 2.0
not_cilantro/openverse_18b324e3-385d-4dfa-974a-031609fb79d8.jpg,not_cilantro,openverse:flickr,https://live.staticflickr.com/3768/8980375874_114a7433a0_b.jpg,https://www.flickr.com/photos/16179216@N07/8980375874,Sir Hectimere,cc-by 2.0
not_cilantro/openverse_b8d85c20-d6d2-4133-ab75-b441b5f304fd.jpg,not_cilantro,openverse:flickr,https://live.staticflickr.com/4042/4470648008_ff3c1de7dc_b.jpg,https://www.flickr.com/photos/28996811@N00/4470648008,"Earth-Bound Misfit, I",cc-by 2.0
not_cilantro/openverse_8f8afffc-56d2-4a0a-965c-90821efa7cdf.jpg,not_cilantro,openverse:flickr,https://live.staticflickr.com/4032/4688202242_d00c8f7bd7_b.jpg,https://www.flickr.com/photos/10559879@N00/4688202242,avlxyz,cc-by-sa 2.0
not_cilantro/openverse_fe7ed7d8-ad23-4201-861c-f233e3b1f704.jpg,not_cilantro,openverse:flickr,https://live.staticflickr.com/8612/15910776149_875d5b7b9c_b.jpg,https://www.flickr.com/photos/27572989@N02/15910776149,THE Holy Hand Grenade!,cc-by-nd 2.0
not_cilantro/openverse_5dacafd2-7e4a-4eef-959f-9e91e4c3294b.jpg,not_cilantro,openverse:flickr,https://live.staticflickr.com/3676/9872127636_c941525f74_b.jpg,https://www.flickr.com/photos/68881523@N07/9872127636,www.davidbaxendale.com,cc-by-nd 2.0
not_cilantro/openverse_c6b60467-e307-4580-88a4-fe1c9ce45c5c.jpg,not_cilantro,openverse:flickr,https://live.staticflickr.com/23/182812343_d1f751c081_b.jpg,https://www.flickr.com/photos/33753516@N00/182812343,Antoine Hubert,cc-by-nd 2.0
not_cilantro/openverse_5134039a-bec9-4614-9be4-7ef767009d6b.jpg,not_cilantro,openverse:flickr,https://live.staticflickr.com/6177/6194227954_9e72770643_b.jpg,https://www.flickr.com/photos/68016485@N08/6194227954,GrumpyPie,cc-by 2.0
not_cilantro/openverse_134d9db6-d121-4aa7-a812-2148eacd7986.jpg,not_cilantro,openverse:flickr,https://live.staticflickr.com/4069/4253821034_0e49c82162.jpg,https://www.flickr.com/photos/87232391@N00/4253821034,Charles Haynes,cc-by-sa 2.0
not_cilantro/openverse_9d26b1f3-414d-4ab6-860b-c8e7e2502d22.jpg,not_cilantro,openverse:flickr,https://live.staticflickr.com/4002/4253052757_2797af57d9.jpg,https://www.flickr.com/photos/87232391@N00/4253052757,Charles Haynes,cc-by-sa 2.0
not_cilantro/openverse_f11dc66e-c18c-44c2-9889-a4947d453e97.jpg,not_cilantro,openverse:flickr,https://live.staticflickr.com/2735/4290542086_585649bdf7_b.jpg,https://www.flickr.com/photos/10559879@N00/4290542086,avlxyz,cc-by-sa 2.0
not_cilantro/openverse_2521ebf9-97cc-4c18-a3c3-5570bf613a99.jpg,not_cilantro,openverse:flickr,https://live.staticflickr.com/4009/4485598690_7cf7e710b5_b.jpg,https://www.flickr.com/photos/7617731@N02/4485598690,TMAB2003,cc-by-nd 2.0
not_cilantro/openverse_c2e5d618-75cb-4fa2-9bf1-ec31e122f741.jpg,not_cilantro,openverse:flickr,https://live.staticflickr.com/5260/5492515631_48aed3850e_b.jpg,https://www.flickr.com/photos/94661162@N00/5492515631,joannapoe,cc-by-sa 2.0
not_cilantro/openverse_27e0ba62-1760-4f5e-8671-132358fe9fd5.jpg,not_cilantro,openverse:flickr,https://live.staticflickr.com/1003/725838623_d2151214e9_b.jpg,https://www.flickr.com/photos/46635911@N00/725838623,jonolist,cc-by-sa 2.0
not_cilantro/openverse_816be654-9e23-42be-b6bf-2d3cbc826132.jpg,not_cilantro,openverse:flickr,https://live.staticflickr.com/3237/2910355164_5e534a7280_b.jpg,https://www.flickr.com/photos/25834786@N03/2910355164,secretlondon123,cc-by-sa 2.0
not_cilantro/openverse_28ebf84e-0db3-495a-b833-f70d060942f7.jpg,not_cilantro,openverse:flickr,https://live.staticflickr.com/8428/7601535008_7baee9878e_b.jpg,https://www.flickr.com/photos/82962172@N07/7601535008,thatwelike,cc-by 2.0
not_cilantro/openverse_ceb1eedd-dfb8-4a90-be56-43a71c20ed9f.jpg,not_cilantro,openverse:flickr,https://live.staticflickr.com/3492/3916242313_836ab14644_b.jpg,https://www.flickr.com/photos/28577026@N02/3916242313,Allie_Caulfield,cc-by 2.0
not_cilantro/openverse_918a6874-8ff6-4a95-8de4-6bd34c6a403b.jpg,not_cilantro,openverse:flickr,https://live.staticflickr.com/3551/3412704041_9610dd9e4b_b.jpg,https://www.flickr.com/photos/7471115@N08/3412704041,Mr.TinDC,cc-by-nd 2.0
not_cilantro/openverse_ad9d3ab1-0812-4aec-8276-71dacbfbb9b0.jpg,not_cilantro,openverse:flickr,https://live.staticflickr.com/63/164578907_6e9fa5a95b_b.jpg,https://www.flickr.com/photos/11121785@N00/164578907,Tracy Hunter,cc-by 2.0
not_cilantro/openverse_71fa57a6-bb04-4def-918e-79ef16120ea1.jpg,not_cilantro,openverse:flickr,https://live.staticflickr.com/8151/7678969788_babfe147c8_b.jpg,https://www.flickr.com/photos/38775064@N05/7678969788,mac.rj,cc-by 2.0
not_cilantro/openverse_48f85455-b6e6-4741-a8e1-7424038f9d6e.jpg,not_cilantro,openverse:flickr,https://live.staticflickr.com/59/224073547_6de6bd906f.jpg,https://www.flickr.com/photos/49215102@N00/224073547,goodiesfirst,cc-by 2.0
not_cilantro/openverse_1bf2b97a-8b09-4639-a0a5-b26769333a44.jpg,not_cilantro,openverse:flickr,https://live.staticflickr.com/27/45208730_5c882b93e4_b.jpg,https://www.flickr.com/photos/49136729@N00/45208730,lexly87 aka Duc N. Ly,cc-by-sa 2.0
not_cilantro/openverse_645ce633-9a4d-4e79-8dd9-2c831a7ede03.jpg,not_cilantro,openverse:flickr,https://live.staticflickr.com/4020/4687567325_cdb1e90308_b.jpg,https://www.flickr.com/photos/10559879@N00/4687567325,avlxyz,cc-by-sa 2.0
not_cilantro/openverse_2bf34bb8-3603-4ef9-9544-8c2a5040cfc1.jpg,not_cilantro,openverse:flickr,https://live.staticflickr.com/4028/4689425857_300d21497c_b.jpg,https://www.flickr.com/photos/51017890@N07/4689425857,Jacksoncam,cc-by 2.0
not_cilantro/openverse_6bd8fe2a-20bf-466f-b041-c505f472423e.jpg,not_cilantro,openverse:flickr,https://live.staticflickr.com/232/494622457_3ec3eede43_b.jpg,https://www.flickr.com/photos/97681386@N00/494622457,edwin.11,cc-by 2.0
not_cilantro/openverse_5a0fe612-6b3f-4eb8-801f-33fe8974b6f2.jpg,not_cilantro,openverse:flickr,https://live.staticflickr.com/4059/4687566807_2000794719_b.jpg,https://www.flickr.com/photos/10559879@N00/4687566807,avlxyz,cc-by-sa 2.0
not_cilantro/openverse_693fb390-bcb0-406f-8b9f-345fd3b04668.jpg,not_cilantro,openverse:flickr,https://live.staticflickr.com/8144/7447402408_7644a9ae9b_b.jpg,https://www.flickr.com/photos/80854685@N08/7447402408,Mark Fischer,cc-by-sa 2.0
not_cilantro/openverse_c8e1e8fa-9fd0-4b7f-8142-b4b844634422.jpg,not_cilantro,openverse:flickr,https://live.staticflickr.com/65535/7455219664_aaf7aef01e_b.jpg,https://www.flickr.com/photos/80854685@N08/7455219664,Mark Fischer,cc-by-sa 2.0
not_cilantro/openverse_9cd01538-2a8b-4b68-b583-05097f07b3c4.jpg,not_cilantro,openverse:flickr,https://live.staticflickr.com/4012/4687570161_db86b0a2f9_b.jpg,https://www.flickr.com/photos/10559879@N00/4687570161,avlxyz,cc-by-sa 2.0
not_cilantro/openverse_25276896-93db-423e-af9d-52835c420993.jpg,not_cilantro,openverse:flickr,https://live.staticflickr.com/4057/4635537496_512269a05f_b.jpg,https://www.flickr.com/photos/10559879@N00/4635537496,avlxyz,cc-by-sa 2.0
not_cilantro/openverse_06401729-17f0-4542-9c05-d5c20e7ba321.jpg,not_cilantro,openverse:flickr,https://live.staticflickr.com/6168/6182975764_464630d336_b.jpg,https://www.flickr.com/photos/9482888@N06/6182975764,Time.Captured.,cc-by-sa 2.0
not_cilantro/openverse_03615a55-28c8-49e3-a779-8985805175f2.jpg,not_cilantro,openverse:flickr,https://live.staticflickr.com/3250/2786164923_fdabe30a28_b.jpg,https://www.flickr.com/photos/10559879@N00/2786164923,avlxyz,cc-by-sa 2.0
not_cilantro/openverse_93fb41cf-db27-43fe-8373-349f9680b280.jpg,not_cilantro,openverse:flickr,https://live.staticflickr.com/3148/2426703227_382444081b_b.jpg,https://www.flickr.com/photos/10559879@N00/2426703227,avlxyz,cc-by-sa 2.0
not_cilantro/openverse_94281f6e-a318-4b23-8dce-0d74835769cc.jpg,not_cilantro,openverse:flickr,https://live.staticflickr.com/188/401966637_214f682126_b.jpg,https://www.flickr.com/photos/70522326@N00/401966637,rovingI,cc-by 2.0
not_cilantro/openverse_62445b70-faca-4b4f-bb90-180917956ef0.jpg,not_cilantro,openverse:flickr,https://live.staticflickr.com/65535/51979505512_fddb0e1ee8_b.jpg,https://www.flickr.com/photos/82134796@N03/51979505512,denisbin,cc-by-nd 2.0
not_cilantro/openverse_5c54a322-a13b-44f1-8b9a-c0a34b8b4138.jpg,not_cilantro,openverse:flickr,https://live.staticflickr.com/104/301319642_4b50852a88_b.jpg,https://www.flickr.com/photos/70522326@N00/301319642,rovingI,cc-by 2.0
not_cilantro/openverse_d6ccd2ea-4684-4d9f-ad10-a631f11cef35.jpg,not_cilantro,openverse:flickr,https://live.staticflickr.com/218/490198749_37470ad022_b.jpg,https://www.flickr.com/photos/70522326@N00/490198749,rovingI,cc-by 2.0
not_cilantro/openverse_79306349-3894-4f99-8dd5-e54b2007645c.jpg,not_cilantro,openverse:flickr,https://live.staticflickr.com/196/506336160_120031383b_b.jpg,https://www.flickr.com/photos/70522326@N00/506336160,rovingI,cc-by 2.0
not_cilantro/openverse_c44e8f48-7f3b-4e62-b97a-54d24fa066cd.jpg,not_cilantro,openverse:flickr,https://live.staticflickr.com/2135/2203956526_96f9c5079b_b.jpg,https://www.flickr.com/photos/70522326@N00/2203956526,rovingI,cc-by 2.0
not_cilantro/openverse_8ca6b356-8359-4441-bce7-8dd09a049d52.jpg,not_cilantro,openverse:flickr,https://live.staticflickr.com/2088/2062513870_93ab5d69bc_b.jpg,https://www.flickr.com/photos/85936780@N00/2062513870,pelican,cc-by-sa 2.0
not_cilantro/openverse_90557e5b-8ebe-43e5-a1d9-7097ab4d9a86.jpg,not_cilantro,openverse:flickr,https://live.staticflickr.com/3581/3347492272_760951690f_b.jpg,https://www.flickr.com/photos/36121865@N03/3347492272,HPUPhotogStudent,cc-by 2.0
not_cilantro/openverse_eacc2c12-8fce-492e-a22d-5a2f6890abb3.jpg,not_cilantro,openverse:flickr,https://live.staticflickr.com/3248/2310077830_a93102a8c9_b.jpg,https://www.flickr.com/photos/10559879@N00/2310077830,avlxyz,cc-by-sa 2.0
not_cilantro/openverse_0097b930-119c-4963-b668-2b1c9004487b.jpg,not_cilantro,openverse:flickr,https://live.staticflickr.com/5710/23453577691_6b8503f042_b.jpg,https://www.flickr.com/photos/27689876@N03/23453577691,迷惘的人生,cc-by-sa 2.0
not_cilantro/openverse_cc0bcb5f-1ecb-4b39-9bea-2ecfee7b61a4.jpg,not_cilantro,openverse:flickr,https://live.staticflickr.com/3154/2741533950_cf24b19cf8_b.jpg,https://www.flickr.com/photos/10559879@N00/2741533950,avlxyz,cc-by-sa 2.0
not_cilantro/openverse_41db5d5d-5f41-4095-a358-c92d474dd7e5.jpg,not_cilantro,openverse:flickr,https://live.staticflickr.com/2414/2144887899_1823fc3568_b.jpg,https://www.flickr.com/photos/10559879@N00/2144887899,avlxyz,cc-by-sa 2.0
not_cilantro/openverse_e4e4b348-2c58-4e9e-99d4-ca87eda4c79d.jpg,not_cilantro,openverse:flickr,https://live.staticflickr.com/3483/3295111128_5ae9bb4219_b.jpg,https://www.flickr.com/photos/10559879@N00/3295111128,avlxyz,cc-by-sa 2.0
not_cilantro/openverse_1a596930-379d-435c-8cd5-880ae2d83e85.jpg,not_cilantro,openverse:flickr,https://live.staticflickr.com/200/512069358_d7749c5f04_b.jpg,https://www.flickr.com/photos/10559879@N00/512069358,avlxyz,cc-by-sa 2.0
not_cilantro/openverse_9970515f-2f76-4021-8abf-72c66c7e0d90.jpg,not_cilantro,openverse:flickr,https://live.staticflickr.com/5139/5568630981_cb0a635ac7_b.jpg,https://www.flickr.com/photos/7927684@N03/5568630981,jeffreyw,cc-by 2.0
not_cilantro/openverse_d3fe62ed-ebdf-4d8f-a3a7-ff1ef1f1cf02.jpg,not_cilantro,openverse:flickr,https://live.staticflickr.com/21/29889298_c6dde12d7e.jpg,https://www.flickr.com/photos/10559879@N00/29889298,avlxyz,cc-by-sa 2.0
not_cilantro/openverse_779a8f0a-896e-4ff1-97c0-5dffd9698067.jpg,not_cilantro,openverse:flickr,https://live.staticflickr.com/20/72271733_d6940d5152_b.jpg,https://www.flickr.com/photos/85936780@N00/72271733,pelican,cc-by-sa 2.0
not_cilantro/openverse_fdc49942-23c6-42be-b6bc-f61afe051111.jpg,not_cilantro,openverse:flickr,https://live.staticflickr.com/6/86713207_7a44f3c1d5_b.jpg,https://www.flickr.com/photos/71912190@N00/86713207,yajico,cc-by 2.0
not_cilantro/openverse_7ca8131c-43fb-4350-9d5d-2b8ee7ca3c30.jpg,not_cilantro,openverse:flickr,https://live.staticflickr.com/2011/1580932146_41a66aa56c_b.jpg,https://www.flickr.com/photos/70522326@N00/1580932146,rovingI,cc-by 2.0
not_cilantro/openverse_a0cc7cc9-1c09-498b-b0f2-707fe0f062cf.jpg,not_cilantro,openverse:flickr,https://live.staticflickr.com/2746/4410759750_12f223548c_b.jpg,https://www.flickr.com/photos/43572617@N05/4410759750,xxHxx,cc-by 2.0
not_cilantro/openverse_c4cac04b-a10d-4779-a4da-8c606bb36f03.jpg,not_cilantro,openverse:flickr,https://live.staticflickr.com/3363/3433632073_cd75974b6b_b.jpg,https://www.flickr.com/photos/10559879@N00/3433632073,avlxyz,cc-by-sa 2.0
not_cilantro/openverse_8c956392-24ce-46c6-b389-bb8218faac52.jpg,not_cilantro,openverse:flickr,https://live.staticflickr.com/8370/8398542578_b99be72e52_b.jpg,https://www.flickr.com/photos/10168625@N06/8398542578,French Tart,cc-by-nd 2.0
not_cilantro/openverse_147c9f89-5568-44c0-9b34-1a2864ee1611.jpg,not_cilantro,openverse:flickr,https://live.staticflickr.com/6/77079367_efe1004d3c.jpg,https://www.flickr.com/photos/10559879@N00/77079367,avlxyz,cc-by-sa 2.0
not_cilantro/openverse_467c7009-1e78-4065-8b48-d54d0d0c1135.jpg,not_cilantro,openverse:flickr,https://live.staticflickr.com/2776/4355501600_d6b1ca4608_b.jpg,https://www.flickr.com/photos/25128194@N02/4355501600,Vegan Feast Catering,cc-by 2.0
not_cilantro/openverse_e9224b37-5f09-4b4c-9bf1-f1e06bd2b32f.jpg,not_cilantro,openverse:flickr,https://live.staticflickr.com/2635/4112229246_d63d643fb7_b.jpg,https://www.flickr.com/photos/54357435@N00/4112229246,valkyrieh116,cc-by-sa 2.0
not_cilantro/openverse_f6740372-d44a-4790-ac37-267174ab8482.jpg,not_cilantro,openverse:flickr,https://live.staticflickr.com/1421/1453447361_03b08ebc5c_b.jpg,https://www.flickr.com/photos/70522326@N00/1453447361,rovingI,cc-by 2.0
not_cilantro/openverse_27b7b5c9-6f3a-4326-85bb-fdd02fa7c350.jpg,not_cilantro,openverse:flickr,https://live.staticflickr.com/2186/2203678763_208334f03f_b.jpg,https://www.flickr.com/photos/21458229@N00/2203678763,lejoe,cc-by 2.0
not_cilantro/openverse_1943ad20-9dd4-499c-b9ac-665b555b5e1f.jpg,not_cilantro,openverse:flickr,https://live.staticflickr.com/29/59498406_45de530d24.jpg,https://www.flickr.com/photos/10559879@N00/59498406,avlxyz,cc-by-sa 2.0
not_cilantro/openverse_d9a40c23-542d-4f5b-91c5-4e3f332f594f.jpg,not_cilantro,openverse:flickr,https://live.staticflickr.com/4126/5087983142_53e64bf282_b.jpg,https://www.flickr.com/photos/10559879@N00/5087983142,avlxyz,cc-by-sa 2.0
not_cilantro/openverse_1a0f11dc-ab86-4ab0-bf4e-7fa92905eb8b.jpg,not_cilantro,openverse:flickr,https://live.staticflickr.com/131/369673571_45ddf068cd.jpg,https://www.flickr.com/photos/10559879@N00/369673571,avlxyz,cc-by-sa 2.0
not_cilantro/openverse_009956b8-ad48-4eb3-8512-42613dcb766f.jpg,not_cilantro,openverse:flickr,https://live.staticflickr.com/3329/3595242078_5292c45569.jpg,https://www.flickr.com/photos/33993074@N00/3595242078,joyosity,cc-by 2.0
not_cilantro/openverse_0b108409-e32c-42c1-9013-939f034a77ea.jpg,not_cilantro,openverse:flickr,https://live.staticflickr.com/1121/597233227_89d6265bd5.jpg,https://www.flickr.com/photos/70522326@N00/597233227,rovingI,cc-by 2.0
not_cilantro/openverse_24ec0715-1f18-46ce-87e8-0e78e007a33e.jpg,not_cilantro,openverse:flickr,https://live.staticflickr.com/2400/2448991928_18a700daa1_b.jpg,https://www.flickr.com/photos/10559879@N00/2448991928,avlxyz,cc-by-sa 2.0
not_cilantro/openverse_eaedeb85-65ac-479c-9d92-e239de24c2af.jpg,not_cilantro,openverse:flickr,https://live.staticflickr.com/2375/2068576214_98852dcb9d_b.jpg,https://www.flickr.com/photos/10559879@N00/2068576214,avlxyz,cc-by-sa 2.0
not_cilantro/openverse_b8ef7382-a390-4128-822a-d739d3333730.jpg,not_cilantro,openverse:flickr,https://live.staticflickr.com/3115/2597729514_19f6a7a452_b.jpg,https://www.flickr.com/photos/10559879@N00/2597729514,avlxyz,cc-by-sa 2.0
not_cilantro/openverse_ab6d186e-e438-44f4-a7e7-61291916f2f6.jpg,not_cilantro,openverse:flickr,https://live.staticflickr.com/65535/52372746517_88b153fbfe_b.jpg,https://www.flickr.com/photos/133117136@N05/52372746517,dodopizzastory,cc-by-sa 2.0
not_cilantro/openverse_972e038a-acdf-4628-a835-325439c9e4d1.jpg,not_cilantro,openverse:flickr,https://live.staticflickr.com/206/489731432_5310757359.jpg,https://www.flickr.com/photos/10559879@N00/489731432,avlxyz,cc-by-sa 2.0
not_cilantro/openverse_2e2cc185-d0a8-42bc-95db-4c53950b4045.jpg,not_cilantro,openverse:flickr,https://live.staticflickr.com/2161/2278790425_98dd3b9b22_b.jpg,https://www.flickr.com/photos/10559879@N00/2278790425,avlxyz,cc-by-sa 2.0
not_cilantro/openverse_986fcaab-6b8e-4f15-8e0c-751a5c999407.jpg,not_cilantro,openverse:flickr,https://live.staticflickr.com/4056/4698168573_2c35957b9e_b.jpg,https://www.flickr.com/photos/10559879@N00/4698168573,avlxyz,cc-by-sa 2.0
not_cilantro/openverse_692856f3-2cec-4d73-becd-704823634540.jpg,not_cilantro,openverse:flickr,https://live.staticflickr.com/1220/1087965471_8d31f5aaf4_b.jpg,https://www.flickr.com/photos/10559879@N00/1087965471,avlxyz,cc-by-sa 2.0
not_cilantro/openverse_dcd47743-0504-4a59-830c-86f293afd2eb.jpg,not_cilantro,openverse:flickr,https://live.staticflickr.com/115/309333096_de09fb4647_b.jpg,https://www.flickr.com/photos/70522326@N00/309333096,rovingI,cc-by 2.0
not_cilantro/openverse_5e66d95d-4fe8-4e49-8d7d-bc20b904ed75.jpg,not_cilantro,openverse:flickr,https://live.staticflickr.com/1335/1040262550_39e13a3648_b.jpg,https://www.flickr.com/photos/10559879@N00/1040262550,avlxyz,cc-by-sa 2.0
not_cilantro/openverse_7cfd0249-7026-482c-8b72-04b2aaf2b60b.jpg,not_cilantro,openverse:flickr,https://live.staticflickr.com/3424/3988458802_ec30379677_b.jpg,https://www.flickr.com/photos/10559879@N00/3988458802,avlxyz,cc-by-sa 2.0
not_cilantro/openverse_9dec739c-3f59-43e2-8631-f1540ea4f650.jpg,not_cilantro,openverse:flickr,https://live.staticflickr.com/8226/8565523628_da8a895c65_b.jpg,https://www.flickr.com/photos/19136074@N06/8565523628,tsuihin - TimoStudios,cc-by-sa 2.0
not_cilantro/openverse_ecf15dfa-4e5e-4b53-b84d-0bca0f56cd75.jpg,not_cilantro,openverse:flickr,https://live.staticflickr.com/7459/12803850375_bf8bf5aac4_b.jpg,https://www.flickr.com/photos/24211276@N05/12803850375,'KIUKO',cc-by-nd 2.0
not_cilantro/openverse_fe23b7c5-1ff9-44f7-bdb7-d10ab0b032ef.jpg,not_cilantro,openverse:flickr,https://live.staticflickr.com/7051/6858743117_d4445ef04f_b.jpg,https://www.flickr.com/photos/78428166@N00/6858743117,Tobyotter,cc-by 2.0
not_cilantro/openverse_a70f2e4b-9e58-4f82-b895-4bac6348936a.jpg,not_cilantro,openverse:flickr,https://live.staticflickr.com/3097/3158454967_6818142588_b.jpg,https://www.flickr.com/photos/10559879@N00/3158454967,avlxyz,cc-by-sa 2.0
not_cilantro/openverse_ef6c840d-27ff-4ac2-ba67-34829b97eca7.jpg,not_cilantro,openverse:flickr,https://live.staticflickr.com/176/397275660_fd40583929_b.jpg,https://www.flickr.com/photos/71503020@N00/397275660,Drab Makyo,cc-by 2.0
not_cilantro/openverse_289d30b4-3468-48e5-847c-7a7bacebd58c.jpg,not_cilantro,openverse:flickr,https://live.staticflickr.com/2284/2057890149_5ab31602e2_b.jpg,https://www.flickr.com/photos/85936780@N00/2057890149,pelican,cc-by-sa 2.0
not_cilantro/openverse_b11716f1-3fec-4386-8b25-7da68bb33c96.jpg,not_cilantro,openverse:flickr,https://live.staticflickr.com/3279/2590309781_f31aca3be8_b.jpg,https://www.flickr.com/photos/35034346243@N01/2590309781,stu_spivack,cc-by-sa 2.0
not_cilantro/openverse_552eb122-7350-402f-9e09-4f434db453f4.jpg,not_cilantro,openverse:flickr,https://live.staticflickr.com/1334/1398781973_651fdfbd53_b.jpg,https://www.flickr.com/photos/92203585@N00/1398781973,jetalone,cc-by 2.0
not_cilantro/openverse_f2565535-eaf3-4fe9-935d-bff82f60d804.jpg,not_cilantro,openverse:flickr,https://live.staticflickr.com/128/319255039_910efe2c2c_b.jpg,https://www.flickr.com/photos/35034346243@N01/319255039,stu_spivack,cc-by-sa 2.0
not_cilantro/openverse_fea2acc3-e26b-43d7-be3f-031ee6a190d8.jpg,not_cilantro,openverse:flickr,https://live.staticflickr.com/3438/3731315366_a4b588d835_b.jpg,https://www.flickr.com/photos/25128194@N02/3731315366,Vegan Feast Catering,cc-by 2.0
not_cilantro/openverse_9d65e2ef-e436-4cfa-9e91-4db939945c01.jpg,not_cilantro,openverse:flickr,https://live.staticflickr.com/2179/1557720545_3f16d0f97c_b.jpg,https://www.flickr.com/photos/70522326@N00/1557720545,rovingI,cc-by 2.0
not_cilantro/openverse_6487be46-2076-4a02-ba44-8d736ea5dc53.jpg,not_cilantro,openverse:flickr,https://live.staticflickr.com/2320/2204868903_cf2ea81045_b.jpg,https://www.flickr.com/photos/10559879@N00/2204868903,avlxyz,cc-by-sa 2.0
not_cilantro/openverse_acd87b3a-0292-4865-b9f9-0b5660bb48a9.jpg,not_cilantro,openverse:flickr,https://live.staticflickr.com/3640/3428017518_d6e86f0276_b.jpg,https://www.flickr.com/photos/10559879@N00/3428017518,avlxyz,cc-by-sa 2.0
not_cilantro/openverse_1d6222e5-5a65-43f3-8034-80f9f00683ea.jpg,not_cilantro,openverse:flickr,https://live.staticflickr.com/30/100763876_5219403631.jpg,https://www.flickr.com/photos/10559879@N00/100763876,avlxyz,cc-by-sa 2.0
not_cilantro/openverse_0ba73a52-11eb-4ec6-a5e0-b3d346fa3a46.jpg,not_cilantro,openverse:flickr,https://live.staticflickr.com/2083/2370644550_67f742a4e2_b.jpg,https://www.flickr.com/photos/10559879@N00/2370644550,avlxyz,cc-by-sa 2.0
not_cilantro/openverse_6f5da8c6-465e-4bff-b3f3-ff1904a1a528.jpg,not_cilantro,openverse:flickr,https://live.staticflickr.com/205/497785866_60bab19c05.jpg,https://www.flickr.com/photos/10559879@N00/497785866,avlxyz,cc-by-sa 2.0
not_cilantro/openverse_417ffc8a-29ce-449a-ac01-b9b89b7de3ba.jpg,not_cilantro,openverse:flickr,https://live.staticflickr.com/30/55819844_e6989dc6e6.jpg,https://www.flickr.com/photos/10559879@N00/55819844,avlxyz,cc-by-sa 2.0
not_cilantro/openverse_66e173ae-11fd-413c-8cc4-1b2eed219599.jpg,not_cilantro,openverse:flickr,https://live.staticflickr.com/34/71443147_78a938f4df_b.jpg,https://www.flickr.com/photos/35034364511@N01/71443147,Jackie L Chan,cc-by 2.0
not_cilantro/openverse_265dfc3d-7882-4407-a972-77e170e3d6ca.jpg,not_cilantro,openverse:flickr,https://live.staticflickr.com/1324/1040570600_f5b90e0ec4_b.jpg,https://www.flickr.com/photos/7352088@N08/1040570600,rexipe,cc-by 2.0
not_cilantro/openverse_e12a3065-e41f-4901-b657-10f0df717632.jpg,not_cilantro,openverse:flickr,https://live.staticflickr.com/194/444736668_8c1a803f7d_b.jpg,https://www.flickr.com/photos/80335855@N00/444736668,irrational_cat,cc-by-sa 2.0
not_cilantro/openverse_70d58917-9924-4af1-9e68-f1737e10dbc4.jpg,not_cilantro,openverse:flickr,https://live.staticflickr.com/28/67408669_5f03391ef9.jpg,https://www.flickr.com/photos/10559879@N00/67408669,avlxyz,cc-by-sa 2.0
not_cilantro/openverse_df6803f1-de88-4a18-8a65-0977f80c447b.jpg,not_cilantro,openverse:flickr,https://live.staticflickr.com/3324/3241989257_ba0896651e_b.jpg,https://www.flickr.com/photos/10559879@N00/3241989257,avlxyz,cc-by-sa 2.0
not_cilantro/openverse_62a8ad71-0487-4603-9be9-46fbaceb2a19.jpg,not_cilantro,openverse:flickr,https://live.staticflickr.com/4123/4783195124_679fd07156_b.jpg,https://www.flickr.com/photos/41930815@N02/4783195124,thefoodplace.co.uk,cc-by 2.0
not_cilantro/openverse_53a87949-aa89-472f-a6dd-8fe7e3b077b7.jpg,not_cilantro,openverse:flickr,https://live.staticflickr.com/8163/7623705344_79d3c8c859_b.jpg,https://www.flickr.com/photos/92269745@N00/7623705344,ralph and jenny,cc-by 2.0
not_cilantro/openverse_8e86f256-a80a-4464-a9a1-16957e766a64.jpg,not_cilantro,openverse:flickr,https://live.staticflickr.com/48/173689495_a345eaec99_b.jpg,https://www.flickr.com/photos/97844767@N00/173689495,WordRidden,cc-by 2.0
not_cilantro/openverse_128d718b-3fbf-4bc9-89e3-de6a74fbe2ed.jpg,not_cilantro,openverse:flickr,https://live.staticflickr.com/1265/923675633_7e5fa38ee1_b.jpg,https://www.flickr.com/photos/10559879@N00/923675633,avlxyz,cc-by-sa 2.0
not_cilantro/openverse_5eb02bdc-4254-4044-9305-57cd65a1556a.jpg,not_cilantro,openverse:flickr,https://live.staticflickr.com/7231/7206018248_06d9c21b18_b.jpg,https://www.flickr.com/photos/64141731@N00/7206018248,susan@kingstreetmarketinggroup,cc-by-sa 2.0
not_cilantro/openverse_c0261b70-f044-422d-8074-55debb864b1d.jpg,not_cilantro,openverse:flickr,https://live.staticflickr.com/8223/8372222471_662acd24f6.jpg,https://www.flickr.com/photos/92149431@N06/8372222471,Bálint Kléri (balintk),cc-by 2.0
not_cilantro/openverse_c0bb1c9f-0f44-4dd5-9130-a5d81ba9892b.jpg,not_cilantro,openverse:flickr,https://live.staticflickr.com/2415/2132566636_03d8e8bcae.jpg,https://www.flickr.com/photos/97988230@N00/2132566636,kthrn,cc-by-sa 2.0
not_cilantro/openverse_5425e12c-0658-44e0-9cb3-512587c9c8cb.jpg,not_cilantro,openverse:flickr,https://live.staticflickr.com/7026/6477974999_aafc7940bc_b.jpg,https://www.flickr.com/photos/71266843@N03/6477974999,C John Thompson,cc-by-sa 2.0
not_cilantro/openverse_2fcbe773-9d08-4a6d-85a3-dc1f443b9fd5.jpg,not_cilantro,openverse:flickr,https://live.staticflickr.com/7269/6944991462_00d06d5377_b.jpg,https://www.flickr.com/photos/21372046@N00/6944991462,AndyRobertsPhotos,cc-by 2.0
not_cilantro/openverse_a1e6de8b-b019-4063-932c-6aa9260343ec.jpg,not_cilantro,openverse:flickr,https://live.staticflickr.com/7275/7091068125_03127e6eae_b.jpg,https://www.flickr.com/photos/21372046@N00/7091068125,AndyRobertsPhotos,cc-by 2.0
not_cilantro/openverse_20f0661e-941a-4f29-a24d-b3fe2e9be6da.jpg,not_cilantro,openverse:flickr,https://live.staticflickr.com/209/505794167_c9a57855f9_b.jpg,https://www.flickr.com/photos/87232391@N00/505794167,Charles Haynes,cc-by-sa 2.0
not_cilantro/openverse_0a807bfe-e40e-4840-a7e4-1a3da02e0c5f.jpg,not_cilantro,openverse:flickr,https://live.staticflickr.com/3644/3471292501_2a47796c37_b.jpg,https://www.flickr.com/photos/10563005@N06/3471292501,lori05871,cc-by 2.0
not_cilantro/openverse_65949bdc-2172-4e19-95c9-69541907502b.jpg,not_cilantro,openverse:flickr,https://live.staticflickr.com/4019/4345996391_e65a962554_b.jpg,https://www.flickr.com/photos/35034346243@N01/4345996391,stu_spivack,cc-by-sa 2.0
not_cilantro/openverse_2c7f4d8e-8448-46aa-ab49-a5dca2b02a69.jpg,not_cilantro,openverse:flickr,https://live.staticflickr.com/6193/6161544586_37fdc214f9_b.jpg,https://www.flickr.com/photos/35034346243@N01/6161544586,stu_spivack,cc-by-sa 2.0
not_cilantro/openverse_1f0fd81c-ff58-494c-b615-132ec7c8114d.jpg,not_cilantro,openverse:flickr,https://live.staticflickr.com/1293/924506350_94fd5f6529_b.jpg,https://www.flickr.com/photos/10559879@N00/924506350,avlxyz,cc-by-sa 2.0
not_cilantro/openverse_4ff107b8-4baa-48b2-879b-810afc93c0d3.jpg,not_cilantro,openverse:flickr,https://live.staticflickr.com/65535/48622741516_cd73238baf_b.jpg,https://www.flickr.com/photos/171425013@N02/48622741516,GeorgeTan#2...INACTIVE NOW,cc-pdm 1.0
not_cilantro/openverse_2091b799-b020-41ad-8fb8-e375ab242b72.jpg,not_cilantro,openverse:flickr,https://live.staticflickr.com/7434/9484437971_8bc71eb41b_b.jpg,https://www.flickr.com/photos/36307913@N00/9484437971,freddie boy,cc-by-sa 2.0
not_cilantro/openverse_5184a010-5821-414b-a8e9-f16af0d00d36.jpg,not_cilantro,openverse:flickr,https://live.staticflickr.com/5158/5843780832_c491607b4d_m.jpg,https://www.flickr.com/photos/34018978@N00/5843780832,heather0714,cc-by 2.0
not_cilantro/openverse_87e32e1e-d75d-4a5f-a8c0-6c62491ab875.jpg,not_cilantro,openverse:flickr,https://live.staticflickr.com/1945/43932469420_44cd28d196_b.jpg,https://www.flickr.com/photos/72482589@N07/43932469420,Astro_Alex,cc-by-sa 2.0
not_cilantro/openverse_87617414-7e1c-419a-ae5e-36fb85556f73.jpg,not_cilantro,openverse:flickr,https://live.staticflickr.com/5026/5578642179_531958df3f_b.jpg,https://www.flickr.com/photos/70098064@N00/5578642179,photophnatic,cc-by-sa 2.0
not_cilantro/openverse_7447a87c-02a1-4edc-8a1f-64b6b86a3ed7.jpg,not_cilantro,openverse:flickr,https://live.staticflickr.com/2275/2487119416_62ec18c180_b.jpg,https://www.flickr.com/photos/34067077@N00/2487119416,Martin Cathrae,cc-by-sa 2.0
not_cilantro/openverse_e67d03b5-a8b5-44bd-920c-d9dae23175cb.jpg,not_cilantro,openverse:flickr,https://live.staticflickr.com/3223/2865434508_1e36ff434e_b.jpg,https://www.flickr.com/photos/10559879@N00/2865434508,avlxyz,cc-by-sa 2.0
not_cilantro/openverse_be734bbc-9574-41d7-b8db-40eb7ffe21fe.jpg,not_cilantro,openverse:flickr,https://live.staticflickr.com/5/10100946_75b66836f1_b.jpg,https://www.flickr.com/photos/74105777@N00/10100946,adactio,cc-by 2.0
not_cilantro/openverse_4401291d-4846-4798-ab7c-f2c478da6c6c.jpg,not_cilantro,openverse:flickr,https://live.staticflickr.com/8291/7809748008_b7c4915f5c.jpg,https://www.flickr.com/photos/8398907@N02/7809748008,moonjazz,cc-pdm 1.0
not_cilantro/openverse_7b181b8e-1817-43f2-9584-75c5796c8cde.jpg,not_cilantro,openverse:flickr,https://live.staticflickr.com/3385/3211823097_4b0139c87f_b.jpg,https://www.flickr.com/photos/10559879@N00/3211823097,avlxyz,cc-by-sa 2.0
not_cilantro/openverse_7233bff0-6e5f-4211-a358-85a5ce14a2b9.jpg,not_cilantro,openverse:flickr,https://live.staticflickr.com/92/250225446_0dfcf721b1_b.jpg,https://www.flickr.com/photos/18295242@N00/250225446,Laurel Fan,cc-by-sa 2.0
not_cilantro/openverse_1ae3843d-3620-4994-8e06-431d314a5349.jpg,not_cilantro,openverse:flickr,https://live.staticflickr.com/5163/5236402569_8ec453ea0f.jpg,https://www.flickr.com/photos/68691112@N00/5236402569,jamieanne,cc-by-nd 2.0
not_cilantro/openverse_0c901471-6afc-438e-9f49-d1cecb9627c4.jpg,not_cilantro,openverse:flickr,https://live.staticflickr.com/5342/10286948625_926de53c12_b.jpg,https://www.flickr.com/photos/80665970@N03/10286948625,simpleprovisions,cc-by 2.0
not_cilantro/openverse_359c51eb-0d5e-4d71-8477-cd64ba64572b.jpg,not_cilantro,openverse:flickr,https://live.staticflickr.com/3130/2480587587_d2f0650970_b.jpg,https://www.flickr.com/photos/7926735@N03/2480587587,lisaclarke,cc-by-nd 2.0
not_cilantro/openverse_693e8ffa-56c2-4a12-91f8-7bf2bf4877c5.jpg,not_cilantro,openverse:flickr,https://live.staticflickr.com/1965/43813470970_44a43b8600_b.jpg,https://www.flickr.com/photos/72482589@N07/43813470970,Astro_Alex,cc-by-sa 2.0
not_cilantro/openverse_c303b05c-7d69-443b-9e2b-04183af05cf4.jpg,not_cilantro,openverse:flickr,https://live.staticflickr.com/2557/3802430198_0210919024_b.jpg,https://www.flickr.com/photos/92269745@N00/3802430198,ralph and jenny,cc-by 2.0
not_cilantro/openverse_16115925-b51c-4202-bc16-d23f6b3c186f.jpg,not_cilantro,openverse:flickr,https://live.staticflickr.com/3550/3296406121_dd628fbfa8_b.jpg,https://www.flickr.com/photos/62204521@N00/3296406121,Ahmed Rabea,cc-by-sa 2.0
not_cilantro/openverse_3bcf6d82-347c-4aac-a0b3-5d8059a261cd.jpg,not_cilantro,openverse:flickr,https://live.staticflickr.com/3033/2695730538_3d9bf6c51c_b.jpg,https://www.flickr.com/photos/10559879@N00/2695730538,avlxyz,cc-by-sa 2.0
not_cilantro/openverse_1d4d2ac5-9e2c-47a6-9387-fa0c24ace46a.jpg,not_cilantro,openverse:flickr,https://live.staticflickr.com/5038/5800903401_370fcc8267_b.jpg,https://www.flickr.com/photos/80029441@N00/5800903401,Counselman Collection,cc-by-sa 2.0
not_cilantro/openverse_0c0cd20e-d825-4d95-b561-5387177287e4.jpg,not_cilantro,openverse:flickr,https://live.staticflickr.com/7154/6779774827_d94ed9801c_b.jpg,https://www.flickr.com/photos/40648063@N06/6779774827,JenTravelsLife,cc-by 2.0
not_cilantro/openverse_25edca58-b1aa-421d-8d13-5eed2657d75b.jpg,not_cilantro,openverse:flickr,https://live.staticflickr.com/134/319446299_a98abb1767.jpg,https://www.flickr.com/photos/10559879@N00/319446299,avlxyz,cc-by-sa 2.0
not_cilantro/openverse_4c22b579-f567-44df-b9af-c4aa5b4fa98c.jpg,not_cilantro,openverse:flickr,https://live.staticflickr.com/4051/4341689078_74b70ce70d_b.jpg,https://www.flickr.com/photos/42339182@N06/4341689078,iRubén,cc-by 2.0
not_cilantro/openverse_c2cfbf12-be3e-464f-b51e-6b008ec87d83.jpg,not_cilantro,openverse:flickr,https://live.staticflickr.com/3133/2417204473_a22e22e41a_b.jpg,https://www.flickr.com/photos/43264265@N00/2417204473,Dan4th,cc-by 2.0
not_cilantro/openverse_13285c56-0b46-4f80-aad6-ebda484e584d.jpg,not_cilantro,openverse:flickr,https://live.staticflickr.com/6193/6153879708_0be9453425_b.jpg,https://www.flickr.com/photos/24149456@N06/6153879708,ChristineLeiser,cc-by 2.0
not_cilantro/openverse_f37a4a51-040f-4c38-86e7-a6d565e6906b.jpg,not_cilantro,openverse:flickr,https://live.staticflickr.com/7299/13677166343_9fac91c502_b.jpg,https://www.flickr.com/photos/89292944@N05/13677166343,Le living and co.,cc-by 2.0
not_cilantro/openverse_95fe0aa6-1e9b-4fb3-91b4-ff4d0d8a39c9.jpg,not_cilantro,openverse:flickr,https://live.staticflickr.com/4010/4710502074_5fb8a394a6_b.jpg,https://www.flickr.com/photos/74105777@N00/4710502074,adactio,cc-by 2.0
not_cilantro/openverse_13226641-9222-4aac-8d78-a64cc2bc0c92.jpg,not_cilantro,openverse:flickr,https://live.staticflickr.com/3801/11295165084_c854899411_b.jpg,https://www.flickr.com/photos/104166365@N06/11295165084,nvarchar,cc-by-sa 2.0
not_cilantro/openverse_9314ccef-7c9c-4ea8-b2cb-83c333314200.jpg,not_cilantro,openverse:flickr,https://live.staticflickr.com/2753/4135023912_a8f2c08e6c_b.jpg,https://www.flickr.com/photos/29673072@N03/4135023912,verygreen,cc-by 2.0
not_cilantro/openverse_3a25e810-b8a6-4724-971e-cb68f387a17e.jpg,not_cilantro,openverse:flickr,https://live.staticflickr.com/3245/3042662667_bc51f47029_b.jpg,https://www.flickr.com/photos/10559879@N00/3042662667,avlxyz,cc-by-sa 2.0
not_cilantro/openverse_223cfa00-7e66-4565-adac-706ca7c28697.jpg,not_cilantro,openverse:flickr,https://live.staticflickr.com/3060/2595169871_d467e52f74_b.jpg,https://www.flickr.com/photos/45802332@N00/2595169871,deb roby,cc-by 2.0
not_cilantro/openverse_8fa8ebea-c8aa-415d-99ac-ad2a161641cf.jpg,not_cilantro,openverse:flickr,https://live.staticflickr.com/2491/3863494707_b03d15594f_b.jpg,https://www.flickr.com/photos/84516076@N00/3863494707,Zaskoda,cc-by 2.0
not_cilantro/openverse_2f7ae2d2-daeb-4c8a-a47d-15a81bc441ae.jpg,not_cilantro,openverse:flickr,https://live.staticflickr.com/5527/14646477141_42f7725b53_b.jpg,https://www.flickr.com/photos/65299929@N00/14646477141,with wind,cc-by 2.0
not_cilantro/openverse_592d5243-649b-43da-8848-4a5f7cde2f19.jpg,not_cilantro,openverse:flickr,https://live.staticflickr.com/5339/7190204844_1d2400cccf_b.jpg,https://www.flickr.com/photos/8174757@N02/7190204844,emmadiscovery,cc-by 2.0
not_cilantro/openverse_ccca3c3c-c888-467c-b8c0-e36467cad95d.jpg,not_cilantro,openverse:flickr,https://live.staticflickr.com/6078/6056602323_195dc54f1c_b.jpg,https://www.flickr.com/photos/93178668@N00/6056602323,NatalieMaynor,cc-by 2.0
not_cilantro/openverse_0e210720-c0f8-4c20-bc76-67e716ac5c47.jpg,not_cilantro,openverse:flickr,https://live.staticflickr.com/8283/7846872334_ee111cdddf_b.jpg,https://www.flickr.com/photos/92269745@N00/7846872334,ralph and jenny,cc-by 2.0
not_cilantro/openverse_c1e2d07f-dee9-4b81-a10d-897612188870.jpg,not_cilantro,openverse:flickr,https://live.staticflickr.com/79/230015407_528f860919.jpg,https://www.flickr.com/photos/10559879@N00/230015407,avlxyz,cc-by-sa 2.0
not_cilantro/openverse_7c1eb0d8-fa91-466c-87af-4c432b422248.jpg,not_cilantro,openverse:flickr,https://live.staticflickr.com/6070/6089391116_f42ff759f1_b.jpg,https://www.flickr.com/photos/71401718@N00/6089391116,Wonderlane,cc-by 2.0
not_cilantro/openverse_02daabcf-0d12-4e95-b286-9cbe6c9868f2.jpg,not_cilantro,openverse:flickr,https://live.staticflickr.com/2789/4180671692_ea57b50623_b.jpg,https://www.flickr.com/photos/7471115@N08/4180671692,Mr.TinDC,cc-by-nd 2.0
not_cilantro/openverse_3d7d62d7-81fe-409a-be03-414c660f44f8.jpg,not_cilantro,openverse:flickr,https://live.staticflickr.com/65535/52493469421_a9f8c33b3c_b.jpg,https://www.flickr.com/photos/7633518@N08/52493469421,sarahstierch,cc-by 2.0
not_cilantro/openverse_ad3e3841-b01d-492c-ba8e-68d57c5c4369.jpg,not_cilantro,openverse:flickr,https://live.staticflickr.com/4032/4329286464_8340c9626d_b.jpg,https://www.flickr.com/photos/7390466@N06/4329286464,Mike Saechang,cc-by-sa 2.0
not_cilantro/openverse_9fdbec37-6ed1-4f7a-ac53-0a8dc422d1a4.jpg,not_cilantro,openverse:flickr,https://live.staticflickr.com/2787/4329287440_0f8c418ca6_b.jpg,https://www.flickr.com/photos/7390466@N06/4329287440,Mike Saechang,cc-by-sa 2.0
not_cilantro/openverse_2e446a7f-d765-4752-8a4b-409cb0f5d2a8.jpg,not_cilantro,openverse:flickr,https://live.staticflickr.com/5287/5381998511_737d57f572_b.jpg,https://www.flickr.com/photos/7471115@N08/5381998511,Mr.TinDC,cc-by-nd 2.0
not_cilantro/openverse_631c8669-9f7a-44aa-abf5-d0fa5f7e64c9.jpg,not_cilantro,openverse:flickr,https://live.staticflickr.com/5290/5250850028_a34e0be34b_b.jpg,https://www.flickr.com/photos/88025588@N00/5250850028,CorruptKitten,cc-by-sa 2.0
not_cilantro/openverse_b52b2bb1-884c-44be-931b-6003811594ea.jpg,not_cilantro,openverse:flickr,https://live.staticflickr.com/2106/13071017625_c5a17c1b37.jpg,https://www.flickr.com/photos/25965042@N03/13071017625,the little red house,cc-by 2.0
not_cilantro/openverse_066358f8-363b-40fc-9869-3e0e6ec158aa.jpg,not_cilantro,openverse:flickr,https://live.staticflickr.com/5199/5897672193_057f0df120_b.jpg,https://www.flickr.com/photos/34048699@N07/5897672193,Saucy Salad,cc-by 2.0
not_cilantro/openverse_a9875f67-32d1-4d40-8314-9d1cf21a915a.jpg,not_cilantro,openverse:flickr,https://live.staticflickr.com/8455/8052314489_9fc3d2e39e_b.jpg,https://www.flickr.com/photos/65709454@N05/8052314489,annas_bananas,cc-by 2.0
not_cilantro/openverse_40c29361-790a-4b76-acc6-eafb9600ba86.jpg,not_cilantro,openverse:flickr,https://live.staticflickr.com/1642/24174083990_b6147b5e5c_b.jpg,https://www.flickr.com/photos/25977089@N00/24174083990,goblinbox_(queen_of_ad_hoc_bento),cc-by 2.0
not_cilantro/openverse_f983bc60-96dd-4ef0-9fa7-10619cef388d.jpg,not_cilantro,openverse:flickr,https://live.staticflickr.com/7254/7729784086_fced30c132_b.jpg,https://www.flickr.com/photos/39908901@N06/7729784086,m01229,cc-by 2.0
not_cilantro/openverse_dc0964da-f1e4-4193-a526-4dca743ef276.jpg,not_cilantro,openverse:flickr,https://live.staticflickr.com/2799/4386813042_0331f84deb_b.jpg,https://www.flickr.com/photos/21001756@N06/4386813042,Stacy Spensley,cc-by 2.0
not_cilantro/openverse_3fec01b8-32c6-48ff-a18f-dc2c24911974.jpg,not_cilantro,openverse:flickr,https://live.staticflickr.com/8227/8365425291_b2c7506763_b.jpg,https://www.flickr.com/photos/39908901@N06/8365425291,m01229,cc-by 2.0
not_cilantro/openverse_dad93caf-15d1-4127-88a7-fac2fdc57729.jpg,not_cilantro,openverse:flickr,https://live.staticflickr.com/5182/5740883055_1dd65576ec.jpg,https://www.flickr.com/photos/44124483743@N01/5740883055,brownpau,cc-by 2.0
not_cilantro/openverse_97e40716-3abc-4241-a408-a3ab22e05663.jpg,not_cilantro,openverse:flickr,https://live.staticflickr.com/3568/3772312241_5e86dd4756_b.jpg,https://www.flickr.com/photos/84335369@N00/3772312241,trenttsd,cc-by 2.0
not_cilantro/openverse_7a31a379-c352-4c70-9f5a-15e600592b2b.jpg,not_cilantro,openverse:flickr,https://live.staticflickr.com/4036/4386813348_ed129c56e4_b.jpg,https://www.flickr.com/photos/21001756@N06/4386813348,Stacy Spensley,cc-by 2.0
not_cilantro/openverse_e121e1f7-5597-430b-9d25-9ef7bf495acb.jpg,not_cilantro,openverse:flickr,https://live.staticflickr.com/7117/13340097093_90ca39ceb4.jpg,https://www.flickr.com/photos/32354163@N04/13340097093,xMizLitx,cc-by 2.0
not_cilantro/openverse_9a81cba4-ca58-4151-9eb9-a641b31ca04b.jpg,not_cilantro,openverse:flickr,https://live.staticflickr.com/5269/5737617619_fb39f8b3dd_b.jpg,https://www.flickr.com/photos/62999165@N00/5737617619,Seth W.,cc-by-sa 2.0
not_cilantro/openverse_074e97be-de5d-4416-b3fa-16a193f70c01.jpg,not_cilantro,openverse:flickr,https://live.staticflickr.com/8371/8362416536_6ca194d081_b.jpg,https://www.flickr.com/photos/51047615@N06/8362416536,Kitchen Life of a Navy Wife,cc-by 2.0
not_cilantro/openverse_225a7967-cf39-4f18-8f53-2afea4726f05.jpg,not_cilantro,openverse:flickr,https://live.staticflickr.com/4481/37544165280_137624da4e_b.jpg,https://www.flickr.com/photos/25977089@N00/37544165280,goblinbox_(queen_of_ad_hoc_bento),cc-by 2.0
not_cilantro/openverse_6b155b5c-1cfa-44db-8613-f37148031254.jpg,not_cilantro,openverse:flickr,https://live.staticflickr.com/5797/21044721164_19584b38fb_b.jpg,https://www.flickr.com/photos/87533346@N00/21044721164,djzippy,cc-by 2.0
not_cilantro/openverse_2bfd6f48-0ee1-4b77-ae02-ad487601f4dd.jpg,not_cilantro,openverse:flickr,https://live.staticflickr.com/8195/8129488057_e7688b25b4_b.jpg,https://www.flickr.com/photos/14771153@N04/8129488057,slgckgc,cc-by 2.0
not_cilantro/openverse_d8643355-4f29-47e6-9105-448fb47e4062.jpg,not_cilantro,openverse:flickr,https://live.staticflickr.com/3565/3772315141_55532501eb_b.jpg,https://www.flickr.com/photos/84335369@N00/3772315141,trenttsd,cc-by 2.0
not_cilantro/openverse_649932d5-f3c7-4ded-825d-bbe7b79d9b24.jpg,not_cilantro,openverse:flickr,https://live.staticflickr.com/8282/7730134748_e1b148dab5_b.jpg,https://www.flickr.com/photos/39908901@N06/7730134748,m01229,cc-by 2.0
not_cilantro/openverse_d8e9f0c6-d1c0-478d-81e0-569d96de777a.jpg,not_cilantro,openverse:flickr,https://live.staticflickr.com/5781/21151465973_3b22a49dc2.jpg,https://www.flickr.com/photos/27410581@N07/21151465973,theimpulsivebuy,cc-by-sa 2.0
not_cilantro/openverse_5854e22c-303d-467c-a786-0f64b2239216.jpg,not_cilantro,openverse:flickr,https://live.staticflickr.com/8320/8052335712_7ca48609e1_b.jpg,https://www.flickr.com/photos/65709454@N05/8052335712,annas_bananas,cc-by 2.0
not_cilantro/openverse_a67421e2-1cd4-4b75-9051-53723a40897e.jpg,not_cilantro,openverse:flickr,https://live.staticflickr.com/3729/12447884924_c4034a969f.jpg,https://www.flickr.com/photos/78601704@N00/12447884924,Gauravonomics,cc-by 2.0
not_cilantro/openverse_becf6ab1-aa1b-4099-81d6-d32b89ff841c.jpg,not_cilantro,openverse:flickr,https://live.staticflickr.com/2730/4386813214_3e25808251_b.jpg,https://www.flickr.com/photos/21001756@N06/4386813214,Stacy Spensley,cc-by 2.0
not_cilantro/openverse_65f88789-9066-449a-862a-2bb995bf516a.jpg,not_cilantro,openverse:flickr,https://live.staticflickr.com/4062/4475128502_77bec73d81.jpg,https://www.flickr.com/photos/56756426@N00/4475128502,BrentOzar,cc-by-sa 2.0
not_cilantro/openverse_2953b841-06e4-41ee-84fc-17a67e371d7e.jpg,not_cilantro,openverse:flickr,https://live.staticflickr.com/65535/52033017109_791b6d48fd_b.jpg,https://www.flickr.com/photos/7633518@N08/52033017109,sarahstierch,cc-by 2.0
not_cilantro/openverse_93bce694-949b-4fad-a1aa-36e0993a0a33.jpg,not_cilantro,openverse:flickr,https://live.staticflickr.com/65535/52125804625_fe0a39c883_b.jpg,https://www.flickr.com/photos/7633518@N08/52125804625,sarahstierch,cc-by 2.0
not_cilantro/openverse_88f956d7-c6df-4687-a446-74508e36a8dd.jpg,not_cilantro,openverse:flickr,https://live.staticflickr.com/3664/3565035954_051039e690_b.jpg,https://www.flickr.com/photos/73451168@N00/3565035954,J Wynia,cc-by 2.0
not_cilantro/openverse_3ee69ff2-2223-4535-aa13-46401950a9ad.jpg,not_cilantro,openverse:flickr,https://live.staticflickr.com/810/40812730751_0963665e46_b.jpg,https://www.flickr.com/photos/25977089@N00/40812730751,goblinbox_(queen_of_ad_hoc_bento),cc-by 2.0
not_cilantro/openverse_9264aeda-76b4-47f4-8001-1188e4842fea.jpg,not_cilantro,openverse:flickr,https://live.staticflickr.com/65535/51952480397_cee8fde094_b.jpg,https://www.flickr.com/photos/7633518@N08/51952480397,sarahstierch,cc-by 2.0
not_cilantro/openverse_75db4e60-e5a7-42c1-829a-babc72f3daed.jpg,not_cilantro,openverse:flickr,https://live.staticflickr.com/65535/52065157832_9bf0af43be_b.jpg,https://www.flickr.com/photos/7633518@N08/52065157832,sarahstierch,cc-by 2.0
not_cilantro/openverse_87d14a01-3bb5-4bb5-8f25-51886e7a64c9.jpg,not_cilantro,openverse:flickr,https://live.staticflickr.com/65535/52382594427_d3a051f2bc_b.jpg,https://www.flickr.com/photos/7633518@N08/52382594427,sarahstierch,cc-by 2.0
not_cilantro/openverse_e0f3b097-6f88-4527-bbed-27ce95a90573.jpg,not_cilantro,openverse:flickr,https://live.staticflickr.com/65535/48712594497_bd569b5f38.jpg,https://www.flickr.com/photos/49814345@N04/48712594497,chfrank_cgn,cc-by 2.0
not_cilantro/openverse_bd97a2bb-e9db-4ca1-a2c7-8042c3435516.jpg,not_cilantro,openverse:flickr,https://live.staticflickr.com/65535/52084752327_9751da75cc_b.jpg,https://www.flickr.com/photos/7633518@N08/52084752327,sarahstierch,cc-by 2.0
not_cilantro/openverse_f5456903-3208-4177-9d5b-99e0a6278243.jpg,not_cilantro,openverse:flickr,https://live.staticflickr.com/65535/52374582599_429f1412cf_b.jpg,https://www.flickr.com/photos/7633518@N08/52374582599,sarahstierch,cc-by 2.0
not_cilantro/openverse_89ab874f-96a0-4c3c-84a4-37dffb27106a.jpg,not_cilantro,openverse:flickr,https://live.staticflickr.com/2498/3773106140_619d4aae19_b.jpg,https://www.flickr.com/photos/84335369@N00/3773106140,trenttsd,cc-by 2.0
not_cilantro/openverse_ae3f31d3-c4fa-43cd-b826-752c9725e4f3.jpg,not_cilantro,openverse:flickr,https://live.staticflickr.com/65535/52281339341_7543a4196b_b.jpg,https://www.flickr.com/photos/7633518@N08/52281339341,sarahstierch,cc-by 2.0
not_cilantro/openverse_2e8ea7d2-43a5-4e01-9f72-04453962a606.jpg,not_cilantro,openverse:flickr,https://live.staticflickr.com/3549/3773116278_49efc52e58_b.jpg,https://www.flickr.com/photos/84335369@N00/3773116278,trenttsd,cc-by 2.0
not_cilantro/openverse_8bf9667c-82a2-43e4-bc86-a23b60468882.jpg,not_cilantro,openverse:flickr,https://live.staticflickr.com/65535/52066287548_ebcd0cc4a7_b.jpg,https://www.flickr.com/photos/7633518@N08/52066287548,sarahstierch,cc-by 2.0
not_cilantro/openverse_688c1ed9-c0dd-4ac2-a47a-fc1e530fc2fc.jpg,not_cilantro,openverse:flickr,https://live.staticflickr.com/65535/52066505884_bf3e77fd0b_b.jpg,https://www.flickr.com/photos/7633518@N08/52066505884,sarahstierch,cc-by 2.0
not_cilantro/openverse_a47077ec-a21b-473c-a3a3-426e01ec94ef.jpg,not_cilantro,openverse:flickr,https://live.staticflickr.com/65535/52419405776_ccb06c37c9_b.jpg,https://www.flickr.com/photos/7633518@N08/52419405776,sarahstierch,cc-by 2.0
not_cilantro/openverse_f5a756d3-6f24-4108-8763-033e985fe525.jpg,not_cilantro,openverse:flickr,https://live.staticflickr.com/7003/6798053429_a33f731fe0.jpg,https://www.flickr.com/photos/33731571@N07/6798053429,AngryJulieMonday,cc-by 2.0
not_cilantro/openverse_929fa2ba-467c-4686-8d8e-9c393969056a.jpg,not_cilantro,openverse:flickr,https://live.staticflickr.com/65535/52533088014_13100616ee_b.jpg,https://www.flickr.com/photos/7633518@N08/52533088014,sarahstierch,cc-by 2.0
not_cilantro/openverse_1cee36da-0d50-4eed-8063-649f8010cd5e.jpg,not_cilantro,openverse:flickr,https://live.staticflickr.com/65535/52069955485_d901cb207e_b.jpg,https://www.flickr.com/photos/7633518@N08/52069955485,sarahstierch,cc-by 2.0
not_cilantro/openverse_7f4af024-6215-45b3-9d27-84258ad33b76.jpg,not_cilantro,openverse:flickr,https://live.staticflickr.com/65535/52446315198_b5f2150141_b.jpg,https://www.flickr.com/photos/7633518@N08/52446315198,sarahstierch,cc-by 2.0
not_cilantro/openverse_64977d19-63a5-4887-81c0-361c0c7db45a.jpg,not_cilantro,openverse:flickr,https://live.staticflickr.com/65535/51547089643_7c0558814a_b.jpg,https://www.flickr.com/photos/7633518@N08/51547089643,sarahstierch,cc-by 2.0
not_cilantro/openverse_4f688e30-c3f5-434b-b44f-99f9ab67870e.jpg,not_cilantro,openverse:flickr,https://live.staticflickr.com/65535/52388363896_b8bc9911cc_b.jpg,https://www.flickr.com/photos/7633518@N08/52388363896,sarahstierch,cc-by 2.0
not_cilantro/openverse_7971c736-5900-4fc6-a2b4-2a4b9b1edcd9.jpg,not_cilantro,openverse:flickr,https://live.staticflickr.com/65535/52331822806_b8157997de_b.jpg,https://www.flickr.com/photos/7633518@N08/52331822806,sarahstierch,cc-by 2.0
not_cilantro/openverse_423a9705-d2d9-44a5-9da0-5663465bb6fb.jpg,not_cilantro,openverse:flickr,https://live.staticflickr.com/5058/5400118371_1a4b8fd9e8.jpg,https://www.flickr.com/photos/58915463@N05/5400118371,JUL7777,cc-by-sa 2.0
not_cilantro/openverse_ff7e49bd-3be1-4c47-9bce-53cf59f8d1a8.jpg,not_cilantro,openverse:flickr,https://live.staticflickr.com/5478/9667707761_19fd8239a4.jpg,https://www.flickr.com/photos/54191799@N00/9667707761,The Pageman,cc-by-sa 2.0
not_cilantro/openverse_a45449a4-953f-4ed9-a146-f7665b0749f9.jpg,not_cilantro,openverse:flickr,https://live.staticflickr.com/2656/3932651421_76ed47bcca_b.jpg,https://www.flickr.com/photos/31925990@N00/3932651421,donielle,cc-by-sa 2.0
not_cilantro/openverse_442bfa6a-3072-4567-b925-5bae41c631cf.jpg,not_cilantro,openverse:flickr,https://live.staticflickr.com/4734/25094647608_f0ffde0eb3_b.jpg,https://www.flickr.com/photos/25977089@N00/25094647608,goblinbox_(queen_of_ad_hoc_bento),cc-by 2.0
not_cilantro/openverse_dc6215a5-05aa-4789-ab03-eb9572e2aff1.jpg,not_cilantro,openverse:flickr,https://live.staticflickr.com/5329/9088897565_47a1d9f4db.jpg,https://www.flickr.com/photos/54191799@N00/9088897565,The Pageman,cc-by-sa 2.0
not_cilantro/openverse_7270fef8-6214-4a1c-9e62-b9dffb17d940.jpg,not_cilantro,openverse:flickr,https://live.staticflickr.com/8681/28981778545_67715f8d1e_b.jpg,https://www.flickr.com/photos/142840472@N04/28981778545,DelishPlan,cc-by 2.0
not_cilantro/openverse_272c7a8e-55f9-4fd4-8c07-2b1027d4a444.jpg,not_cilantro,openverse:flickr,https://live.staticflickr.com/7184/26993637551_a23dbe6be1_b.jpg,https://www.flickr.com/photos/33744716@N03/26993637551,aaron.spraggins,cc-by-sa 2.0
not_cilantro/openverse_773debec-0bb1-4a5a-af52-f7972d04645b.jpg,not_cilantro,openverse:flickr,https://live.staticflickr.com/65535/52308413307_8c895f6696_b.jpg,https://www.flickr.com/photos/7633518@N08/52308413307,sarahstierch,cc-by 2.0
not_cilantro/openverse_093e6cdc-4a81-4550-83bf-f2ef5d29fce2.jpg,not_cilantro,openverse:flickr,https://live.staticflickr.com/3209/2427521022_f928e1237d_b.jpg,https://www.flickr.com/photos/10559879@N00/2427521022,avlxyz,cc-by-sa 2.0
not_cilantro/openverse_ba5ed78d-1a68-4640-8bfa-48c7e1dc0824.jpg,not_cilantro,openverse:flickr,https://live.staticflickr.com/6047/6375008273_0983b427d2_b.jpg,https://www.flickr.com/photos/65402716@N07/6375008273,Apojove,cc-by-sa 2.0
not_cilantro/openverse_8ee1f700-c9dd-471f-8f4c-b1e8188bfa91.jpg,not_cilantro,openverse:flickr,https://live.staticflickr.com/71/197002531_4cbe44b69b.jpg,https://www.flickr.com/photos/10559879@N00/197002531,avlxyz,cc-by-sa 2.0
not_cilantro/openverse_ec8399ca-b2a6-4936-89c5-9b31e7b69113.jpg,not_cilantro,openverse:flickr,https://live.staticflickr.com/3279/3024810760_aefafa2911_b.jpg,https://www.flickr.com/photos/10559879@N00/3024810760,avlxyz,cc-by-sa 2.0
not_cilantro/openverse_b432e0e3-7724-462f-b7fd-f97c37c316b6.jpg,not_cilantro,openverse:flickr,https://live.staticflickr.com/4068/4213387651_4bf5777ca2_b.jpg,https://www.flickr.com/photos/10559879@N00/4213387651,avlxyz,cc-by-sa 2.0
not_cilantro/openverse_d83624eb-37cb-4f04-b5b1-d785e5d13087.jpg,not_cilantro,openverse:flickr,https://live.staticflickr.com/6118/6375016311_8deed3ed07_b.jpg,https://www.flickr.com/photos/65402716@N07/6375016311,Apojove,cc-by-sa 2.0
not_cilantro/openverse_fb48defb-5a7a-44f6-9d10-12d18035ee0a.jpg,not_cilantro,openverse:flickr,https://live.staticflickr.com/4127/5174462961_20e4216314_b.jpg,https://www.flickr.com/photos/97304820@N00/5174462961,Dushan and Miae,cc-by-sa 2.0
not_cilantro/openverse_a839e1df-954e-4f6e-869e-a89bf665ee4a.jpg,not_cilantro,openverse:flickr,https://live.staticflickr.com/3677/9648065501_66e4e2ef59_b.jpg,https://www.flickr.com/photos/8489692@N03/9648065501,katerha,cc-by 2.0
not_cilantro/openverse_bc237f0d-f396-47e3-8442-813675a11c6a.jpg,not_cilantro,openverse:flickr,https://live.staticflickr.com/6219/6375018155_d3125be7f8_b.jpg,https://www.flickr.com/photos/65402716@N07/6375018155,Apojove,cc-by-sa 2.0
not_cilantro/openverse_aa339541-5a25-480c-b652-51e6a6f8840c.jpg,not_cilantro,openverse:flickr,https://live.staticflickr.com/8095/8446999415_b8e51b73a3_b.jpg,https://www.flickr.com/photos/46635911@N00/8446999415,jonolist,cc-by-sa 2.0
not_cilantro/openverse_0b4693d8-c69d-47d4-9285-7075d91afb75.jpg,not_cilantro,openverse:flickr,https://live.staticflickr.com/8016/7480659018_8917f3f1b3_b.jpg,https://www.flickr.com/photos/80951300@N02/7480659018,MinuteDreamer,cc-by-sa 2.0
not_cilantro/openverse_f5c95660-9dc2-43e9-b981-795aa25ef207.jpg,not_cilantro,openverse:flickr,https://live.staticflickr.com/176/368412857_c360f785ec_b.jpg,https://www.flickr.com/photos/80264890@N00/368412857,McPig,cc-by 2.0
not_cilantro/openverse_54e537a4-d892-4737-abcc-ea332b8d8cea.jpg,not_cilantro,openverse:flickr,https://live.staticflickr.com/4101/4886102998_02a4a9ef72_b.jpg,https://www.flickr.com/photos/25977089@N00/4886102998,goblinbox_(queen_of_ad_hoc_bento),cc-by 2.0
not_cilantro/openverse_4fab75d4-aa0a-41c1-8883-09f855affc10.jpg,not_cilantro,openverse:flickr,https://live.staticflickr.com/4138/4787543880_d7bf1f7a05_b.jpg,https://www.flickr.com/photos/7927684@N03/4787543880,jeffreyw,cc-by 2.0
not_cilantro/openverse_27dbf977-24a1-43d0-80f5-743de2fdaaba.jpg,not_cilantro,openverse:flickr,https://live.staticflickr.com/6201/6052540935_b1f40f9dca_b.jpg,https://www.flickr.com/photos/7927684@N03/6052540935,jeffreyw,cc-by 2.0
not_cilantro/openverse_66a23f9a-480e-4431-a860-7fd3b72c19bb.jpg,not_cilantro,openverse:flickr,https://live.staticflickr.com/2107/2279581002_772d52d9fa_b.jpg,https://www.flickr.com/photos/10559879@N00/2279581002,avlxyz,cc-by-sa 2.0
not_cilantro/openverse_55cd7d88-6ed5-4054-ab1b-4bcbe7641088.jpg,not_cilantro,openverse:flickr,https://live.staticflickr.com/3036/2785195253_556e9d57be_b.jpg,https://www.flickr.com/photos/29664345@N08/2785195253,I Love Egg,cc-by 2.0
not_cilantro/openverse_d76960ad-a965-4a2f-9eba-81080077cdb2.jpg,not_cilantro,openverse:flickr,https://live.staticflickr.com/2260/2426705003_1f76e9f6e9_b.jpg,https://www.flickr.com/photos/10559879@N00/2426705003,avlxyz,cc-by-sa 2.0
not_cilantro/openverse_fac1ef85-4a83-46ca-be35-5cd10c8c4bfe.jpg,not_cilantro,openverse:flickr,https://live.staticflickr.com/2934/14594537944_70146d6ec1_b.jpg,https://www.flickr.com/photos/100144693@N08/14594537944,keroyama,cc-by 2.0
not_cilantro/openverse_ec5dd60f-e596-4209-9ef7-a5e3a0035189.jpg,not_cilantro,openverse:flickr,https://live.staticflickr.com/2135/2649810692_cb1820a19a_b.jpg,https://www.flickr.com/photos/10559879@N00/2649810692,avlxyz,cc-by-sa 2.0
not_cilantro/openverse_d9e239fb-1a4a-4133-9cef-fafa6b7b7fc7.jpg,not_cilantro,openverse:flickr,https://live.staticflickr.com/3403/4628161813_19dd83e693_b.jpg,https://www.flickr.com/photos/73344268@N00/4628161813,junyaogura,cc-by 2.0
not_cilantro/openverse_fb700b58-1a38-43d7-9647-f4d385d2a3bf.jpg,not_cilantro,openverse:flickr,https://live.staticflickr.com/3665/13863703313_d963a0f3f7_b.jpg,https://www.flickr.com/photos/16556549@N00/13863703313,jng104,cc-by 2.0
not_cilantro/openverse_e662599b-2557-475f-833b-1933dba483cf.jpg,not_cilantro,openverse:flickr,https://live.staticflickr.com/8197/8215943215_c7a2c3e339_b.jpg,https://www.flickr.com/photos/12173213@N00/8215943215,matsuyuki,cc-by-sa 2.0
not_cilantro/openverse_b12669b9-1be0-4c72-a7cb-5930b3251f1e.jpg,not_cilantro,openverse:flickr,https://live.staticflickr.com/8487/8215943627_dea557172c_b.jpg,https://www.flickr.com/photos/12173213@N00/8215943627,matsuyuki,cc-by-sa 2.0
not_cilantro/openverse_945b2642-1541-4976-b6f4-468176bac97b.jpg,not_cilantro,openverse:flickr,https://live.staticflickr.com/1388/5105767239_1dc8af7fa7_b.jpg,https://www.flickr.com/photos/10559879@N00/5105767239,avlxyz,cc-by-sa 2.0
not_cilantro/openverse_358ff294-57af-46a4-9499-2aa28d9243b5.jpg,not_cilantro,openverse:flickr,https://live.staticflickr.com/209/512069558_17997ac3f3_b.jpg,https://www.flickr.com/photos/10559879@N00/512069558,avlxyz,cc-by-sa 2.0
not_cilantro/openverse_53d46b7e-d689-4d86-8030-f72a8fba9f0e.jpg,not_cilantro,openverse:flickr,https://live.staticflickr.com/1150/952313038_4b816cd7a4_b.jpg,https://www.flickr.com/photos/10128904@N03/952313038,kantokuruza,cc-by-sa 2.0
not_cilantro/openverse_61b103fb-7344-45e5-a84e-589190e6fc33.jpg,not_cilantro,openverse:flickr,https://live.staticflickr.com/3027/3024811224_44373f7091_b.jpg,https://www.flickr.com/photos/10559879@N00/3024811224,avlxyz,cc-by-sa 2.0
not_cilantro/openverse_4f44a200-e0c4-42e4-91ff-e6f6d6cd0fec.jpg,not_cilantro,openverse:flickr,https://live.staticflickr.com/3106/3217609888_189d9a323e_b.jpg,https://www.flickr.com/photos/14179298@N00/3217609888,JCHaywire,cc-by-sa 2.0
not_cilantro/openverse_8af3248c-95fd-48ba-9275-1c8c2f824ee7.jpg,not_cilantro,openverse:flickr,https://live.staticflickr.com/5558/14759009377_40187de627_b.jpg,https://www.flickr.com/photos/36521954194@N01/14759009377,[cipher],cc-by-sa 2.0
not_cilantro/openverse_1495038d-79cf-4e3f-ab64-1b2efc2e9715.jpg,not_cilantro,openverse:flickr,https://live.staticflickr.com/3162/2836286032_8b715debe8_b.jpg,https://www.flickr.com/photos/26226522@N08/2836286032,[puamelia],cc-by-sa 2.0
not_cilantro/openverse_a1459929-8146-42cf-80fe-b942ceb3a577.jpg,not_cilantro,openverse:flickr,https://live.staticflickr.com/5042/5378226471_876ed4e706_b.jpg,https://www.flickr.com/photos/7927684@N03/5378226471,jeffreyw,cc-by 2.0
not_cilantro/openverse_91defa2d-24b7-444d-9291-6623b6e34436.jpg,not_cilantro,openverse:flickr,https://live.staticflickr.com/2733/4041240899_58e9f903d6_b.jpg,https://www.flickr.com/photos/43572617@N05/4041240899,xxHxx,cc-by 2.0
not_cilantro/openverse_b0dfd785-bf6b-491d-bda6-9928b66a1f32.jpg,not_cilantro,openverse:flickr,https://live.staticflickr.com/3727/12440804494_9cd78b3766_b.jpg,https://www.flickr.com/photos/44312356@N04/12440804494,Instant Vantage,cc-by-sa 2.0
not_cilantro/openverse_0e46a40d-0ef9-4eee-9906-d397719c032f.jpg,not_cilantro,openverse:flickr,https://live.staticflickr.com/3663/3548097403_b2366fc860_b.jpg,https://www.flickr.com/photos/10559879@N00/3548097403,avlxyz,cc-by-sa 2.0
not_cilantro/openverse_dd66840f-8a3e-4f4a-9553-b12c5d2962b5.jpg,not_cilantro,openverse:flickr,https://live.staticflickr.com/7637/16653156830_909d19171b_b.jpg,https://www.flickr.com/photos/89060048@N03/16653156830,City Foodsters,cc-by 2.0
not_cilantro/openverse_db0798fb-362e-417b-b6b3-41168e00609c.jpg,not_cilantro,openverse:flickr,https://live.staticflickr.com/64/166432562_3353335ae6_b.jpg,https://www.flickr.com/photos/20448026@N00/166432562,Zanpei,cc-by 2.0
not_cilantro/openverse_4bd858d3-98a7-4f55-ab9e-8d036503b026.jpg,not_cilantro,openverse:flickr,https://live.staticflickr.com/3168/3024808248_8db93805fe_b.jpg,https://www.flickr.com/photos/10559879@N00/3024808248,avlxyz,cc-by-sa 2.0
not_cilantro/openverse_8230748d-7aaa-4d99-b790-007d5d9401dd.jpg,not_cilantro,openverse:flickr,https://live.staticflickr.com/1220/5106361202_f518a411f7_b.jpg,https://www.flickr.com/photos/10559879@N00/5106361202,avlxyz,cc-by-sa 2.0
not_cilantro/openverse_87580c5b-2342-4414-934f-1702e56993c0.jpg,not_cilantro,openverse:flickr,https://live.staticflickr.com/3070/3015153618_eceb5c9d40_b.jpg,https://www.flickr.com/photos/10559879@N00/3015153618,avlxyz,cc-by-sa 2.0
not_cilantro/openverse_21175db1-87fe-4dbc-9202-6aa4f79eb3d4.jpg,not_cilantro,openverse:flickr,https://live.staticflickr.com/4138/4889656313_3728374808_b.jpg,https://www.flickr.com/photos/10559879@N00/4889656313,avlxyz,cc-by-sa 2.0
not_cilantro/openverse_24028243-daac-4cb3-9dcb-ff0d326d5898.jpg,not_cilantro,openverse:flickr,https://live.staticflickr.com/1151/5105767287_31b8c17b6a_b.jpg,https://www.flickr.com/photos/10559879@N00/5105767287,avlxyz,cc-by-sa 2.0
not_cilantro/openverse_b0bb84ac-8d9e-49ec-a220-a18f3c2e9e93.jpg,not_cilantro,openverse:flickr,https://live.staticflickr.com/2905/14169119300_e33a4e13e7_b.jpg,https://www.flickr.com/photos/68532869@N08/14169119300,Japanexperterna.se,cc-by-sa 2.0
not_cilantro/openverse_9a67407c-a489-4619-817c-78a1bcec6bac.jpg,not_cilantro,openverse:flickr,https://live.staticflickr.com/3233/3023983895_cae869eb87_b.jpg,https://www.flickr.com/photos/10559879@N00/3023983895,avlxyz,cc-by-sa 2.0
not_cilantro/openverse_63f25074-9390-4676-b680-4190d0d6f4bc.jpg,not_cilantro,openverse:flickr,https://live.staticflickr.com/2354/3537236110_baf4455915_b.jpg,https://www.flickr.com/photos/33562248@N00/3537236110,Metaphox,cc-by 2.0
not_cilantro/openverse_23851d9c-3759-4413-ba00-fc196b56eb26.jpg,not_cilantro,openverse:flickr,https://live.staticflickr.com/8426/7647964640_e25ea1f86f_b.jpg,https://www.flickr.com/photos/82962172@N07/7647964640,thatwelike,cc-by 2.0
not_cilantro/openverse_7460a3b9-dcc8-48f5-a1c5-5ea8ebe34f01.jpg,not_cilantro,openverse:flickr,https://live.staticflickr.com/4026/4391449593_a0e7acfde4_b.jpg,https://www.flickr.com/photos/10559879@N00/4391449593,avlxyz,cc-by-sa 2.0
not_cilantro/openverse_bb3c07d8-11ab-4dbd-9b55-12893b36d7ba.jpg,not_cilantro,openverse:flickr,https://live.staticflickr.com/3783/14273381794_890b717a9d_b.jpg,https://www.flickr.com/photos/12505664@N00/14273381794,illustir,cc-by 2.0
not_cilantro/openverse_376ef82b-49e1-4760-a091-3452ce6a6610.jpg,not_cilantro,openverse:flickr,https://live.staticflickr.com/6114/6375012279_47ecaca81f_b.jpg,https://www.flickr.com/photos/65402716@N07/6375012279,Apojove,cc-by-sa 2.0
not_cilantro/openverse_a2c7e10b-ced8-49f3-8747-c2a255c782b0.jpg,not_cilantro,openverse:flickr,https://live.staticflickr.com/3059/2645992731_9517026f77_b.jpg,https://www.flickr.com/photos/8819274@N04/2645992731,Marufish,cc-by-sa 2.0
not_cilantro/openverse_f16acc82-3031-43db-a898-5ebf4293d06b.jpg,not_cilantro,openverse:flickr,https://live.staticflickr.com/3756/12440328565_dd5739415d_b.jpg,https://www.flickr.com/photos/44312356@N04/12440328565,Instant Vantage,cc-by-sa 2.0
not_cilantro/openverse_f40c5bf4-080e-4bdc-b8b6-d1524a24990a.jpg,not_cilantro,openverse:flickr,https://live.staticflickr.com/8437/7854134224_056f0b1ece_b.jpg,https://www.flickr.com/photos/46151146@N04/7854134224,Takashi(aes256),cc-by-sa 2.0
not_cilantro/openverse_3cf2f6d4-e386-4d1c-a09e-75d0591b56d2.jpg,not_cilantro,openverse:flickr,https://live.staticflickr.com/3683/12440464613_90626ca1e3_b.jpg,https://www.flickr.com/photos/44312356@N04/12440464613,Instant Vantage,cc-by-sa 2.0
not_cilantro/openverse_5caab16d-8176-4e0d-83d2-9a34953506b8.jpg,not_cilantro,openverse:flickr,https://live.staticflickr.com/4110/4984292198_53bd2fffa2_b.jpg,https://www.flickr.com/photos/7927684@N03/4984292198,jeffreyw,cc-by 2.0
not_cilantro/openverse_72f7d9ea-76ee-40f0-915a-600aad4f1adb.jpg,not_cilantro,openverse:flickr,https://live.staticflickr.com/3586/3474419959_0d64ba5986.jpg,https://www.flickr.com/photos/40164909@N00/3474419959,sbassi,cc-by 2.0
not_cilantro/openverse_48c55f49-43bd-4339-a7c4-21d65d82bd6e.jpg,not_cilantro,openverse:flickr,https://live.staticflickr.com/6014/5950345565_bc42eb1fc3_b.jpg,https://www.flickr.com/photos/7927684@N03/5950345565,jeffreyw,cc-by 2.0
not_cilantro/openverse_ae05b155-681b-4832-afa4-5019f34e78f2.jpg,not_cilantro,openverse:flickr,https://live.staticflickr.com/3162/3024055467_492620fb77_b.jpg,https://www.flickr.com/photos/36521954194@N01/3024055467,[cipher],cc-by-sa 2.0
not_cilantro/openverse_7791f044-fbe6-476e-9c48-e7a780d9c98d.jpg,not_cilantro,openverse:flickr,https://live.staticflickr.com/7295/9847484256_403aa7fded_b.jpg,https://www.flickr.com/photos/34948727@N00/9847484256,ultrakml,cc-by 2.0
not_cilantro/openverse_da503a5d-629f-46d4-b004-d6f51a0e570d.jpg,not_cilantro,openverse:flickr,https://live.staticflickr.com/3110/3126884841_e122840624_b.jpg,https://www.flickr.com/photos/10559879@N00/3126884841,avlxyz,cc-by-sa 2.0
not_cilantro/openverse_d146846a-3f5b-4f6a-9ba5-9b1f8ac7d990.jpg,not_cilantro,openverse:flickr,https://live.staticflickr.com/4096/4889656453_799e46c7dc_b.jpg,https://www.flickr.com/photos/10559879@N00/4889656453,avlxyz,cc-by-sa 2.0
not_cilantro/openverse_fd4a9425-f69e-4e95-952f-69ac243431b3.jpg,not_cilantro,openverse:flickr,https://live.staticflickr.com/4046/4342076816_2ae2a0f94d_b.jpg,https://www.flickr.com/photos/7927684@N03/4342076816,jeffreyw,cc-by 2.0
not_cilantro/openverse_e940e6fd-2afc-47a9-b5ed-0454f554dae4.jpg,not_cilantro,openverse:flickr,https://live.staticflickr.com/4131/5116044528_7df6b47fc9_b.jpg,https://www.flickr.com/photos/60044868@N00/5116044528,derobert,cc-by-sa 2.0
not_cilantro/openverse_7f8b1366-4a1c-40dd-8744-a7a21d9493f8.jpg,not_cilantro,openverse:flickr,https://live.staticflickr.com/5457/14040965556_ce7cf2fec1_b.jpg,https://www.flickr.com/photos/12173213@N00/14040965556,matsuyuki,cc-by-sa 2.0
not_cilantro/openverse_7314543d-9021-4c78-9bf1-d06f4ae4164a.jpg,not_cilantro,openverse:flickr,https://live.staticflickr.com/5024/5666351800_93e5d2ac89_b.jpg,https://www.flickr.com/photos/50379390@N04/5666351800,ZTurtleMan,cc-by-sa 2.0
not_cilantro/openverse_93085a5b-dfb9-40b7-990e-348ecd4bd073.jpg,not_cilantro,openverse:flickr,https://live.staticflickr.com/2900/14064528334_2d69f5af75_b.jpg,https://www.flickr.com/photos/12173213@N00/14064528334,matsuyuki,cc-by-sa 2.0
not_cilantro/openverse_9f17eeb1-611f-4940-b158-b8f09acc68ff.jpg,not_cilantro,openverse:flickr,https://live.staticflickr.com/30/51534512_0791a7430c.jpg,https://www.flickr.com/photos/92203585@N00/51534512,jetalone,cc-by 2.0
not_cilantro/openverse_cf6dccad-5326-4b65-bf84-210ff415f796.jpg,not_cilantro,openverse:flickr,https://live.staticflickr.com/5443/9169946371_97e7e883b2_b.jpg,https://www.flickr.com/photos/27345927@N07/9169946371,russellstreet,cc-by-sa 2.0
not_cilantro/openverse_2fcdfd79-0cec-4279-ac65-520255f4c5e9.jpg,not_cilantro,openverse:flickr,https://live.staticflickr.com/7032/6559894035_c23606c53c_b.jpg,https://www.flickr.com/photos/51797879@N00/6559894035,simsimt,cc-by-sa 2.0
not_cilantro/openverse_d1273090-6a45-4fe0-871c-6b031f0d611a.jpg,not_cilantro,openverse:flickr,https://live.staticflickr.com/27/52498996_6dd3c83701_b.jpg,https://www.flickr.com/photos/15495998@N00/52498996,willismonroe,cc-by-sa 2.0
not_cilantro/openverse_156077bb-1fc7-4ca8-94d2-b1ddee34dbae.jpg,not_cilantro,openverse:flickr,https://live.staticflickr.com/4033/4653085458_a849e8c091_b.jpg,https://www.flickr.com/photos/60167034@N00/4653085458,arvindgrover,cc-by-sa 2.0
not_cilantro/openverse_a314fb70-ecae-4b59-9d8d-fcd17b74769f.jpg,not_cilantro,openverse:flickr,https://live.staticflickr.com/4072/4642504525_387fb4b4ba_b.jpg,https://www.flickr.com/photos/10181902@N00/4642504525,rainydayknitter,cc-by-nd 2.0
not_cilantro/openverse_b7fcfe47-d393-4ece-879a-e1ad94d2f607.jpg,not_cilantro,openverse:flickr,https://live.staticflickr.com/2128/1767133031_8dc5b448cf_b.jpg,https://www.flickr.com/photos/92203585@N00/1767133031,jetalone,cc-by 2.0
not_cilantro/openverse_6f0af734-d330-4e6a-9214-71d00b9fa96b.jpg,not_cilantro,openverse:flickr,https://live.staticflickr.com/2051/2234740919_8066e0b1e8_b.jpg,https://www.flickr.com/photos/24363893@N00/2234740919,Arria Belli,cc-by-sa 2.0
not_cilantro/openverse_e1a38c66-db67-4a2b-8496-5a6d789fbb32.jpg,not_cilantro,openverse:flickr,https://live.staticflickr.com/125/387142241_6d4a83f7c8_b.jpg,https://www.flickr.com/photos/25597828@N00/387142241,wEnDaLicious,cc-by-nd 2.0
not_cilantro/openverse_3815961d-3a8c-4aaa-b528-3a995dc1c6b8.jpg,not_cilantro,openverse:flickr,https://live.staticflickr.com/54/178449500_1db4e1159b_b.jpg,https://www.flickr.com/photos/95268887@N00/178449500,Ozchin,cc-by-sa 2.0
not_cilantro/openverse_9a0bf0e7-6ced-412b-a2a0-ec7258132de8.jpg,not_cilantro,openverse:flickr,https://live.staticflickr.com/2569/4082293384_c8504ec899_b.jpg,https://www.flickr.com/photos/99842842@N00/4082293384,uıɐɾ ʞ ʇɐɯɐs,cc-by-sa 2.0
not_cilantro/openverse_c8fcc52d-e7d2-425d-ab31-02b39dc63c85.jpg,not_cilantro,openverse:flickr,https://live.staticflickr.com/3500/3205051549_206b3829c3_b.jpg,https://www.flickr.com/photos/8469739@N05/3205051549,rando111us,cc-by 2.0
not_cilantro/openverse_4e1f8996-dccd-48d2-82ba-f189738b413f.jpg,not_cilantro,openverse:flickr,https://live.staticflickr.com/7047/6815289282_65e844f128_b.jpg,https://www.flickr.com/photos/76758469@N00/6815289282,Yuya Tamai,cc-by 2.0
not_cilantro/openverse_39984d7c-9888-44cd-9bc3-a0b42b4ae329.jpg,not_cilantro,openverse:flickr,https://live.staticflickr.com/3790/12753147875_19e849cb77_b.jpg,https://www.flickr.com/photos/23765024@N05/12753147875,cobaltfish,cc-by-sa 2.0
not_cilantro/openverse_21018466-5672-4a1d-a0e6-055a30524231.jpg,not_cilantro,openverse:flickr,https://live.staticflickr.com/5149/5702116635_b840039aa7_b.jpg,https://www.flickr.com/photos/55466037@N06/5702116635,iamboskro,cc-by-nd 2.0
not_cilantro/openverse_7688b63c-a3fd-4bd0-8a88-3e7322b186f2.jpg,not_cilantro,openverse:flickr,https://live.staticflickr.com/1227/597174047_3eb1429c8b_b.jpg,https://www.flickr.com/photos/57231735@N00/597174047,callme_crochet,cc-by-nd 2.0
not_cilantro/openverse_8d989ea8-7ace-4a23-9045-fcbdb6b543a7.jpg,not_cilantro,openverse:flickr,https://live.staticflickr.com/2119/2145904568_c0cc8f628c_b.jpg,https://www.flickr.com/photos/10559879@N00/2145904568,avlxyz,cc-by-sa 2.0
not_cilantro/openverse_fcb5b5fc-03ae-4f2c-bfa4-5f750b9e5325.jpg,not_cilantro,openverse:flickr,https://live.staticflickr.com/2454/3927478472_a237b51b11_b.jpg,https://www.flickr.com/photos/52473526@N00/3927478472,hlkljgk,cc-by-sa 2.0
not_cilantro/openverse_c8743806-110f-4377-8825-1a69b6a6d311.jpg,not_cilantro,openverse:flickr,https://live.staticflickr.com/8326/8107500946_d50d2a3010.jpg,https://www.flickr.com/photos/33993074@N00/8107500946,joyosity,cc-by 2.0
not_cilantro/openverse_4c37bfcd-ced1-42d3-9a79-5c13d913e738.jpg,not_cilantro,openverse:flickr,https://live.staticflickr.com/2362/2150948508_952e86b81e_b.jpg,https://www.flickr.com/photos/62999165@N00/2150948508,Seth W.,cc-by-sa 2.0
not_cilantro/openverse_64bbadd9-ebca-4e49-b666-00fbf5a65370.jpg,not_cilantro,openverse:flickr,https://live.staticflickr.com/7261/7097211551_840dfc3ba7_b.jpg,https://www.flickr.com/photos/32426344@N00/7097211551,_gee_,cc-by 2.0
not_cilantro/openverse_099bacea-07be-41c1-b63b-2b10aaefaacb.jpg,not_cilantro,openverse:flickr,https://live.staticflickr.com/8381/8532949582_523713cfd1_b.jpg,https://www.flickr.com/photos/60417477@N00/8532949582,whologwhy,cc-by 2.0
not_cilantro/openverse_05e84604-12bc-4da0-be9f-b2a67e190369.jpg,not_cilantro,openverse:flickr,https://live.staticflickr.com/34/73618974_81d3810d98.jpg,https://www.flickr.com/photos/10559879@N00/73618974,avlxyz,cc-by-sa 2.0
not_cilantro/openverse_fff82256-79f8-4d4e-a46b-578a9fc96ca6.jpg,not_cilantro,openverse:flickr,https://live.staticflickr.com/248/459381964_4d7141d15f_b.jpg,https://www.flickr.com/photos/58862846@N00/459381964,Sebastian Mary,cc-by-sa 2.0
not_cilantro/openverse_874abb26-9a94-49b2-bd43-ffa870168b61.jpg,not_cilantro,openverse:flickr,https://live.staticflickr.com/3178/2558301590_d4be4fcf66_b.jpg,https://www.flickr.com/photos/97391918@N00/2558301590,heypatrick,cc-by 2.0
not_cilantro/openverse_3c9823a5-dd0a-43c8-9997-f9d0f3926e3e.jpg,not_cilantro,openverse:flickr,https://live.staticflickr.com/2015/2269983942_96804244fb_b.jpg,https://www.flickr.com/photos/69864026@N00/2269983942,Foodies,cc-by 2.0
not_cilantro/openverse_0dc5dc4a-9862-46ea-8837-f0a442db4fb1.jpg,not_cilantro,openverse:flickr,https://live.staticflickr.com/3374/3572925000_693b458fcb_b.jpg,https://www.flickr.com/photos/23909884@N07/3572925000,The Pizza Review,cc-by 2.0
not_cilantro/openverse_a83d68e9-865d-475a-a3c6-b70b1b0c3969.jpg,not_cilantro,openverse:flickr,https://live.staticflickr.com/8488/8175276708_a5b4ef6b49_b.jpg,https://www.flickr.com/photos/89953452@N08/8175276708,British Mum,cc-by 2.0
not_cilantro/openverse_1b48d28f-e227-4f1d-a181-fef22a4d9f38.jpg,not_cilantro,openverse:flickr,https://live.staticflickr.com/1121/696731986_a13e99ee01_b.jpg,https://www.flickr.com/photos/70591690@N00/696731986,ZeroOne,cc-by-sa 2.0
not_cilantro/openverse_602815dd-a0e2-4bcc-a525-033620820f3e.jpg,not_cilantro,openverse:flickr,https://live.staticflickr.com/3103/2426649282_6f3c715f24_b.jpg,https://www.flickr.com/photos/23909884@N07/2426649282,The Pizza Review,cc-by 2.0
not_cilantro/openverse_9491f041-000c-4fe2-bcbc-2703e94a37e3.jpg,not_cilantro,openverse:flickr,https://live.staticflickr.com/4115/4825089117_fede108957_b.jpg,https://www.flickr.com/photos/51930963@N02/4825089117,Calgary Reviews,cc-by 2.0
not_cilantro/openverse_6593d80a-8072-46eb-b389-a676991a5413.jpg,not_cilantro,openverse:flickr,https://live.staticflickr.com/3105/3694208549_ff35e1d93b_b.jpg,https://www.flickr.com/photos/29239089@N08/3694208549,gudmundur.bjarni,cc-by 2.0
not_cilantro/openverse_3f401490-9eb7-4456-8aac-4e0fba0df920.jpg,not_cilantro,openverse:flickr,https://live.staticflickr.com/7026/6513810755_b7f338e0ba_b.jpg,https://www.flickr.com/photos/97451431@N00/6513810755,Allerina & Glen MacLarty,cc-by 2.0
not_cilantro/openverse_81965d3a-fc64-4e65-9090-3835f2bf654b.jpg,not_cilantro,openverse:flickr,https://live.staticflickr.com/120/272253976_900e70addc.jpg,https://www.flickr.com/photos/39932276@N00/272253976,lynac,cc-by 2.0
not_cilantro/openverse_816f753d-a761-4e03-9aa3-b547ef8358fc.jpg,not_cilantro,openverse:flickr,https://live.staticflickr.com/8375/8437727141_eee03c2abb_b.jpg,https://www.flickr.com/photos/41267663@N00/8437727141,andreas hagerman,cc-by 2.0
not_cilantro/openverse_aa3faba6-945a-4c07-8e36-a16dc9d2fd37.jpg,not_cilantro,openverse:flickr,https://live.staticflickr.com/23/34059923_f9e860b608.jpg,https://www.flickr.com/photos/29282750@N00/34059923,Kanko*,cc-by 2.0
not_cilantro/openverse_0103614a-ae60-4cb2-b13f-3231d43ea331.jpg,not_cilantro,openverse:flickr,https://live.staticflickr.com/29/51534505_cd626772ad.jpg,https://www.flickr.com/photos/92203585@N00/51534505,jetalone,cc-by 2.0
not_cilantro/openverse_efb02705-4d92-42d4-a959-d9ee30ebd15c.jpg,not_cilantro,openverse:flickr,https://live.staticflickr.com/4040/4430436144_4c74b72811_b.jpg,https://www.flickr.com/photos/26170836@N05/4430436144,sk8geek,cc-by-sa 2.0
not_cilantro/openverse_0035c842-036c-4cb1-9ece-107662c46bdd.jpg,not_cilantro,openverse:flickr,https://live.staticflickr.com/2575/3924329219_476335caa6_b.jpg,https://www.flickr.com/photos/88995347@N00/3924329219,ironheadjane,cc-by-sa 2.0
not_cilantro/openverse_cc80ff63-2a67-4bc9-9369-a6fba1e1062d.jpg,not_cilantro,openverse:flickr,https://live.staticflickr.com/2582/4009554863_03bf18cbc7_b.jpg,https://www.flickr.com/photos/66843181@N00/4009554863,madprime,cc-by-sa 2.0
not_cilantro/openverse_a94829de-1639-437f-a9f8-ac38683ab636.jpg,not_cilantro,openverse:flickr,https://live.staticflickr.com/5256/5439407088_149a7c7f8b_b.jpg,https://www.flickr.com/photos/10974451@N05/5439407088,labormikro,cc-by-sa 2.0
not_cilantro/openverse_f9e33b23-9318-4ced-bc94-c3c40e005731.jpg,not_cilantro,openverse:flickr,https://live.staticflickr.com/1171/698849779_db2057bca8_b.jpg,https://www.flickr.com/photos/8104466@N08/698849779,javYliz,cc-by-sa 2.0
not_cilantro/openverse_40a87720-b2eb-4458-b49c-66443cfc1f66.jpg,not_cilantro,openverse:flickr,https://live.staticflickr.com/7205/14060918502_0051be5af6_b.jpg,https://www.flickr.com/photos/12173213@N00/14060918502,matsuyuki,cc-by-sa 2.0
not_cilantro/openverse_e35c668e-e88b-42d4-9cac-0e07211abde2.jpg,not_cilantro,openverse:flickr,https://live.staticflickr.com/4009/4312962590_99a3ba1e10_b.jpg,https://www.flickr.com/photos/99628798@N00/4312962590,jeffisageek,cc-by 2.0
not_cilantro/openverse_57b123ae-252a-4aa7-b2e1-89d953c8c48c.jpg,not_cilantro,openverse:flickr,https://live.staticflickr.com/5100/5458471879_33731183ea_b.jpg,https://www.flickr.com/photos/36623125@N02/5458471879,Armado,cc-by-sa 2.0
not_cilantro/openverse_bd529075-bf23-419a-b0b8-0517eff04726.jpg,not_cilantro,openverse:flickr,https://live.staticflickr.com/6015/6002153203_6c7c43b449_b.jpg,https://www.flickr.com/photos/24313804@N05/6002153203,Pierre Wolfer,cc-by-nd 2.0
not_cilantro/openverse_31ac83db-f8da-499e-a1fc-0d22b7409f93.jpg,not_cilantro,openverse:flickr,https://live.staticflickr.com/7325/14084127493_1cd820d79d_b.jpg,https://www.flickr.com/photos/12173213@N00/14084127493,matsuyuki,cc-by-sa 2.0
not_cilantro/openverse_0deccad5-9b4d-4d4c-b462-037ad987a1b4.jpg,not_cilantro,openverse:flickr,https://live.staticflickr.com/5101/5666351868_3155240145_b.jpg,https://www.flickr.com/photos/50379390@N04/5666351868,ZTurtleMan,cc-by-sa 2.0
not_cilantro/openverse_6b4e7c23-b9d6-4ef6-9c8b-a2c74823f4f3.jpg,not_cilantro,openverse:flickr,https://live.staticflickr.com/3349/3415344838_4cdb834746_b.jpg,https://www.flickr.com/photos/27418987@N03/3415344838,Sheep purple,cc-by 2.0
not_cilantro/openverse_7c17980c-dcea-4930-8772-b4320b25e639.jpg,not_cilantro,openverse:flickr,https://live.staticflickr.com/7358/14040979026_8c29a63af2_b.jpg,https://www.flickr.com/photos/12173213@N00/14040979026,matsuyuki,cc-by-sa 2.0
not_cilantro/openverse_cd739704-979b-4b71-9aa4-926ec585fac7.jpg,not_cilantro,openverse:flickr,https://live.staticflickr.com/514/19803771642_cb7152ba4e_b.jpg,https://www.flickr.com/photos/86665756@N00/19803771642,Studio Sarah Lou,cc-by 2.0
not_cilantro/openverse_59af8ad7-67e6-4447-a8f2-cc709eaaecad.jpg,not_cilantro,openverse:flickr,https://live.staticflickr.com/1088/1415492210_984ff2d82d_b.jpg,https://www.flickr.com/photos/23597588@N00/1415492210,Navin75,cc-by-sa 2.0
not_cilantro/openverse_ab93e454-dfb4-47f8-8791-2e733c37eb2d.jpg,not_cilantro,openverse:flickr,https://live.staticflickr.com/3518/3706297477_6f1b1be551_b.jpg,https://www.flickr.com/photos/78011127@N00/3706297477,ginnerobot,cc-by-sa 2.0
not_cilantro/openverse_36aab530-62cb-4638-89f4-1648e31af572.jpg,not_cilantro,openverse:flickr,https://live.staticflickr.com/8769/18092872879_7b093039ed_b.jpg,https://www.flickr.com/photos/123529748@N03/18092872879,Cole Kennedy,cc-pdm 1.0
not_cilantro/openverse_bbc8f82d-47aa-439e-a50a-5bfa2adf4244.jpg,not_cilantro,openverse:flickr,https://live.staticflickr.com/8428/7566391978_011cb820d5_b.jpg,https://www.flickr.com/photos/24532534@N02/7566391978,moonlightbulb,cc-by 2.0
not_cilantro/openverse_e1bb5a73-376e-4619-b7d3-3b9d930e7ee4.jpg,not_cilantro,openverse:flickr,https://live.staticflickr.com/2367/2121536293_6f2742c270_b.jpg,https://www.flickr.com/photos/10559879@N00/2121536293,avlxyz,cc-by-sa 2.0
not_cilantro/openverse_accdea6c-0e32-496e-8635-6bef9140da46.jpg,not_cilantro,openverse:flickr,https://live.staticflickr.com/197/521426140_231ee96469_b.jpg,https://www.flickr.com/photos/10559879@N00/521426140,avlxyz,cc-by-sa 2.0
not_cilantro/openverse_f1654e87-48ca-485f-84e6-8438d5bb16bb.jpg,not_cilantro,openverse:flickr,https://live.staticflickr.com/6209/6063498585_33b78332cc_b.jpg,https://www.flickr.com/photos/8174757@N02/6063498585,emmadiscovery,cc-by 2.0
not_cilantro/openverse_12ac5222-823a-4003-a342-e28616b6995d.jpg,not_cilantro,openverse:flickr,https://live.staticflickr.com/2658/4154866746_68aa8885ab_b.jpg,https://www.flickr.com/photos/76877398@N00/4154866746,Ross Catrow,cc-by-sa 2.0
not_cilantro/openverse_731ef3bf-c9e3-4417-8676-2c79de7334d1.jpg,not_cilantro,openverse:flickr,https://live.staticflickr.com/132/322094001_e14807203e.jpg,https://www.flickr.com/photos/10559879@N00/322094001,avlxyz,cc-by-sa 2.0
not_cilantro/openverse_18de7e26-60df-42b0-a93b-3784cd4a3dfa.jpg,not_cilantro,openverse:flickr,https://live.staticflickr.com/4145/5058084454_c5a6bcef0f_b.jpg,https://www.flickr.com/photos/7927684@N03/5058084454,jeffreyw,cc-by 2.0
not_cilantro/openverse_772b6280-4fa5-493a-8ffc-2d73418039d6.jpg,not_cilantro,openverse:flickr,https://live.staticflickr.com/3379/3631757021_73347edf60_b.jpg,https://www.flickr.com/photos/10559879@N00/3631757021,avlxyz,cc-by-sa 2.0
not_cilantro/openverse_db9492b4-96b8-4e6b-bf65-a5508c08983e.jpg,not_cilantro,openverse:flickr,https://live.staticflickr.com/2262/2469888555_85441df910_b.jpg,https://www.flickr.com/photos/98983159@N00/2469888555,Lachlan Hardy,cc-by 2.0
not_cilantro/openverse_ce1544cb-bc26-476b-913a-c0b6b0c5231b.jpg,not_cilantro,openverse:flickr,https://live.staticflickr.com/5529/11579080605_7fa94d93c8_b.jpg,https://www.flickr.com/photos/37996646802@N01/11579080605,cogdogblog,cc-by 2.0
not_cilantro/openverse_2426245c-2e1a-4e06-914f-f8e5a87f8f6e.jpg,not_cilantro,openverse:flickr,https://live.staticflickr.com/3571/3455802448_2df4dd77ff_b.jpg,https://www.flickr.com/photos/10559879@N00/3455802448,avlxyz,cc-by-sa 2.0
not_cilantro/openverse_e65effce-b889-4027-a5e7-762166fb3920.jpg,not_cilantro,openverse:flickr,https://live.staticflickr.com/2785/4472163034_84cb520232_b.jpg,https://www.flickr.com/photos/49503168860@N01/4472163034,bark,cc-by 2.0
not_cilantro/openverse_99ddd7fc-5500-431c-a107-99e83ad08b16.jpg,not_cilantro,openverse:flickr,https://live.staticflickr.com/2127/2738769544_96f7c67d84_b.jpg,https://www.flickr.com/photos/10559879@N00/2738769544,avlxyz,cc-by-sa 2.0
not_cilantro/openverse_ef820be3-e38a-4e24-9d07-190b5f59065b.jpg,not_cilantro,openverse:flickr,https://live.staticflickr.com/6218/6337303438_e4b80db292_b.jpg,https://www.flickr.com/photos/12836528@N00/6337303438,kevin dooley,cc-by 2.0
not_cilantro/openverse_33a4bed8-c6c2-433a-99b6-21c464e4ae6a.jpg,not_cilantro,openverse:flickr,https://live.staticflickr.com/8186/8414696386_0a4759e285_b.jpg,https://www.flickr.com/photos/69668444@N03/8414696386,Migle Seikyte,cc-by-sa 2.0
not_cilantro/openverse_65f2d710-1839-4dfe-be2d-3238be41a1a2.jpg,not_cilantro,openverse:flickr,https://live.staticflickr.com/67/192302790_415d959629_b.jpg,https://www.flickr.com/photos/35034346243@N01/192302790,stu_spivack,cc-by-sa 2.0
not_cilantro/openverse_bcb226a2-c682-4bfa-b8c4-4d3d6ad0dce0.jpg,not_cilantro,openverse:flickr,https://live.staticflickr.com/106/313561882_5830e604fe_b.jpg,https://www.flickr.com/photos/35034346243@N01/313561882,stu_spivack,cc-by-sa 2.0
not_cilantro/openverse_d30e3eb2-1c9f-46ae-848c-9b9d37dbd54e.jpg,not_cilantro,openverse:flickr,https://live.staticflickr.com/1376/894126031_59530cb62a_b.jpg,https://www.flickr.com/photos/10559879@N00/894126031,avlxyz,cc-by-sa 2.0
not_cilantro/openverse_ed5bc4ce-d2e6-40b3-9daf-d7d53d0b76a7.jpg,not_cilantro,openverse:flickr,https://live.staticflickr.com/2046/2462987456_c9d17a5539_b.jpg,https://www.flickr.com/photos/10559879@N00/2462987456,avlxyz,cc-by-sa 2.0
not_cilantro/openverse_a1fea79b-97aa-4bea-aac4-6845922990fd.jpg,not_cilantro,openverse:flickr,https://live.staticflickr.com/1036/885678212_38ec1ac91b_b.jpg,https://www.flickr.com/photos/10559879@N00/885678212,avlxyz,cc-by-sa 2.0
not_cilantro/openverse_1885b021-fb9a-417e-ab10-fdaa26c63df2.jpg,not_cilantro,openverse:flickr,https://live.staticflickr.com/1/2670418_cae9febceb_b.jpg,https://www.flickr.com/photos/71217725@N00/2670418,scubadive67,cc-by 2.0
not_cilantro/openverse_bdf473be-54eb-4ae8-b9e5-46f46022c45e.jpg,not_cilantro,openverse:flickr,https://live.staticflickr.com/2715/4219460324_159591cebb_b.jpg,https://www.flickr.com/photos/13194817@N00/4219460324,krossbow,cc-by 2.0
not_cilantro/openverse_e8b2469b-1a3e-45b0-8dfc-a451d086d450.jpg,not_cilantro,openverse:flickr,https://live.staticflickr.com/2269/2122160738_053b3a2ec3_b.jpg,https://www.flickr.com/photos/10559879@N00/2122160738,avlxyz,cc-by-sa 2.0
not_cilantro/openverse_90cfe96d-3a5b-4214-9114-037c37ba64c1.jpg,not_cilantro,openverse:flickr,https://live.staticflickr.com/213/521460259_3017c83773_b.jpg,https://www.flickr.com/photos/10559879@N00/521460259,avlxyz,cc-by-sa 2.0
not_cilantro/openverse_31cebc85-de54-45ad-9159-e57a29889a4f.jpg,not_cilantro,openverse:flickr,https://live.staticflickr.com/6041/6266613370_6ecbf8952b.jpg,https://www.flickr.com/photos/45782447@N02/6266613370,Tetra Pak,cc-by-sa 2.0
not_cilantro/openverse_db8e6233-73ad-4a7c-bc71-53b37da6e725.jpg,not_cilantro,openverse:flickr,https://live.staticflickr.com/1061/649376068_a1a1851879_b.jpg,https://www.flickr.com/photos/10559879@N00/649376068,avlxyz,cc-by-sa 2.0
not_cilantro/openverse_d17cf690-3d04-47e9-8298-40497924b7c7.jpg,not_cilantro,openverse:flickr,https://live.staticflickr.com/8199/8192557780_839528230c_b.jpg,https://www.flickr.com/photos/13793341@N03/8192557780,yourhomebasedmom,cc-by 2.0
not_cilantro/openverse_b73ebd87-4b26-430b-9a54-d34cc15b9e95.jpg,not_cilantro,openverse:flickr,https://live.staticflickr.com/3026/2931500571_a4cf318c02_b.jpg,https://www.flickr.com/photos/26226522@N08/2931500571,[puamelia],cc-by-sa 2.0
not_cilantro/openverse_460833cc-ef24-46a4-ae3f-24b5569503c8.jpg,not_cilantro,openverse:flickr,https://live.staticflickr.com/4001/4687454915_8c959aa3c6_b.jpg,https://www.flickr.com/photos/10559879@N00/4687454915,avlxyz,cc-by-sa 2.0
not_cilantro/openverse_516bedaa-7d7e-484c-8e39-1d9fb65c3fe0.jpg,not_cilantro,openverse:flickr,https://live.staticflickr.com/2264/2123163591_13cb07f38d_b.jpg,https://www.flickr.com/photos/10559879@N00/2123163591,avlxyz,cc-by-sa 2.0
not_cilantro/openverse_c264c0a3-3263-46a0-a15e-7321f5a24bf3.jpg,not_cilantro,openverse:flickr,https://live.staticflickr.com/3434/4000462958_87363e8eb9_b.jpg,https://www.flickr.com/photos/10559879@N00/4000462958,avlxyz,cc-by-sa 2.0
not_cilantro/openverse_da0b78b1-d952-4eda-9b85-2260d746fdf7.jpg,not_cilantro,openverse:flickr,https://live.staticflickr.com/2065/3544196772_c03ab73cdc_b.jpg,https://www.flickr.com/photos/10559879@N00/3544196772,avlxyz,cc-by-sa 2.0
not_cilantro/openverse_ca723e83-c5cd-43a6-b0c6-d81608c95866.jpg,not_cilantro,openverse:flickr,https://live.staticflickr.com/3009/3069395252_67dc09ee1d_b.jpg,https://www.flickr.com/photos/10559879@N00/3069395252,avlxyz,cc-by-sa 2.0
not_cilantro/openverse_03ab70ef-8997-4a92-bd3b-28fa29a86094.jpg,not_cilantro,openverse:flickr,https://live.staticflickr.com/4064/4363811072_46b10e7227_b.jpg,https://www.flickr.com/photos/14738242@N00/4363811072,Jonas B,cc-by 2.0
not_cilantro/openverse_1c372e9f-e096-44db-8bfd-9ce44500ed34.jpg,not_cilantro,openverse:flickr,https://live.staticflickr.com/8348/8200593342_c19435728c_b.jpg,https://www.flickr.com/photos/48973657@N00/8200593342,See-ming Lee (SML),cc-by 2.0
not_cilantro/openverse_54b92fce-4163-483a-867b-1d09a6dfa83c.jpg,not_cilantro,openverse:flickr,https://live.staticflickr.com/3061/3012467562_ddeebef349_b.jpg,https://www.flickr.com/photos/10559879@N00/3012467562,avlxyz,cc-by-sa 2.0
not_cilantro/openverse_94a30b13-0322-4753-9798-06a2ed36a731.jpg,not_cilantro,openverse:flickr,https://live.staticflickr.com/138/353713533_461c1d89f0.jpg,https://www.flickr.com/photos/10559879@N00/353713533,avlxyz,cc-by-sa 2.0
not_cilantro/openverse_551e631c-5a70-464f-b61f-7f7f142ddbba.jpg,not_cilantro,openverse:flickr,https://live.staticflickr.com/8337/8191470721_14c018fd3f_b.jpg,https://www.flickr.com/photos/13793341@N03/8191470721,yourhomebasedmom,cc-by 2.0
not_cilantro/openverse_f799e6bd-94f4-4ded-8454-1b5c45a6ee0b.jpg,not_cilantro,openverse:flickr,https://live.staticflickr.com/2318/2238550149_18112793a3_b.jpg,https://www.flickr.com/photos/64401168@N00/2238550149,Average Jane,cc-by 2.0
not_cilantro/openverse_07713e15-6f1c-46ea-be5a-a9f61d8e82fe.jpg,not_cilantro,openverse:flickr,https://live.staticflickr.com/3944/15710019361_e05ddce8d2_b.jpg,https://www.flickr.com/photos/62558987@N07/15710019361,kurmanstaff,cc-by 2.0
not_cilantro/openverse_1e8814b6-c6aa-45ca-9ada-2be6534b8a65.jpg,not_cilantro,openverse:flickr,https://live.staticflickr.com/7021/6801857343_5c29e95c67_b.jpg,https://www.flickr.com/photos/21998487@N04/6801857343,Ron Dollete,cc-by-nd 2.0
not_cilantro/openverse_100e24a6-a010-434d-bed0-4d0a8ac8c8da.jpg,not_cilantro,openverse:flickr,https://live.staticflickr.com/4028/4418639650_03a0247496_b.jpg,https://www.flickr.com/photos/35034346243@N01/4418639650,stu_spivack,cc-by-sa 2.0
not_cilantro/openverse_2392b230-907f-4bb5-af77-95cc062954c6.jpg,not_cilantro,openverse:flickr,https://live.staticflickr.com/6142/5972339502_1c9c29ed96_b.jpg,https://www.flickr.com/photos/35034346243@N01/5972339502,stu_spivack,cc-by-sa 2.0
not_cilantro/openverse_f00f1ca8-e1cd-46dd-8779-9a0604611129.jpg,not_cilantro,openverse:flickr,https://live.staticflickr.com/3162/3079682439_351f008b11_b.jpg,https://www.flickr.com/photos/8286199@N08/3079682439,bobjudge,cc-by 2.0
not_cilantro/openverse_e5db72ff-4100-46de-adb5-020bec2aa505.jpg,not_cilantro,openverse:flickr,https://live.staticflickr.com/123/319266288_54a1594a39_b.jpg,https://www.flickr.com/photos/35034346243@N01/319266288,stu_spivack,cc-by-sa 2.0
not_cilantro/openverse_f64d0119-a94b-4717-8ffa-f19b71b2405a.jpg,not_cilantro,openverse:flickr,https://live.staticflickr.com/4004/4242333647_21a30b2de4_b.jpg,https://www.flickr.com/photos/10559879@N00/4242333647,avlxyz,cc-by-sa 2.0
not_cilantro/openverse_71b63890-8ffc-474f-a62f-810ad71d825d.jpg,not_cilantro,openverse:flickr,https://live.staticflickr.com/2373/2171823394_aae7f53ee6_b.jpg,https://www.flickr.com/photos/10559879@N00/2171823394,avlxyz,cc-by-sa 2.0
not_cilantro/openverse_5d87edca-05bf-4c71-ad77-28ab1c5f3217.jpg,not_cilantro,openverse:flickr,https://live.staticflickr.com/3680/9442249122_e63cd24632_b.jpg,https://www.flickr.com/photos/58367355@N00/9442249122,jules:stonesoup,cc-by 2.0
not_cilantro/openverse_e387f0fe-8ab6-4c11-a9df-3f7ccb90b489.jpg,not_cilantro,openverse:flickr,https://live.staticflickr.com/6199/6063432331_90ba378f8e_b.jpg,https://www.flickr.com/photos/8174757@N02/6063432331,emmadiscovery,cc-by 2.0
not_cilantro/openverse_7a871261-72be-48b7-87f4-168125690f24.jpg,not_cilantro,openverse:flickr,https://live.staticflickr.com/2026/2434753527_0d6fa5f6bb_b.jpg,https://www.flickr.com/photos/35034346243@N01/2434753527,stu_spivack,cc-by-sa 2.0
not_cilantro/openverse_6d9d07a6-899f-4c5a-a3d8-87896bf874cd.jpg,not_cilantro,openverse:flickr,https://live.staticflickr.com/2004/2235570691_750d078374_b.jpg,https://www.flickr.com/photos/35034346243@N01/2235570691,stu_spivack,cc-by-sa 2.0
not_cilantro/openverse_7e7812d1-7118-46a7-b5f4-784a0e7a94e4.jpg,not_cilantro,openverse:flickr,https://live.staticflickr.com/1130/859789404_b644e63adb_b.jpg,https://www.flickr.com/photos/94464290@N00/859789404,crayolarabbit,cc-by-sa 2.0
not_cilantro/openverse_4ff9ebd5-a4a1-4459-ae38-f136e98e91fc.jpg,not_cilantro,openverse:flickr,https://live.staticflickr.com/3009/2313172320_aed4d451df_b.jpg,https://www.flickr.com/photos/35034346243@N01/2313172320,stu_spivack,cc-by-sa 2.0
not_cilantro/openverse_ab70725c-e785-41ae-8b77-4cc64844cbb4.jpg,not_cilantro,openverse:flickr,https://live.staticflickr.com/5290/5200183190_97b1b11810_b.jpg,https://www.flickr.com/photos/78428166@N00/5200183190,Tobyotter,cc-by 2.0
not_cilantro/openverse_1b399d62-5a77-4271-bfc8-7329f84cf9f2.jpg,not_cilantro,openverse:flickr,https://live.staticflickr.com/3202/3143261889_d062694872_b.jpg,https://www.flickr.com/photos/10559879@N00/3143261889,avlxyz,cc-by-sa 2.0
not_cilantro/openverse_3dc0f4f4-6d2a-4655-8759-67d94abc6af6.jpg,not_cilantro,openverse:flickr,https://live.staticflickr.com/3215/2287143497_fde0465ce0_b.jpg,https://www.flickr.com/photos/10559879@N00/2287143497,avlxyz,cc-by-sa 2.0
not_cilantro/openverse_e04552cc-48a2-41ca-983d-adc62b629972.jpg,not_cilantro,openverse:flickr,https://live.staticflickr.com/7410/10312236066_5a27b2c6d8_b.jpg,https://www.flickr.com/photos/24029425@N06/10312236066,Boston Public Library,cc-by 2.0
not_cilantro/openverse_e9608e5f-0e15-46d6-a776-1f724804cd77.jpg,not_cilantro,openverse:flickr,https://live.staticflickr.com/3507/3747291691_b48a186c2e_b.jpg,https://www.flickr.com/photos/90041651@N00/3747291691,cephalopodcast,cc-by 2.0
not_cilantro/openverse_f5d903c4-a6d8-4d0a-b41c-c1715ec573e9.jpg,not_cilantro,openverse:flickr,https://live.staticflickr.com/5281/5334087483_11b43beef5_b.jpg,https://www.flickr.com/photos/21998487@N04/5334087483,Ron Dollete,cc-by-nd 2.0
not_cilantro/openverse_5ace9bc1-84d5-4aa4-8863-b662f532525f.jpg,not_cilantro,openverse:flickr,https://live.staticflickr.com/7159/6711330773_bc7a046d83_b.jpg,https://www.flickr.com/photos/35022955@N06/6711330773,Lablascovegmenu,cc-by 2.0
not_cilantro/openverse_9497b2e4-1a05-45d2-b471-1cbea1b747e4.jpg,not_cilantro,openverse:flickr,https://live.staticflickr.com/7379/10277424663_2c2ee63cfa_b.jpg,https://www.flickr.com/photos/32051524@N08/10277424663,-JvL-,cc-by 2.0
not_cilantro/openverse_f2abfb3e-b3d1-4134-a5e3-5d93b3f192db.jpg,not_cilantro,openverse:flickr,https://live.staticflickr.com/4085/4837078209_a54697140c_b.jpg,https://www.flickr.com/photos/10559879@N00/4837078209,avlxyz,cc-by-sa 2.0
not_cilantro/openverse_1797e06f-9c92-4f88-baee-10e463bcf25e.jpg,not_cilantro,openverse:flickr,https://live.staticflickr.com/2644/4182290262_6ea1eea89f_b.jpg,https://www.flickr.com/photos/34048699@N07/4182290262,Saucy Salad,cc-by 2.0
not_cilantro/openverse_2b0335ed-b339-44bf-abb6-633f458829ce.jpg,not_cilantro,openverse:flickr,https://live.staticflickr.com/4124/5086399746_9fbf3c6d60_b.jpg,https://www.flickr.com/photos/31797858@N00/5086399746,Alexandre Dulaunoy,cc-by-sa 2.0
not_cilantro/openverse_2eaed585-807a-410d-bd23-edda8ea9b246.jpg,not_cilantro,openverse:flickr,https://live.staticflickr.com/3779/10708884595_38a4c12618_b.jpg,https://www.flickr.com/photos/29160242@N08/10708884595,Trondheim byarkiv,cc-by 2.0
not_cilantro/openverse_0463f1cb-de2b-4117-a446-59fc963feeb0.jpg,not_cilantro,openverse:flickr,https://live.staticflickr.com/3047/2830207718_e55e08f67b.jpg,https://www.flickr.com/photos/89745292@N00/2830207718,Jose Nicdao,cc-by 2.0
not_cilantro/openverse_eaaedad0-251b-4403-9370-9aca3284ebee.jpg,not_cilantro,openverse:flickr,https://live.staticflickr.com/4148/4837078105_e79e3b731f_b.jpg,https://www.flickr.com/photos/10559879@N00/4837078105,avlxyz,cc-by-sa 2.0
not_cilantro/openverse_af57a948-36cc-4688-b824-44a024f080ae.jpg,not_cilantro,openverse:flickr,https://live.staticflickr.com/2349/2285020270_c5ac852524_b.jpg,https://www.flickr.com/photos/81631332@N00/2285020270,briannaorg,cc-by 2.0
not_cilantro/openverse_3e38d5f5-e7eb-4dcd-bc89-b70d34f78698.jpg,not_cilantro,openverse:flickr,https://live.staticflickr.com/5497/12716592143_783841353b_b.jpg,https://www.flickr.com/photos/9998127@N06/12716592143,wbaiv,cc-by-sa 2.0
not_cilantro/openverse_db584cb2-6323-4578-ae20-9edd848842c9.jpg,not_cilantro,openverse:flickr,https://live.staticflickr.com/4029/4512488988_c04784eed1_b.jpg,https://www.flickr.com/photos/7927684@N03/4512488988,jeffreyw,cc-by 2.0
not_cilantro/openverse_84bb4676-f2ad-4e8e-a0c9-d6b65c7f1a6d.jpg,not_cilantro,openverse:flickr,https://live.staticflickr.com/6189/6131322800_16a90679fd_b.jpg,https://www.flickr.com/photos/7927684@N03/6131322800,jeffreyw,cc-by 2.0
not_cilantro/openverse_d103fc86-7bb1-44d2-97d5-a66fe7c6e407.jpg,not_cilantro,openverse:flickr,https://live.staticflickr.com/8656/15924613030_05ec08a7af_b.jpg,https://www.flickr.com/photos/37996580417@N01/15924613030,gruntzooki,cc-by-sa 2.0
not_cilantro/openverse_46c26380-296d-46ed-a72e-2a77d561706e.jpg,not_cilantro,openverse:flickr,https://live.staticflickr.com/13/92553297_6164b6e038_b.jpg,https://www.flickr.com/photos/65193799@N00/92553297,dbking,cc-by 2.0
not_cilantro/openverse_7eb4412c-07e2-4e74-aeb0-3c462eb20f03.jpg,not_cilantro,openverse:flickr,https://live.staticflickr.com/2441/3750082394_dc9448ef0a_b.jpg,https://www.flickr.com/photos/46614245@N00/3750082394,methTICALman,cc-by 2.0
not_cilantro/openverse_85deae13-e1b9-4ea4-ad4c-791276c6df55.jpg,not_cilantro,openverse:flickr,https://live.staticflickr.com/8108/8455870498_8a64ff0d6d.jpg,https://www.flickr.com/photos/28958738@N06/8455870498,Public Domain Photos,cc-by 2.0
not_cilantro/openverse_22d1a786-1dbd-45ab-a6a8-089ff7fa645d.jpg,not_cilantro,openverse:flickr,https://live.staticflickr.com/3820/8807705542_596457f027_m.jpg,https://www.flickr.com/photos/92766653@N07/8807705542,diettogo1,cc-by-sa 2.0
not_cilantro/openverse_92c9d1fb-d3d0-407d-b4c8-c0c825a7c7bd.jpg,not_cilantro,openverse:flickr,https://live.staticflickr.com/2890/12433114224_2ab24e64f9_b.jpg,https://www.flickr.com/photos/9998127@N06/12433114224,wbaiv,cc-by-sa 2.0
not_cilantro/openverse_1ec20637-6135-443c-9182-1c13f479ca15.jpg,not_cilantro,openverse:flickr,https://live.staticflickr.com/2342/2267631365_bc1a079372_b.jpg,https://www.flickr.com/photos/81631332@N00/2267631365,briannaorg,cc-by 2.0
not_cilantro/openverse_ad4b7adc-2b71-4155-97e4-7da4550c609f.jpg,not_cilantro,openverse:flickr,https://live.staticflickr.com/6223/6256959853_c856ceaab2_b.jpg,https://www.flickr.com/photos/7927684@N03/6256959853,jeffreyw,cc-by 2.0
not_cilantro/openverse_627e9e03-81fb-4608-939d-02df79b37ce3.jpg,not_cilantro,openverse:flickr,https://live.staticflickr.com/3854/15243075876_96f4510127_b.jpg,https://www.flickr.com/photos/97123293@N07/15243075876,Swallowtail Garden Seeds,cc-pdm 1.0
not_cilantro/openverse_9c4304ed-96d4-4418-af6f-e164ef32c61b.jpg,not_cilantro,openverse:flickr,https://live.staticflickr.com/7385/9627898606_1f604dbe97_b.jpg,https://www.flickr.com/photos/94480503@N08/9627898606,❤ ResinMuse ❤,cc-by 2.0
not_cilantro/openverse_0ec6c22b-a05e-4125-8675-a5dfd43335fb.jpg,not_cilantro,openverse:flickr,https://live.staticflickr.com/4122/4820232624_ec22830cf1_b.jpg,https://www.flickr.com/photos/19418451@N08/4820232624,tinkerbrad,cc-by 2.0
not_cilantro/openverse_f39bacc0-8680-4807-9b41-680414ffc5b1.jpg,not_cilantro,openverse:flickr,https://live.staticflickr.com/7333/12073859584_79afa3b6f9_b.jpg,https://www.flickr.com/photos/94480503@N08/12073859584,❤ ResinMuse ❤,cc-by 2.0
not_cilantro/openverse_5a51956c-626d-4a60-bc87-b57969f8e74a.jpg,not_cilantro,openverse:flickr,https://live.staticflickr.com/2784/4382845621_6a497ea281_b.jpg,https://www.flickr.com/photos/22465253@N02/4382845621,hurricanemaine,cc-by 2.0
not_cilantro/openverse_83ac9d86-7c99-43f0-afc0-a30b493d9f80.jpg,not_cilantro,openverse:flickr,https://live.staticflickr.com/5573/14633563687_c6e98a371d_b.jpg,https://www.flickr.com/photos/94480503@N08/14633563687,❤ ResinMuse ❤,cc-by 2.0
not_cilantro/openverse_54d7b022-e744-4845-8a40-a9d2488e0313.jpg,not_cilantro,openverse:flickr,https://live.staticflickr.com/3678/12432782943_9775dda1b6_b.jpg,https://www.flickr.com/photos/9998127@N06/12432782943,wbaiv,cc-by-sa 2.0
not_cilantro/openverse_3653c655-2e0c-44b9-882e-a95ab8a564b7.jpg,not_cilantro,openverse:flickr,https://live.staticflickr.com/5766/21056042549_7d996978be_b.jpg,https://www.flickr.com/photos/111145800@N03/21056042549,Joshua Humphrey,cc-pdm 1.0
not_cilantro/openverse_9df5e854-c645-42e4-8b8c-4b808e9f8e7f.jpg,not_cilantro,openverse:flickr,https://live.staticflickr.com/8577/16080231453_3e5218f841_b.jpg,https://www.flickr.com/photos/46982319@N06/16080231453,Official GDC,cc-by 2.0
not_cilantro/openverse_dcf69db0-55da-4ada-865e-ea0d883fa13e.jpg,not_cilantro,openverse:flickr,https://live.staticflickr.com/4149/4837077925_19192b5350_b.jpg,https://www.flickr.com/photos/10559879@N00/4837077925,avlxyz,cc-by-sa 2.0
not_cilantro/openverse_0868d363-9dae-4b5d-9fc7-899f97ab1df6.jpg,not_cilantro,openverse:flickr,https://live.staticflickr.com/5659/24134429555_e4c8dc091f_b.jpg,https://www.flickr.com/photos/74350882@N08/24134429555,Angelbattle bros,cc-by-nd 2.0
not_cilantro/openverse_f2b6f090-51c9-43b1-abd6-6938bf5a2ebf.jpg,not_cilantro,openverse:flickr,https://live.staticflickr.com/33/91930919_1ddcee9de3_b.jpg,https://www.flickr.com/photos/69024001@N00/91930919,ndrwfgg,cc-by 2.0
not_cilantro/openverse_f643f32e-29d3-4ce0-9014-dfc796331ea5.jpg,not_cilantro,openverse:flickr,https://live.staticflickr.com/2729/4125392684_3a52b6c07c_b.jpg,https://www.flickr.com/photos/19646736@N00/4125392684,michael clarke stuff,cc-by-sa 2.0
not_cilantro/openverse_71b210c1-1b31-4dde-9d13-f0506a32cab1.jpg,not_cilantro,openverse:flickr,https://live.staticflickr.com/160/342606215_9471a56fdf_b.jpg,https://www.flickr.com/photos/37996573467@N01/342606215,luisvilla,cc-by 2.0
not_cilantro/openverse_095226a3-3dc1-4086-8ae3-0a87a34c52c9.jpg,not_cilantro,openverse:flickr,https://live.staticflickr.com/3476/3749292473_2e8f985f76_b.jpg,https://www.flickr.com/photos/46614245@N00/3749292473,methTICALman,cc-by 2.0
not_cilantro/openverse_1569f66a-e038-4703-9b2d-ea4fb38aaeff.jpg,not_cilantro,openverse:flickr,https://live.staticflickr.com/2610/3750082680_8304b7cafa_b.jpg,https://www.flickr.com/photos/46614245@N00/3750082680,methTICALman,cc-by 2.0
not_cilantro/openverse_05d10421-9f10-46cd-b4ca-b51733ec753a.jpg,not_cilantro,openverse:flickr,https://live.staticflickr.com/6225/6338532752_0319d416bb_b.jpg,https://www.flickr.com/photos/7927684@N03/6338532752,jeffreyw,cc-by 2.0
not_cilantro/openverse_dff0ca12-b885-4bc8-b632-ef575c129bc1.jpg,not_cilantro,openverse:flickr,https://live.staticflickr.com/3429/3750082152_32306b0df8_b.jpg,https://www.flickr.com/photos/46614245@N00/3750082152,methTICALman,cc-by 2.0
not_cilantro/openverse_dd78bf04-417e-44a1-9b18-54fc8c350010.jpg,not_cilantro,openverse:flickr,https://live.staticflickr.com/1029/842279427_ca32e8bb0c_b.jpg,https://www.flickr.com/photos/25597828@N00/842279427,wEnDaLicious,cc-by-nd 2.0
not_cilantro/openverse_12e19232-3fd6-4ae3-9cbd-47cf983c4157.jpg,not_cilantro,openverse:flickr,https://live.staticflickr.com/4120/4819609109_ba869f63ba_b.jpg,https://www.flickr.com/photos/19418451@N08/4819609109,tinkerbrad,cc-by 2.0
not_cilantro/openverse_37c8414b-7183-41a1-956e-f8bebd0e64e7.jpg,not_cilantro,openverse:flickr,https://live.staticflickr.com/2575/4347393210_e3f040c179_m.jpg,https://www.flickr.com/photos/36849639@N03/4347393210,magpiebride,cc-by 2.0
not_cilantro/openverse_e7732e98-d53a-4417-bb28-692add5c8854.jpg,not_cilantro,openverse:flickr,https://live.staticflickr.com/8722/16605941949_5f623a4194_b.jpg,https://www.flickr.com/photos/9998127@N06/16605941949,wbaiv,cc-by-sa 2.0
not_cilantro/openverse_3ad5fe69-25c1-4144-8692-cf40cb947d92.jpg,not_cilantro,openverse:flickr,https://live.staticflickr.com/2446/3652961672_57fff0017b_b.jpg,https://www.flickr.com/photos/8561899@N04/3652961672,Banjo Brown,cc-by 2.0
not_cilantro/openverse_be0d827e-a8e4-435c-805b-a8fa7fb32232.jpg,not_cilantro,openverse:flickr,https://live.staticflickr.com/2617/3689388340_3b18cc1419_b.jpg,https://www.flickr.com/photos/25128194@N02/3689388340,Vegan Feast Catering,cc-by 2.0
not_cilantro/openverse_818cebbf-bfd0-425a-b974-a676954174f7.jpg,not_cilantro,openverse:flickr,https://live.staticflickr.com/4106/5031963216_01a78d6ce2.jpg,https://www.flickr.com/photos/46366834@N00/5031963216,NourishingCook,cc-by 2.0
not_cilantro/openverse_4761ca0c-0da6-4956-ad8f-8fc797712b6c.jpg,not_cilantro,openverse:flickr,https://live.staticflickr.com/3665/11579485216_e57173a94f_b.jpg,https://www.flickr.com/photos/94480503@N08/11579485216,❤ ResinMuse ❤,cc-by 2.0
not_cilantro/openverse_f5a351de-7b93-403e-988a-bf357f36903d.jpg,not_cilantro,openverse:flickr,https://live.staticflickr.com/80/250235387_d679c91162_b.jpg,https://www.flickr.com/photos/18295242@N00/250235387,Laurel Fan,cc-by-sa 2.0
not_cilantro/openverse_84cb8fb2-6864-4f61-8c77-55d1708c39af.jpg,not_cilantro,openverse:flickr,https://live.staticflickr.com/5490/11579021804_da22aa417d_b.jpg,https://www.flickr.com/photos/94480503@N08/11579021804,❤ ResinMuse ❤,cc-by 2.0
not_cilantro/openverse_d2e4cd4a-40ce-4b8d-8105-fedbafa459b0.jpg,not_cilantro,openverse:flickr,https://live.staticflickr.com/5688/21056079959_c93ec51486_b.jpg,https://www.flickr.com/photos/111145800@N03/21056079959,Joshua Humphrey,cc-pdm 1.0
not_cilantro/openverse_8e6f8682-cc9d-4f3c-b841-6897bbc16ddf.jpg,not_cilantro,openverse:flickr,https://live.staticflickr.com/8583/16077860694_dc8fba8787_b.jpg,https://www.flickr.com/photos/46982319@N06/16077860694,Official GDC,cc-by 2.0
not_cilantro/openverse_0a791774-2db1-4071-9581-5c486828543c.jpg,not_cilantro,openverse:flickr,https://live.staticflickr.com/8642/16514051659_fc1553f644_b.jpg,https://www.flickr.com/photos/46982319@N06/16514051659,Official GDC,cc-by 2.0
not_cilantro/openverse_1a031fea-21c4-4274-a5a8-539d6b4b3031.jpg,not_cilantro,openverse:flickr,https://live.staticflickr.com/8620/15924814324_2b92e9e7ac_b.jpg,https://www.flickr.com/photos/9998127@N06/15924814324,wbaiv,cc-by-sa 2.0
not_cilantro/openverse_5dcf22bf-8253-4c95-b9a2-67aa912d6b83.jpg,not_cilantro,openverse:flickr,https://live.staticflickr.com/7352/12716893604_183f959839_b.jpg,https://www.flickr.com/photos/9998127@N06/12716893604,wbaiv,cc-by-sa 2.0
not_cilantro/openverse_46ec3d6e-b0b5-4a18-9496-ddf875cd60a9.jpg,not_cilantro,openverse:flickr,https://live.staticflickr.com/6216/6305981572_9f73b7f765_b.jpg,https://www.flickr.com/photos/7927684@N03/6305981572,jeffreyw,cc-by 2.0
not_cilantro/openverse_ae928948-18aa-46f4-a1e0-62709e93f88a.jpg,not_cilantro,openverse:flickr,https://live.staticflickr.com/4128/5054560981_744755067a_b.jpg,https://www.flickr.com/photos/62937639@N00/5054560981,mattvandyk,cc-by 2.0
not_cilantro/openverse_f397981e-3976-4cdc-8c77-e34962693ace.jpg,not_cilantro,openverse:flickr,https://live.staticflickr.com/8112/8456678922_80a8515f72.jpg,https://www.flickr.com/photos/48245781@N06/8456678922,Gwenn Seemel,cc-by 2.0
not_cilantro/openverse_1c94e1a5-515a-4d16-b28a-a6228b9374e3.jpg,not_cilantro,openverse:flickr,https://live.staticflickr.com/5143/5810220169_db34ea2f27_b.jpg,https://www.flickr.com/photos/16077535@N00/5810220169,Dan Zen,cc-by 2.0
not_cilantro/openverse_9bd0dc6e-ddb3-41fd-bbe1-bf8085b6dab1.jpg,not_cilantro,openverse:flickr,https://live.staticflickr.com/6013/6019667931_83cd72cf9c_b.jpg,https://www.flickr.com/photos/70757891@N00/6019667931,grongar,cc-by 2.0
not_cilantro/openverse_eb814b85-1234-438e-9429-6d3af73f09e4.jpg,not_cilantro,openverse:flickr,https://live.staticflickr.com/7490/16066469487_0c88bf877f_b.jpg,https://www.flickr.com/photos/9998127@N06/16066469487,wbaiv,cc-by-sa 2.0
not_cilantro/openverse_f40e5d1f-9b8a-4382-a078-c5979ee18489.jpg,not_cilantro,openverse:flickr,https://live.staticflickr.com/65535/51536303305_ca1d4fdc6b_b.jpg,https://www.flickr.com/photos/140536892@N06/51536303305,pstenzel71,cc-by-nd 2.0
not_cilantro/openverse_0bdfb4ba-50f2-42bf-ad22-dc6442505cb1.jpg,not_cilantro,openverse:flickr,https://live.staticflickr.com/65535/51541422057_d1fd68bb5d_b.jpg,https://www.flickr.com/photos/140536892@N06/51541422057,pstenzel71,cc-by-nd 2.0
not_cilantro/openverse_fdd700d7-26ab-429b-9e9e-531c4ee09c0a.jpg,not_cilantro,openverse:flickr,https://live.staticflickr.com/4146/5056281848_6fe853e124_b.jpg,https://www.flickr.com/photos/7927684@N03/5056281848,jeffreyw,cc-by 2.0
not_cilantro/openverse_3f80c621-7cda-46d7-b84b-b1a11c1c15db.jpg,not_cilantro,openverse:flickr,https://live.staticflickr.com/4095/4921142328_e9082c7bbc_b.jpg,https://www.flickr.com/photos/40944554@N04/4921142328,taylor.a,cc-by 2.0
not_cilantro/openverse_96927cd3-cb7b-487d-a416-524d3de9a71c.jpg,not_cilantro,openverse:flickr,https://live.staticflickr.com/5573/15075036832_e74fa36ceb_b.jpg,https://www.flickr.com/photos/127294011@N07/15075036832,PersonalCreations.com,cc-by 2.0
not_cilantro/openverse_73dc9d51-aa0d-4e95-b397-4f079c34104f.jpg,not_cilantro,openverse:flickr,https://live.staticflickr.com/7389/10074241413_3e3533c3a3_b.jpg,https://www.flickr.com/photos/31341155@N07/10074241413,ramnath bhat,cc-by 2.0
not_cilantro/openverse_86965e83-6a88-46ec-97fb-24d61dcd0e76.jpg,not_cilantro,openverse:flickr,https://live.staticflickr.com/463/18682304621_193ba1b427.jpg,https://www.flickr.com/photos/127294011@N07/18682304621,PersonalCreations.com,cc-by 2.0
not_cilantro/openverse_51279ba6-7bf3-4bc0-af14-743d68a5fc1f.jpg,not_cilantro,openverse:flickr,https://live.staticflickr.com/107/302778328_5eaee3c530_b.jpg,https://www.flickr.com/photos/23054755@N00/302778328,MShades,cc-by-nd 2.0
not_cilantro/openverse_b69a215c-2b40-4981-86ad-0e60437e80ba.jpg,not_cilantro,openverse:flickr,https://live.staticflickr.com/5211/5536395342_2e985ee351_b.jpg,https://www.flickr.com/photos/47854142@N04/5536395342,TheHungryDudes,cc-by 2.0
not_cilantro/openverse_b2329842-fd6d-4b8d-95fe-aa15837c99b1.jpg,not_cilantro,openverse:flickr,https://live.staticflickr.com/3592/3442747536_e942ced895.jpg,https://www.flickr.com/photos/87612090@N00/3442747536,mydphotos,cc-by 2.0
not_cilantro/openverse_fbf3ff05-ad6d-49fe-adaf-4f74fc11b164.jpg,not_cilantro,openverse:flickr,https://live.staticflickr.com/4004/4688871074_5d78d8a08e_b.jpg,https://www.flickr.com/photos/84335369@N00/4688871074,trenttsd,cc-by 2.0
not_cilantro/openverse_54ad62e2-d127-4fc4-bf1a-477650574ceb.jpg,not_cilantro,openverse:flickr,https://live.staticflickr.com/5282/5374199075_2d9624beec_b.jpg,https://www.flickr.com/photos/84335369@N00/5374199075,trenttsd,cc-by 2.0
not_cilantro/openverse_8e01cfab-4d1c-4132-9919-af1c853d09d2.jpg,not_cilantro,openverse:flickr,https://live.staticflickr.com/4108/4984562785_8aae641e22_b.jpg,https://www.flickr.com/photos/68043130@N00/4984562785,gfhdickinson,cc-by-sa 2.0
not_cilantro/openverse_76b4dc5a-389a-4b5d-9384-202ede3b4f11.jpg,not_cilantro,openverse:flickr,https://live.staticflickr.com/5065/5594992738_f5ed2b0b51_b.jpg,https://www.flickr.com/photos/44927322@N00/5594992738,theresac,cc-by-sa 2.0
not_cilantro/openverse_007363b0-434c-438c-893f-2310c4753759.jpg,not_cilantro,openverse:flickr,https://live.staticflickr.com/4078/4755116710_784f203467_b.jpg,https://www.flickr.com/photos/90863480@N00/4755116710,theilr,cc-by-sa 2.0
not_cilantro/openverse_62b0e567-4cbe-42f0-aa53-51d0e900c65f.jpg,not_cilantro,openverse:flickr,https://live.staticflickr.com/65535/52232639040_b14d2fa8f5_b.jpg,https://www.flickr.com/photos/184594136@N08/52232639040,Alabama Extension,cc-cc0 1.0
not_cilantro/openverse_92d84b82-bd06-4e88-9dec-2a0af2b764fe.jpg,not_cilantro,openverse:flickr,https://live.staticflickr.com/7002/6818273933_c8bd34aa1d_b.jpg,https://www.flickr.com/photos/70757891@N00/6818273933,grongar,cc-by 2.0
not_cilantro/openverse_a176c455-dd69-4976-9986-d3c0d03a1388.jpg,not_cilantro,openverse:flickr,https://live.staticflickr.com/5536/14319089691_e8a718d693_b.jpg,https://www.flickr.com/photos/93109909@N02/14319089691,is an Architect ...Photographer,cc-by 2.0
not_cilantro/openverse_b0b24f03-c742-4aad-8002-5bd6e8d67838.jpg,not_cilantro,openverse:flickr,https://live.staticflickr.com/65535/40677490993_2e016d7e5d_b.jpg,https://www.flickr.com/photos/147592390@N06/40677490993,John Beans,cc-by 2.0
not_cilantro/openverse_38562540-2194-4db9-b6ed-be79bdf995e6.jpg,not_cilantro,openverse:wordpress,https://pd.w.org/2022/12/287638f84423eb9e3.39391538-2048x1365.jpg,https://wordpress.org/photos/photo/287638f844/,Shruti Sona,cc-cc0 1.0
not_cilantro/openverse_44e61b17-614c-45ad-998f-2348015401fe.jpg,not_cilantro,openverse:wordpress,https://pd.w.org/2025/12/100693d17ad927c94.68393340-2048x1536.jpg,https://wordpress.org/photos/photo/100693d17a/,meowbuild,cc-cc0 1.0
not_cilantro/openverse_d6118f59-12cf-4713-b3e6-8c884c357da0.jpg,not_cilantro,openverse:wordpress,https://pd.w.org/2026/06/5416a28fa92e58869.59578801-2048x1365.jpg,https://wordpress.org/photos/photo/5416a28fa9/,Jackson Monichan,cc-cc0 1.0
not_cilantro/openverse_1075cd69-d764-4b69-b78f-03e3b5c4dff3.jpg,not_cilantro,openverse:wordpress,https://pd.w.org/2026/03/17369b423de662652.20980179-1536x2048.jpg,https://wordpress.org/photos/photo/17369b423d/,Bonface Maina,cc-cc0 1.0
not_cilantro/openverse_39980a08-3b60-4aa9-b2c1-987254f32c4c.jpg,not_cilantro,openverse:wordpress,https://pd.w.org/2025/12/1106952a499dd09d8.69235262-1536x2048.jpeg,https://wordpress.org/photos/photo/1106952a49/,Virendra Kumar Yadav,cc-cc0 1.0
not_cilantro/openverse_042c89bc-e7a1-49e8-b474-2025779a204d.jpg,not_cilantro,openverse:rawpixel,https://images.rawpixel.com/editor_1024/cHJpdmF0ZS9zdGF0aWMvaW1hZ2Uvd2Vic2l0ZS8yMDIyLTA0L2xyL3B4NzUzMDQ1LWltYWdlLWt3dnY0OXV2LmpwZw.jpg,https://www.rawpixel.com/image/5906212/photo-image-public-domain-plant-green,,cc-cc0 1.0
not_cilantro/openverse_7d30444e-3164-49eb-9349-0f6f74ef2148.jpg,not_cilantro,openverse:wordpress,https://pd.w.org/2025/07/42868692dc8d106a1.88103010-1536x2048.jpg,https://wordpress.org/photos/photo/42868692dc/,Bhautik Bhalala,cc-cc0 1.0
not_cilantro/openverse_735d7311-a54a-47e6-9e85-7743a05b707e.jpg,not_cilantro,openverse:flickr,https://live.staticflickr.com/8203/8248734396_4711378fe3_b.jpg,https://www.flickr.com/photos/8123170@N06/8248734396,Port of San Diego,cc-by 2.0
not_cilantro/openverse_12c21dff-4baa-4524-a96f-a9c21a8e89b6.jpg,not_cilantro,openverse:flickr,https://live.staticflickr.com/7406/11459915963_51231d86bc_b.jpg,https://www.flickr.com/photos/39804614253@N01/11459915963,dollen,cc-by 2.0
not_cilantro/openverse_28377b85-08ae-4b7c-aa01-323fa841be4c.jpg,not_cilantro,openverse:flickr,https://live.staticflickr.com/1072/3168342551_1bdce9613a_b.jpg,https://www.flickr.com/photos/78011127@N00/3168342551,ginnerobot,cc-by-sa 2.0
not_cilantro/openverse_02837bee-663b-45dd-a4c8-75a27bb9d7a5.jpg,not_cilantro,openverse:flickr,https://live.staticflickr.com/8479/8247667627_eb09cd3ed0_b.jpg,https://www.flickr.com/photos/8123170@N06/8247667627,Port of San Diego,cc-by 2.0
not_cilantro/openverse_26c3c09a-6903-4ae5-9d95-d62cd2eb498d.jpg,not_cilantro,openverse:flickr,https://live.staticflickr.com/2607/4228116293_61bf2426e2_b.jpg,https://www.flickr.com/photos/35468144810@N01/4228116293,Girl Interrupted Eating,cc-by 2.0
not_cilantro/openverse_194aa79d-7c94-4e54-a23a-2b26584ae383.jpg,not_cilantro,openverse:flickr,https://live.staticflickr.com/4009/4448026843_d41fe36559.jpg,https://www.flickr.com/photos/22118036@N00/4448026843,Monica Arellano-Ongpin,cc-by 2.0
not_cilantro/openverse_060df71d-f342-4a84-aa76-9f5aa29ab7d9.jpg,not_cilantro,openverse:flickr,https://live.staticflickr.com/7410/16204172947_28760d9794.jpg,https://www.flickr.com/photos/39585662@N00/16204172947,Lori Greig,cc-by-sa 2.0
not_cilantro/openverse_8014e0ef-c765-4083-b1fb-dbc33127e39a.jpg,not_cilantro,openverse:flickr,https://live.staticflickr.com/4126/5095954850_0846138bff_b.jpg,https://www.flickr.com/photos/37996646802@N01/5095954850,cogdogblog,cc-by 2.0
not_cilantro/openverse_d1a85a7c-e5f5-44f3-a1eb-93deb6b3425d.jpg,not_cilantro,openverse:flickr,https://live.staticflickr.com/3061/2596329869_ff7d9d4bf2_b.jpg,https://www.flickr.com/photos/82552101@N00/2596329869,Divine in the Daily,cc-by-nd 2.0
not_cilantro/openverse_920e0e08-502e-4ea7-8e37-aac207e2b55a.jpg,not_cilantro,openverse:flickr,https://live.staticflickr.com/8338/8247666325_e679244d19_b.jpg,https://www.flickr.com/photos/8123170@N06/8247666325,Port of San Diego,cc-by 2.0
not_cilantro/openverse_db3f4446-18b4-48b5-9a89-77a7ccd29990.jpg,not_cilantro,openverse:flickr,https://live.staticflickr.com/1258/753279896_330d4b06e5_b.jpg,https://www.flickr.com/photos/70522326@N00/753279896,rovingI,cc-by 2.0
not_cilantro/openverse_5ac18b91-1bda-42a3-93d6-27496310f9a1.jpg,not_cilantro,openverse:flickr,https://live.staticflickr.com/2371/1949040625_a0c6bca618_b.jpg,https://www.flickr.com/photos/70522326@N00/1949040625,rovingI,cc-by 2.0
not_cilantro/openverse_08663dba-3017-43da-8d40-42df497db209.jpg,not_cilantro,openverse:flickr,https://live.staticflickr.com/2713/4301236526_7cffa66eea_b.jpg,https://www.flickr.com/photos/26170836@N05/4301236526,sk8geek,cc-by-sa 2.0
not_cilantro/openverse_341002ac-33ae-446e-aff5-9be8a4553cb2.jpg,not_cilantro,openverse:flickr,https://live.staticflickr.com/3847/14925650515_f11ce45234_b.jpg,https://www.flickr.com/photos/51903019@N05/14925650515,oonhs,cc-by 2.0
not_cilantro/openverse_b4578b09-2245-4ba5-8eec-4798877cfcf5.jpg,not_cilantro,openverse:flickr,https://live.staticflickr.com/77/190413007_b1f3caf9dd.jpg,https://www.flickr.com/photos/10559879@N00/190413007,avlxyz,cc-by-sa 2.0
not_cilantro/openverse_5ae49d82-b4dd-4a90-8d47-dbfcc727edfd.jpg,not_cilantro,openverse:flickr,https://live.staticflickr.com/100/303041247_b43cd8cbd6_b.jpg,https://www.flickr.com/photos/70522326@N00/303041247,rovingI,cc-by 2.0
not_cilantro/openverse_7f074701-c65f-4e6b-ad57-bb4f4f2534fa.jpg,not_cilantro,openverse:flickr,https://live.staticflickr.com/3322/3490168919_5a4766a8e3_b.jpg,https://www.flickr.com/photos/10559879@N00/3490168919,avlxyz,cc-by-sa 2.0
not_cilantro/openverse_3a0432ab-15c6-4e0d-bb70-74e3012046d1.jpg,not_cilantro,openverse:flickr,https://live.staticflickr.com/5127/5378420777_548c0018de_b.jpg,https://www.flickr.com/photos/23401669@N00/5378420777,Son of Groucho,cc-by 2.0
not_cilantro/openverse_9aeaff1b-82f1-4ab4-bdb0-66c9891eff75.jpg,not_cilantro,openverse:flickr,https://live.staticflickr.com/2732/4195076305_a40b03eecb_b.jpg,https://www.flickr.com/photos/58367355@N00/4195076305,jules:stonesoup,cc-by 2.0
not_cilantro/openverse_c6f7e217-e63d-42d3-a968-5668c58fcdcf.jpg,not_cilantro,openverse:flickr,https://live.staticflickr.com/3192/2759721625_937b3a1ffa_m.jpg,https://www.flickr.com/photos/70893713@N00/2759721625,startcooking kathy & amandine,cc-by 2.0
not_cilantro/openverse_05cb7006-5d8b-4667-8eaf-1d706bfba08f.jpg,not_cilantro,openverse:flickr,https://live.staticflickr.com/2215/2126502705_ef6b6ebafc_b.jpg,https://www.flickr.com/photos/96463101@N00/2126502705,randomduck,cc-by 2.0
not_cilantro/openverse_6f2359de-7fa9-46d4-a696-75a9924f45e0.jpg,not_cilantro,openverse:flickr,https://live.staticflickr.com/3241/5697759851_f9f60ef14c_b.jpg,https://www.flickr.com/photos/9020344@N02/5697759851,andrusdevelopment,cc-by 2.0
not_cilantro/openverse_4a425dcd-65b7-4a77-94f9-fe67227581f1.jpg,not_cilantro,openverse:flickr,https://live.staticflickr.com/6155/6154418280_e0ce5b1fce_b.jpg,https://www.flickr.com/photos/8174757@N02/6154418280,emmadiscovery,cc-by 2.0
not_cilantro/openverse_cc788182-948e-4c94-8206-87ae208f302e.jpg,not_cilantro,openverse:flickr,https://live.staticflickr.com/2633/3972924309_ed4d31b155_b.jpg,https://www.flickr.com/photos/25128194@N02/3972924309,Vegan Feast Catering,cc-by 2.0
not_cilantro/openverse_ee6ab6fd-4a79-4bb0-a89a-94324c08a8b8.jpg,not_cilantro,openverse:flickr,https://live.staticflickr.com/221/475600565_7a460f012e_b.jpg,https://www.flickr.com/photos/70522326@N00/475600565,rovingI,cc-by 2.0
not_cilantro/openverse_3b9641a9-3fb6-4b1f-8b37-a8c020f0d3e6.jpg,not_cilantro,openverse:flickr,https://live.staticflickr.com/2397/5707774275_e71bb18acd_b.jpg,https://www.flickr.com/photos/41284017@N08/5707774275,USDAgov,cc-pdm 1.0
not_cilantro/openverse_85abc7ec-36cd-42ef-a2c4-cf2a4380f5b7.jpg,not_cilantro,openverse:flickr,https://live.staticflickr.com/4129/4950566416_890b615f0a_b.jpg,https://www.flickr.com/photos/25128194@N02/4950566416,Vegan Feast Catering,cc-by 2.0
not_cilantro/openverse_28bf6759-a494-4b6c-8b5e-a7dd94296d33.jpg,not_cilantro,openverse:flickr,https://live.staticflickr.com/4506/38068402991_8478e58ddf_b.jpg,https://www.flickr.com/photos/41284017@N08/38068402991,USDAgov,cc-pdm 1.0
not_cilantro/openverse_ed5815e0-a57f-4478-b86b-47c79f30c813.jpg,not_cilantro,openverse:flickr,https://live.staticflickr.com/2487/5707778059_a2ec41212f_b.jpg,https://www.flickr.com/photos/41284017@N08/5707778059,USDAgov,cc-pdm 1.0
not_cilantro/openverse_1b9f8ca7-983f-464e-a61a-6beb9728d6ee.jpg,not_cilantro,openverse:flickr,https://live.staticflickr.com/2/2504053_ce8a470e81_b.jpg,https://www.flickr.com/photos/71217725@N00/2504053,scubadive67,cc-by 2.0
not_cilantro/openverse_09cfa8c5-3ca4-40fb-b4fb-c2635bae3ed6.jpg,not_cilantro,openverse:flickr,https://live.staticflickr.com/4447/38068332301_a7f36a2177_b.jpg,https://www.flickr.com/photos/41284017@N08/38068332301,USDAgov,cc-pdm 1.0
not_cilantro/openverse_a502eda0-7632-42f1-834c-c93c0f486b56.jpg,not_cilantro,openverse:flickr,https://live.staticflickr.com/109/303071888_05b391e9bd_b.jpg,https://www.flickr.com/photos/70522326@N00/303071888,rovingI,cc-by 2.0
not_cilantro/openverse_379c8c98-6ed8-4e96-9309-cbaf468678ae.jpg,not_cilantro,openverse:flickr,https://live.staticflickr.com/1248/1337055553_71dd8837ab.jpg,https://www.flickr.com/photos/70522326@N00/1337055553,rovingI,cc-by 2.0
not_cilantro/openverse_36bc0ae8-527d-4e39-8a82-bbabfac55cb3.jpg,not_cilantro,openverse:flickr,https://live.staticflickr.com/109/304486705_1100dd04f4_b.jpg,https://www.flickr.com/photos/70522326@N00/304486705,rovingI,cc-by 2.0
not_cilantro/openverse_3e986629-de32-4e0b-9a76-63149c39fad2.jpg,not_cilantro,openverse:flickr,https://live.staticflickr.com/8291/7528789988_fdc0c4b2d9.jpg,https://www.flickr.com/photos/32443938@N03/7528789988,jnyemb,cc-by 2.0
not_cilantro/openverse_0d0526b1-a775-4aa2-8e0a-c8df52a5901d.jpg,not_cilantro,openverse:flickr,https://live.staticflickr.com/2886/10440566415_1527cb5415_b.jpg,https://www.flickr.com/photos/41284017@N08/10440566415,USDAgov,cc-by 2.0
not_cilantro/openverse_9b3a01c4-a636-40c1-8e66-495c076c9c53.jpg,not_cilantro,openverse:flickr,https://live.staticflickr.com/1298/1205814362_e1971b43f9_b.jpg,https://www.flickr.com/photos/70522326@N00/1205814362,rovingI,cc-by 2.0
not_cilantro/openverse_7be0ede8-a1fa-4092-a7d7-2861aca01e2c.jpg,not_cilantro,openverse:flickr,https://live.staticflickr.com/4069/4248020336_ceaf5b529f_b.jpg,https://www.flickr.com/photos/78011127@N00/4248020336,ginnerobot,cc-by-sa 2.0
not_cilantro/openverse_7c0a7cec-ec09-4a11-8709-720d2616f6b8.jpg,not_cilantro,openverse:flickr,https://live.staticflickr.com/5032/7420955944_b340a7aa31_b.jpg,https://www.flickr.com/photos/24256351@N04/7420955944,Seattle Municipal Archives,cc-by 2.0
not_cilantro/openverse_033834b6-02e8-4fae-90f2-c2d6e917bf77.jpg,not_cilantro,openverse:flickr,https://live.staticflickr.com/5252/5421092711_a9445ebdb9.jpg,https://www.flickr.com/photos/34756977@N00/5421092711,Rochelle Hartman,cc-by 2.0
not_cilantro/openverse_6b11d86e-533c-44ba-a39f-6eb4bd5e08f0.jpg,not_cilantro,openverse:flickr,https://live.staticflickr.com/2515/3998983910_3fe5799db4_b.jpg,https://www.flickr.com/photos/53133240@N00/3998983910,Muffet,cc-by 2.0
not_cilantro/openverse_ac6f24b9-6e40-43b6-97c9-bfe4f5774e0e.jpg,not_cilantro,openverse:flickr,https://live.staticflickr.com/124/351593081_15e44e6ee9_b.jpg,https://www.flickr.com/photos/40646519@N00/351593081,Joe Shlabotnik,cc-by 2.0
not_cilantro/openverse_6c5dd76a-3796-4445-90bd-064c14e68e1c.jpg,not_cilantro,openverse:flickr,https://live.staticflickr.com/8246/8513088711_33c0d01f30_b.jpg,https://www.flickr.com/photos/24256351@N04/8513088711,Seattle Municipal Archives,cc-by 2.0
not_cilantro/openverse_d0be20ec-7f1a-4ab3-93fb-1bbed1cb4718.jpg,not_cilantro,openverse:flickr,https://live.staticflickr.com/222/500433479_b7978d3a91_b.jpg,https://www.flickr.com/photos/87232391@N00/500433479,Charles Haynes,cc-by-sa 2.0
not_cilantro/openverse_47efa407-28af-4f89-b53a-d5d08a2e858f.jpg,not_cilantro,openverse:flickr,https://live.staticflickr.com/3591/3397431012_b658d1b839.jpg,https://www.flickr.com/photos/8830972@N08/3397431012,Maggie Hoffman,cc-by 2.0
not_cilantro/openverse_c53ec12a-ce21-4730-a251-925558a012a6.jpg,not_cilantro,openverse:flickr,https://live.staticflickr.com/4012/4518428768_ed2d640b93_b.jpg,https://www.flickr.com/photos/43788294@N04/4518428768,"A&A Design Build Remodeling, Inc.",cc-by-sa 2.0
not_cilantro/openverse_d90c16a5-8238-4774-9f50-22d3fe1d8e95.jpg,not_cilantro,openverse:flickr,https://live.staticflickr.com/8194/8134872128_ddf986927c_b.jpg,https://www.flickr.com/photos/8260474@N07/8134872128,flossyflotsam,cc-by 2.0
not_cilantro/openverse_0fc7ef20-a73e-4c7f-94cd-3e9942eb6483.jpg,not_cilantro,openverse:flickr,https://live.staticflickr.com/4061/4253637341_06ef41ccc3.jpg,https://www.flickr.com/photos/46317749@N02/4253637341,granite-charlotte,cc-by 2.0
not_cilantro/openverse_1e03b4f7-a5b6-4406-838e-391a1e1c7fc9.jpg,not_cilantro,openverse:flickr,https://live.staticflickr.com/8365/8560940546_023a92b5f4_b.jpg,https://www.flickr.com/photos/38869431@N00/8560940546,juhansonin,cc-by 2.0
not_cilantro/openverse_605fc476-a8c5-41af-ab83-322c85f21b60.jpg,not_cilantro,openverse:flickr,https://live.staticflickr.com/2702/4518427298_fabecba8b5_b.jpg,https://www.flickr.com/photos/43788294@N04/4518427298,"A&A Design Build Remodeling, Inc.",cc-by-sa 2.0
not_cilantro/openverse_d0a05f1f-8aa2-4b65-8541-90167097cb74.jpg,not_cilantro,openverse:flickr,https://live.staticflickr.com/4012/4518428126_214e67cc14_b.jpg,https://www.flickr.com/photos/43788294@N04/4518428126,"A&A Design Build Remodeling, Inc.",cc-by-sa 2.0
not_cilantro/openverse_6fdf3430-b836-42a5-acef-6b4c58ff0de5.jpg,not_cilantro,openverse:flickr,https://live.staticflickr.com/3634/3305638738_a009052ef9_b.jpg,https://www.flickr.com/photos/7471115@N08/3305638738,Mr.TinDC,cc-by-nd 2.0
not_cilantro/openverse_7295fb33-8cb2-40a8-8e31-49307a5211ca.jpg,not_cilantro,openverse:flickr,https://live.staticflickr.com/4034/4517797431_3e9e7cf2f4_b.jpg,https://www.flickr.com/photos/43788294@N04/4517797431,"A&A Design Build Remodeling, Inc.",cc-by-sa 2.0
not_cilantro/openverse_09c2d4d9-6bd4-449b-b80b-ea34ec71e89a.jpg,not_cilantro,openverse:flickr,https://live.staticflickr.com/8352/8375313873_80051bc3e2_b.jpg,https://www.flickr.com/photos/90454079@N00/8375313873,Jun Seita,cc-by 2.0
not_cilantro/openverse_5f1626e3-18ac-4e08-80e7-5afb22d3e758.jpg,not_cilantro,openverse:flickr,https://live.staticflickr.com/3198/3106832660_3315f41ec0_b.jpg,https://www.flickr.com/photos/10559879@N00/3106832660,avlxyz,cc-by-sa 2.0
not_cilantro/openverse_7a2f2a6e-b494-4794-b6ac-6450c512fbdf.jpg,not_cilantro,openverse:flickr,https://live.staticflickr.com/5098/5585177455_c9cc5a6fb5.jpg,https://www.flickr.com/photos/61904084@N00/5585177455,thedailyenglishshow,cc-by 2.0
not_cilantro/openverse_0e38c53f-7292-422f-b39d-2756340117ca.jpg,not_cilantro,openverse:flickr,https://live.staticflickr.com/4017/4517796405_5bf4a3f569_b.jpg,https://www.flickr.com/photos/43788294@N04/4517796405,"A&A Design Build Remodeling, Inc.",cc-by-sa 2.0
not_cilantro/openverse_7cd72a2a-317d-4bab-bfae-6939e64341a4.jpg,not_cilantro,openverse:flickr,https://live.staticflickr.com/8063/8166397932_e35785cdc8.jpg,https://www.flickr.com/photos/69031678@N00/8166397932,ToGa Wanderings,cc-by 2.0
not_cilantro/openverse_cb0732a3-e75e-4b56-8c34-3d3a12ebdad8.jpg,not_cilantro,openverse:flickr,https://live.staticflickr.com/2017/2505867511_c6619870cc_b.jpg,https://www.flickr.com/photos/11615637@N05/2505867511,ghahnroyal,cc-by 2.0
not_cilantro/openverse_c91e8ccd-2387-417b-a8c7-eccbad840522.jpg,not_cilantro,openverse:flickr,https://live.staticflickr.com/3183/2970558578_20ee66245c.jpg,https://www.flickr.com/photos/44124330110@N01/2970558578,pnoeric,cc-by-sa 2.0
not_cilantro/openverse_fef6fa90-bdf4-435c-92f3-3f2b8d8150f1.jpg,not_cilantro,openverse:flickr,https://live.staticflickr.com/5172/5549972304_40386258d2_b.jpg,https://www.flickr.com/photos/59209848@N08/5549972304,Plage Vinilos y Decoración,cc-by 2.0
not_cilantro/openverse_7ddd5d2b-d95d-4bb7-af42-21f9438b3f3d.jpg,not_cilantro,openverse:flickr,https://live.staticflickr.com/3261/5722764179_1f8f8eca3c_b.jpg,https://www.flickr.com/photos/45597153@N05/5722764179,Rob Ellis',cc-by 2.0
not_cilantro/openverse_738b685f-ec6d-4b07-a4e7-f4d3d6bdabd8.jpg,not_cilantro,openverse:flickr,https://live.staticflickr.com/2116/32086715414_5cff92b67f_b.jpg,https://www.flickr.com/photos/17997843@N02/32086715414,Dean Hochman,cc-by 2.0
not_cilantro/openverse_233e6fd8-5d04-4496-936d-8db9e309d88c.jpg,not_cilantro,openverse:flickr,https://live.staticflickr.com/7106/6862198794_b860d26b32_b.jpg,https://www.flickr.com/photos/41284017@N08/6862198794,USDAgov,cc-pdm 1.0
not_cilantro/openverse_87ff3f7d-db0e-4ea2-8c32-35a7d35f8c22.jpg,not_cilantro,openverse:flickr,https://live.staticflickr.com/4038/4518429790_ea0676958c_b.jpg,https://www.flickr.com/photos/43788294@N04/4518429790,"A&A Design Build Remodeling, Inc.",cc-by-sa 2.0
not_cilantro/openverse_c3c001cb-64ca-4096-9508-44bacf16e626.jpg,not_cilantro,openverse:flickr,https://live.staticflickr.com/3127/2476030384_c8050d8562_b.jpg,https://www.flickr.com/photos/10559879@N00/2476030384,avlxyz,cc-by-sa 2.0
not_cilantro/openverse_9cb74074-34ed-4f6e-b7c5-cb73d4c3bd4a.jpg,not_cilantro,openverse:flickr,https://live.staticflickr.com/3044/2529373906_4ed7238e0b.jpg,https://www.flickr.com/photos/11615637@N05/2529373906,ghahnroyal,cc-by 2.0
not_cilantro/openverse_acb1fd3f-44cf-4867-9992-8161bd0cb258.jpg,not_cilantro,openverse:flickr,https://live.staticflickr.com/2253/2475211335_d10a8dcc21_b.jpg,https://www.flickr.com/photos/10559879@N00/2475211335,avlxyz,cc-by-sa 2.0
not_cilantro/openverse_424cc06c-9a3d-4073-804f-d3a9518df88a.jpg,not_cilantro,openverse:flickr,https://live.staticflickr.com/3278/2528555691_178c832505_b.jpg,https://www.flickr.com/photos/11615637@N05/2528555691,ghahnroyal,cc-by 2.0
not_cilantro/openverse_fd1e04bc-9d50-4199-aa24-b5a1cbb16599.jpg,not_cilantro,openverse:flickr,https://live.staticflickr.com/1197/3270370470_d4fd144f5e.jpg,https://www.flickr.com/photos/35268073@N04/3270370470,Yew Tree House,cc-by 2.0
not_cilantro/openverse_5a0e2b48-7514-461f-a520-291686e2ebcf.jpg,not_cilantro,openverse:flickr,https://live.staticflickr.com/3054/2875900557_9a4dd436d6_b.jpg,https://www.flickr.com/photos/89701436@N00/2875900557,mccready,cc-by 2.0
not_cilantro/openverse_44c292c8-43bb-40b7-8282-8a2cd8f4e207.jpg,not_cilantro,openverse:flickr,https://live.staticflickr.com/5488/10474203574_b396dc2b10_b.jpg,https://www.flickr.com/photos/71646105@N03/10474203574,Red Moon Sanctuary,cc-by 2.0
not_cilantro/openverse_7588363d-7cfa-45d0-a094-3987923b6bdd.jpg,not_cilantro,openverse:flickr,https://live.staticflickr.com/3089/2476031058_8d351aa8a1_b.jpg,https://www.flickr.com/photos/10559879@N00/2476031058,avlxyz,cc-by-sa 2.0
not_cilantro/openverse_cf041a21-59a1-47a6-9ab3-b37ba72b5387.jpg,not_cilantro,openverse:flickr,https://live.staticflickr.com/5015/5549371041_17440298ac.jpg,https://www.flickr.com/photos/59209848@N08/5549371041,Plage Vinilos y Decoración,cc-by 2.0
not_cilantro/openverse_d9bbc80d-efe2-415d-b143-a5745a96ea9c.jpg,not_cilantro,openverse:flickr,https://live.staticflickr.com/7191/6862201398_ca89273bc3_b.jpg,https://www.flickr.com/photos/41284017@N08/6862201398,USDAgov,cc-pdm 1.0
not_cilantro/openverse_257fb6f6-c86e-4b4e-b1fc-0cdae4f2af07.jpg,not_cilantro,openverse:flickr,https://live.staticflickr.com/6/76984879_3a58ba8a25_b.jpg,https://www.flickr.com/photos/49503029034@N01/76984879,moria,cc-by 2.0
not_cilantro/openverse_0305e202-620a-4557-8ee0-d7dbabce66db.jpg,not_cilantro,openverse:flickr,https://live.staticflickr.com/2120/2506697968_9337c7ab76_b.jpg,https://www.flickr.com/photos/11615637@N05/2506697968,ghahnroyal,cc-by 2.0
not_cilantro/openverse_fab78d9e-7488-461c-8e32-aa8649a3e351.jpg,not_cilantro,openverse:flickr,https://live.staticflickr.com/2204/2505867363_d67885d38a_b.jpg,https://www.flickr.com/photos/11615637@N05/2505867363,ghahnroyal,cc-by 2.0
not_cilantro/openverse_31ca6708-4346-49c0-b5fa-256192a39d20.jpg,not_cilantro,openverse:flickr,https://live.staticflickr.com/8462/8015002900_2fe842ef2a_b.jpg,https://www.flickr.com/photos/56087830@N00/8015002900,markhillary,cc-by 2.0
not_cilantro/openverse_42ee242f-1fa8-4e51-92c2-a0465b6e0fee.jpg,not_cilantro,openverse:flickr,https://live.staticflickr.com/5102/5781080055_f578bd6383.jpg,https://www.flickr.com/photos/43321797@N06/5781080055,SodexoUSA,cc-by 2.0
not_cilantro/openverse_ca0bdf77-fbeb-422d-b9f0-dceae01e23fd.jpg,not_cilantro,openverse:flickr,https://live.staticflickr.com/4061/4517793529_529312bea5_b.jpg,https://www.flickr.com/photos/43788294@N04/4517793529,"A&A Design Build Remodeling, Inc.",cc-by-sa 2.0
not_cilantro/openverse_6225951a-a943-4234-9967-13d016d1ba53.jpg,not_cilantro,openverse:flickr,https://live.staticflickr.com/2258/5781630360_6ecee2a179.jpg,https://www.flickr.com/photos/43321797@N06/5781630360,SodexoUSA,cc-by 2.0
not_cilantro/openverse_53d91cd9-89ca-47e7-89cb-118b05428cdc.jpg,not_cilantro,openverse:flickr,https://live.staticflickr.com/3156/2475213671_aa6eef5b8b_b.jpg,https://www.flickr.com/photos/10559879@N00/2475213671,avlxyz,cc-by-sa 2.0
not_cilantro/openverse_f0e88849-55e8-48ff-937e-70aa4db6642c.jpg,not_cilantro,openverse:flickr,https://live.staticflickr.com/28/53547521_4a06ba3397_b.jpg,https://www.flickr.com/photos/26913872@N00/53547521,vincelaconte,cc-by-sa 2.0
not_cilantro/openverse_a8583b32-41b5-48ce-87a6-a7d22d50850c.jpg,not_cilantro,openverse:flickr,https://live.staticflickr.com/4498/24215485258_9d80ca5032_b.jpg,https://www.flickr.com/photos/41284017@N08/24215485258,USDAgov,cc-pdm 1.0
not_cilantro/openverse_da1f8b5b-e3e5-4f57-a0a4-52fbcf13d790.jpg,not_cilantro,openverse:flickr,https://live.staticflickr.com/2390/2475214027_cfe66bb7ab_b.jpg,https://www.flickr.com/photos/10559879@N00/2475214027,avlxyz,cc-by-sa 2.0
not_cilantro/openverse_5df6212b-288f-4144-94d6-fc43baf9f00c.jpg,not_cilantro,openverse:flickr,https://live.staticflickr.com/2160/2212473677_ff01de20bc_b.jpg,https://www.flickr.com/photos/79865753@N00/2212473677,Kathleen Tyler Conklin,cc-by 2.0
not_cilantro/openverse_19081c1b-5834-40df-9db0-78cc2b3253a3.jpg,not_cilantro,openverse:flickr,https://live.staticflickr.com/2160/2475215415_bb3ed46f64_b.jpg,https://www.flickr.com/photos/10559879@N00/2475215415,avlxyz,cc-by-sa 2.0
not_cilantro/openverse_3eec063e-c632-40a9-aa9c-568533eaeec3.jpg,not_cilantro,openverse:flickr,https://live.staticflickr.com/2204/2528553979_79c641f6c2_b.jpg,https://www.flickr.com/photos/11615637@N05/2528553979,ghahnroyal,cc-by 2.0
not_cilantro/openverse_257d499f-4373-4295-857f-e0cfb2bc14d0.jpg,not_cilantro,openverse:flickr,https://live.staticflickr.com/2131/2505605279_19247b280a_b.jpg,https://www.flickr.com/photos/11615637@N05/2505605279,ghahnroyal,cc-by 2.0
not_cilantro/openverse_f9560747-ede9-44e4-9202-0d40a12ac728.jpg,not_cilantro,openverse:flickr,https://live.staticflickr.com/5048/5341086906_52c467d475.jpg,https://www.flickr.com/photos/34756977@N00/5341086906,Rochelle Hartman,cc-by 2.0
not_cilantro/openverse_c9e546ae-4709-4915-9cef-a77be322834b.jpg,not_cilantro,openverse:flickr,https://live.staticflickr.com/149/408251394_fa31df81bc.jpg,https://www.flickr.com/photos/41894183508@N01/408251394,mrbill,cc-by 2.0
not_cilantro/openverse_18e2bf7d-d738-467f-a9aa-74476f9266d5.jpg,not_cilantro,openverse:flickr,https://live.staticflickr.com/6109/6310398967_f9b5115813_b.jpg,https://www.flickr.com/photos/44312356@N04/6310398967,Instant Vantage,cc-by-sa 2.0
not_cilantro/openverse_f97dad52-4094-4411-9a2a-7977c59c449d.jpg,not_cilantro,openverse:flickr,https://live.staticflickr.com/7190/6791657060_f08e783600_b.jpg,https://www.flickr.com/photos/26223114@N02/6791657060,4nitsirk,cc-by-sa 2.0
not_cilantro/openverse_f906706a-9417-4d3c-ad99-8e6ceb8a0840.jpg,not_cilantro,openverse:flickr,https://live.staticflickr.com/7615/16804474915_97e370b588_b.jpg,https://www.flickr.com/photos/127365614@N08/16804474915,ProFlowers.com,cc-by 2.0
not_cilantro/openverse_765ac5f1-9750-4c81-86d2-f665c8e7bfed.jpg,not_cilantro,openverse:flickr,https://live.staticflickr.com/7171/6449650123_ce44ea7089_b.jpg,https://www.flickr.com/photos/38434991@N08/6449650123,Homini:),cc-by 2.0
not_cilantro/openverse_d1241d47-ff86-4f13-b8d2-ceaedb343152.jpg,not_cilantro,openverse:flickr,https://live.staticflickr.com/4470/38037043622_b698f4f4db_b.jpg,https://www.flickr.com/photos/41284017@N08/38037043622,USDAgov,cc-pdm 1.0
not_cilantro/app_20261002-073915_2a43430c.jpg,not_cilantro,app,,,own photo (app export),own
cilantro/app_20261005-132010_ababe567.jpg,cilantro,app,,,own photo (app export),own
